file_info,,,,,,,corrected_fluxes_and_quality_flags,,,,,,,,,,,,storage_fluxes,,,,,vertical_advection_fluxes,,,gas_densities_concentrations_and_timelags,,,,,,,,,,,,,,,air_properties,,,,,,,,,,,,,,unrotated_wind,,,rotated_wind,,,,,,rotation_angles_for_tilt_correction,,,turbulence,,,,,,footprint,,,,,,,,uncorrected_fluxes,,,,,,,,,,,,statistical_flags,,,,,,,,,,,,spikes,,,,,,,variances,,,,,,,covariances,,,
filename,date,time,DOY,daytime,file_records,used_records,Tau,qc_Tau,H,qc_H,LE,qc_LE,co2_flux,qc_co2_flux,h2o_flux,qc_h2o_flux,ch4_flux,qc_ch4_flux,H_strg,LE_strg,co2_strg,h2o_strg,ch4_strg,co2_v-adv,h2o_v-adv,ch4_v-adv,co2_molar_density,co2_mole_fraction,co2_mixing_ratio,co2_time_lag,co2_def_timelag,h2o_molar_density,h2o_mole_fraction,h2o_mixing_ratio,h2o_time_lag,h2o_def_timelag,ch4_molar_density,ch4_mole_fraction,ch4_mixing_ratio,ch4_time_lag,ch4_def_timelag,sonic_temperature,air_temperature,air_pressure,air_density,air_heat_capacity,air_molar_volume,ET,water_vapor_density,e,es,specific_humidity,RH,VPD,Tdew,u_unrot,v_unrot,w_unrot,u_rot,v_rot,w_rot,wind_speed,max_wind_speed,wind_dir,yaw,pitch,roll,u*,TKE,L,(z-d)/L,bowen_ratio,T*,model,x_peak,x_offset,x_10%,x_30%,x_50%,x_70%,x_90%,un_Tau,Tau_scf,un_H,H_scf,un_LE,LE_scf,un_co2_flux,co2_scf,un_h2o_flux,h2o_scf,un_ch4_flux,ch4_scf,spikes_hf,amplitude_resolution_hf,drop_out_hf,absolute_limits_hf,skewness_kurtosis_hf,skewness_kurtosis_sf,discontinuities_hf,discontinuities_sf,timelag_hf,timelag_sf,attack_angle_hf,non_steady_wind_hf,u_spikes,v_spikes,w_spikes,ts_spikes,co2_spikes,h2o_spikes,ch4_spikes,u_var,v_var,w_var,ts_var,co2_var,h2o_var,ch4_var,w/ts_cov,w/co2_cov,w/h2o_cov,w/ch4_cov
,[yyyy-mm-dd],[HH:MM],[ddd.ddd],[1=daytime],[#],[#],[kg+1m-1s-2],[#],[W+1m-2],[#],[W+1m-2],[#],[µmol+1s-1m-2],[#],[mmol+1s-1m-2],[#],[µmol+1s-1m-2],[#],[W+1m-2],[W+1m-2],[µmol+1s-1m-2],[mmol+1s-1m-2],[µmol+1s-1m-2],[µmol+1s-1m-2],[mmol+1s-1m-2],[µmol+1s-1m-2],[mmol+1m-3],[µmol+1mol_a-1],[µmol+1mol_d-1],[s],[1=default],[mmol+1m-3],[mmol+1mol_a-1],[mmol+1mol_d-1],[s],[1=default],[mmol+1m-3],[µmol+1mol_a-1],[µmol+1mol_d-1],[s],[1=default],[K],[K],[Pa],[kg+1m-3],[J+1kg-1K-1],[m+3mol-1],[mm+1hour-1],[kg+1m-3],[Pa],[Pa],[kg+1kg-1],[%],[Pa],[K],[m+1s-1],[m+1s-1],[m+1s-1],[m+1s-1],[m+1s-1],[m+1s-1],[m+1s-1],[m+1s-1],[deg_from_north],[deg],[deg],[deg],[m+1s-1],[m+2s-2],[m],[#],[#],[K],[0=KJ/1=KM/2=HS],[m],[m],[m],[m],[m],[m],[m],[kg+1m-1s-2],[#],[W+1m-2],[#],[W+1m-2],[#],[µmol+1s-1m-2],[#],[mmol+1s-1m-2],[#],[µmol+1s-1m-2],[#],8u/v/w/ts/co2/h2o/ch4/none,8u/v/w/ts/co2/h2o/ch4/none,8u/v/w/ts/co2/h2o/ch4/none,8u/v/w/ts/co2/h2o/ch4/none,8u/v/w/ts/co2/h2o/ch4/none,8u/v/w/ts/co2/h2o/ch4/none,8u/v/w/ts/co2/h2o/ch4/none,8u/v/w/ts/co2/h2o/ch4/none,8co2/h2o/ch4/none,8co2/h2o/ch4/none,8aa,8U,[#],[#],[#],[#],[#],[#],[#],[m+2s-2],[m+2s-2],[m+2s-2],[K+2],--,--,--,[m+1K+1s-1],--,--,--
B20151942330.slt,2015-07-14,00:00,195.0,1,36000,36000,-0.0289922,1,-32.234,1,9.67004,1,0.892386,1,0.217724,1,0.0375296,1,-3.37073,0.837923,0.136011,0.0188661,-0.000530766,-2.72535e-11,-6.85245e-13,-1.35622e-13,16.2836,388.012,391.834,4.4,0,409.424,9.75589,9.85201,4.25,0,0.0810325,1.93087,1.94989,4.3,0,288.878,288.093,100519.0,1.21107,1010.73,0.0238283,0.0141085,0.00737782,980.919,1693.94,0.00609199,57.9077,713.017,279.849,-2.5101,-0.585121,0.111618,2.57981,-4.03475e-14,-1.67368e-15,2.57981,4.16532,257.13,193.122,2.47974,-9999,0.154723,0.175188,10.0599,0.462669,-3.33339,-0.170199,0,-9999.0,-9999.0,-9999.0,-9999.0,-9999.0,-9999.0,-9999.0,-0.0282788,1.02523,-30.2989,1.05367,6.41447,1.50754,0.617905,1.44421,0.144424,1.50754,0.0255165,1.4708,800000009,800000009,800000009,800000009,800000009,800000009,800000019,800000019,80000,80000,80,80,0,0,0,0,0,0,0,0.154176,0.161103,0.0350963,0.131101,1.84406,0.0518377,0.000290273,-0.0247527,0.0147237,0.00344138,0.000608015
B20151950000.slt,2015-07-14,00:30,195.021,1,36000,36000,-0.00931548,1,-12.2061,1,3.42804,2,0.604178,4,0.0771373,2,0.0184541,2,-2.15912,0.172904,0.244675,0.00389068,0.00202392,2.78371e-11,6.98568e-13,1.39009e-13,16.4049,390.061,393.917,4.35,0,411.678,9.78848,9.88524,4.45,0,0.0819201,1.94782,1.96707,4.2,0,288.209,287.473,100519.0,1.21367,1010.73,0.0237771,0.0049985,0.00741843,984.195,1627.47,0.00611241,60.4741,643.271,279.897,-2.15345,-0.843083,0.105073,2.31499,6.30023e-14,1.69688e-15,2.31499,3.6236,248.41,201.381,2.60144,-9999,0.0876099,0.100604,4.82301,0.96504,-3.56067,-0.113577,0,-9999.0,-9999.0,-9999.0,-9999.0,-9999.0,-9999.0,-9999.0,-0.00897551,1.03788,-11.2392,1.07864,1.8597,1.84333,0.352406,1.71444,0.0418468,1.84333,0.0104889,1.75939,800000009,800000009,800000009,800000009,800000009,800100009,811100019,811110019,80000,80000,80,80,0,1,16,0,0,0,0,0.0546129,0.135861,0.0107344,0.239657,2.89497,0.057377,0.00033076,-0.00916223,0.00837918,0.000994993,0.000249396
B20151950030.slt,2015-07-14,01:00,195.042,1,36000,36000,-0.00566585,5,-5.43089,5,-1.25368,5,0.238823,5,-0.0281742,5,0.00685351,5,-4.64043,-2.33163,0.321738,-0.0523993,0.00243197,-9.89163e-12,-2.35529e-13,-4.95685e-14,16.5923,392.743,396.451,3.95,0,395.078,9.35158,9.43986,41.3,0,0.0831465,1.9681,1.98668,4.3,0,287.159,286.147,100507.0,1.21935,1010.46,0.0236702,-0.00182569,0.0071193,940.151,1492.88,0.00583863,62.9757,552.729,279.233,-1.82392,-0.854403,0.0877719,2.01604,5.24135e-15,-5.96158e-16,2.01604,3.06707,245.562,205.1,2.49527,-9999,0.0681662,0.0941708,5.10497,0.911739,4.33197,-0.0646625,0,-9999.0,-9999.0,-9999.0,-9999.0,-9999.0,-9999.0,-9999.0,-0.00548303,1.03334,-5.13493,1.06948,-0.694009,1.80643,0.142666,1.674,-0.0155966,1.80643,0.0040045,1.71145,800000009,800000009,800000009,800000009,800000009,800000009,801100019,811100019,80000,80000,80,80,0,0,3,0,0,0,0,0.140495,0.0422882,0.00555796,0.0913339,2.08297,0.046451,0.000547186,-0.00416761,0.00337695,-0.000369176,9.47874e-05
B20151950100.slt,2015-07-14,01:30,195.062,1,36000,36000,-0.0223921,5,8.72273,7,-7.19669,6,-2.7068,7,-0.161504,6,-0.123917,7,-5.19143,0.156195,0.759138,0.00350524,0.0367893,-5.46563e-11,-1.28486e-12,-3.11368e-13,16.9447,399.041,402.819,9.95,0,398.336,9.38066,9.46949,2.55,0,0.0965313,2.27328,2.2948,5.6,0,285.935,284.67,100500.0,1.22558,1010.45,0.0235496,-0.0104655,0.00717801,943.012,1354.67,0.00585684,69.6118,411.66,279.277,0.735264,-0.167787,0.00716792,0.7542,-7.16357e-15,-3.22557e-15,0.7542,2.60469,116.367,347.145,0.544547,-9999,0.135169,0.365143,-24.7803,-0.187827,-1.21205,0.0521096,0,-9999.0,-9999.0,-9999.0,-9999.0,-9999.0,-9999.0,-9999.0,-0.0223351,1.00255,8.29609,1.00721,-6.52779,1.10247,-2.4711,1.09538,-0.146493,1.10247,-0.113023,1.09639,800000009,800000009,800000009,800000009,800000009,800101019,801110019,811110019,80000,80000,80,81,0,0,10,3,29,0,0,0.554818,0.156784,0.0186828,1.27789,35.0052,0.0537062,0.0652818,0.00669912,-0.0581935,-0.00344986,-0.00266165
B20151950130.slt,2015-07-14,02:00,195.083,1,36000,36000,-0.00418131,5,2.99116,6,-1.0336,5,-0.179471,5,-0.0232026,5,-0.00955106,5,1.12348,-1.99377,-0.380827,-0.0447567,-0.0166352,8.9645e-11,2.04004e-12,4.83487e-13,16.7885,395.878,399.476,4.1,1,382.053,9.0089,9.0908,5.25,0,0.0905462,2.1351,2.15451,4.1,1,286.102,284.99,100483.0,1.22416,1010.25,0.0235803,-0.00150353,0.00688459,905.481,1383.63,0.00562394,65.4426,478.146,278.69,-0.0998275,-0.471993,0.0206125,0.482875,7.84554e-14,5.33967e-15,0.482875,1.28476,187.441,258.058,2.44653,-9999,0.0584437,0.0819581,-5.8401,-0.796973,-2.89393,0.0413841,0,-9999.0,-9999.0,-9999.0,-9999.0,-9999.0,-9999.0,-9999.0,-0.00417181,1.00228,2.91977,1.00643,-1.0172,1.01612,-0.177089,1.01345,-0.0228345,1.01612,-0.00941873,1.01405,800000009,800010009,800000009,800000009,800010019,800011019,811110019,811110019,80000,80000,80,81,0,0,2,0,37,0,7,0.0313633,0.129684,0.00286904,0.153617,4.22853,0.0473637,0.00895026,0.00236092,-0.00417581,-0.000538442,-0.000222096
B20151950200.slt,2015-07-14,02:30,195.104,1,36000,36000,-0.00241991,7,-3.6864,2,1.23639,1,0.405889,4,0.0277564,1,0.0203535,4,0.198889,-1.93482,-0.0654415,-0.0434359,-0.0102482,-1.22845e-10,-2.68726e-12,-6.36998e-13,16.7614,395.334,398.783,4.5,0,366.659,8.64803,8.72347,15.65,0,0.0869141,2.04996,2.06784,4.3,0,285.959,285.047,100478.0,1.22402,1010.06,0.023586,0.00179861,0.00660719,869.17,1388.81,0.00539792,62.5837,519.642,278.102,-0.538593,-0.682487,0.0267325,0.869819,-9.84033e-15,-7.32905e-15,0.869819,2.05477,212.453,231.721,1.76117,-9999,0.0444636,0.131139,2.08649,2.23073,-2.98158,-0.06706,0,-9999.0,-9999.0,-9999.0,-9999.0,-9999.0,-9999.0,-9999.0,-0.00232547,1.04061,-3.36887,1.08344,0.719774,1.71775,0.24867,1.63224,0.0161586,1.71775,0.0122813,1.65728,800000009,800010009,800000009,800000009,800000009,800000009,811100019,811110019,80000,80000,80,81,0,0,2,0,0,0,0,0.207466,0.050688,0.00412411,0.0528421,3.63524,0.0599569,0.00327017,-0.00272489,0.00586513,0.000381117,0.000289667
B20151950230.slt,2015-07-14,03:00,195.125,1,36000,36000,-0.00265318,1,-3.25669,4,-3.16468,4,0.876764,4,-0.0709891,4,0.0496238,4,-2.92169,-1.20868,0.69473,-0.0271128,0.0272854,-3.41907e-11,-7.18054e-13,-1.94015e-13,17.0562,401.089,404.496,4.6,0,358.205,8.42344,8.495,2.55,0,0.0967853,2.27598,2.29531,4.65,0,285.136,284.217,100485.0,1.22779,1009.91,0.0235157,-0.00460009,0.00645485,846.656,1314.57,0.00525729,64.4058,467.909,277.726,-1.10971,-0.995351,0.0494867,1.49152,-2.44438e-14,-2.00459e-15,1.49152,2.522,227.612,221.89,1.90135,-9999,0.0464859,0.0433043,2.69893,1.72454,1.02907,-0.0564998,0,-9999.0,-9999.0,-9999.0,-9999.0,-9999.0,-9999.0,-9999.0,-0.00254084,1.04421,-3.08717,1.09089,-1.57572,2.0084,0.478314,1.83303,-0.035346,2.0084,0.0264451,1.87649,800000009,800000009,800000009,800000009,800000009,800100019,801110019,811110019,80000,80000,80,80,0,0,6,0,0,0,0,0.0349619,0.047298,0.00434873,0.124938,6.17468,0.0527079,0.0173731,-0.00248973,0.0112479,-0.000831186,0.000621877
B20151950300.slt,2015-07-14,03:30,195.146,1,36000,36000,-0.00749338,5,-14.383,5,10.4562,5,4.9869,5,0.234503,5,0.291339,5,-0.751388,-2.71514,-0.0248619,-0.0608927,-0.00546311,6.59675e-12,1.30318e-13,3.67083e-14,17.0587,400.883,404.083,4.1,1,336.992,7.91937,7.98259,4.35,0,0.0949249,2.23075,2.24856,4.2,0,285.022,284.003,100476.0,1.22884,1009.63,0.0235002,0.0151958,0.0060726,795.92,1296.06,0.00494175,61.411,500.135,276.846,-1.44213,-1.05486,0.0746981,1.7883,-6.26071e-14,3.86709e-16,1.7883,2.89845,234.054,216.184,2.39396,-9999,0.0780894,0.0683543,2.89644,1.60694,-1.37554,-0.148457,0,-9999.0,-9999.0,-9999.0,-9999.0,-9999.0,-9999.0,-9999.0,-0.00717039,1.04504,-12.8884,1.09263,5.18817,2.0154,2.6783,1.86197,0.116356,2.0154,0.152406,1.9116,800000009,800000009,800000009,800000009,800000009,800100009,811110019,811110019,80000,80000,80,80,0,0,36,0,0,0,1,0.0618905,0.0679838,0.00683413,0.264396,17.5783,0.0857201,0.0447496,-0.0103882,0.0629406,0.00273438,0.00358156
B20151950330.slt,2015-07-14,04:00,195.167,1,36000,36000,-0.0111002,5,-16.4079,1,8.00874,1,-0.45388,4,0.179641,1,0.0610471,1,0.586659,-0.396033,-0.720578,-0.00888329,-0.0298637,1.93028e-10,3.8349e-12,9.69448e-13,16.7945,394.914,398.037,8.8,0,333.658,7.84579,7.90784,4.15,0,0.0843475,1.98339,1.99908,4.25,0,284.861,284.17,100474.0,1.22812,1009.6,0.0235145,0.0116408,0.00601251,788.507,1310.5,0.0048957,60.1686,521.989,276.713,-1.96548,-0.254846,0.0873768,1.98385,-3.838e-15,1.14935e-14,1.98385,3.6213,261.762,187.388,2.52435,-9999,0.0950704,0.159897,4.58153,1.01591,-2.04875,-0.139193,0,-9999.0,-9999.0,-9999.0,-9999.0,-9999.0,-9999.0,-9999.0,-0.0107254,1.03495,-15.0862,1.07266,4.18156,1.91525,-0.252323,1.79881,0.0937953,1.91525,0.0331707,1.84039,800000009,800000009,800000009,800000009,800000009,800100019,800000019,801000019,80000,80000,80,81,0,0,25,0,0,0,3,0.208505,0.0937376,0.0175517,0.0962029,2.44697,0.0420107,0.00214113,-0.0121672,-0.00593325,0.00220555,0.000779992
B20151950400.slt,2015-07-14,04:30,195.187,1,36000,36000,-0.0490896,1,-39.636,1,22.5775,1,-1.15779,1,0.506486,1,0.0464694,1,0.422159,0.0916753,-0.219368,0.00205658,-0.00705073,1.57764e-11,3.15565e-13,7.72557e-14,16.7078,393.096,396.212,4.15,0,334.195,7.86284,7.92515,4.25,0,0.0818166,1.92496,1.94021,4.2,0,284.859,284.29,100460.0,1.22742,1009.61,0.0235277,0.0328203,0.00602219,790.11,1320.98,0.00490636,59.8123,530.871,276.742,-2.60161,-0.405894,0.1098,2.63537,-2.18939e-14,9.44254e-16,2.63537,5.23589,261.022,188.868,2.38785,-9999,0.199985,0.271737,17.6518,0.263678,-1.75556,-0.159935,0,-9999.0,-9999.0,-9999.0,-9999.0,-9999.0,-9999.0,-9999.0,-0.0482056,1.01834,-37.2237,1.03997,16.5636,1.36308,-0.879416,1.31654,0.371575,1.36308,0.0348446,1.33362,800000009,800000009,800000009,800000009,800000009,800000009,800000019,800000019,80000,80000,80,80,0,0,0,0,0,0,0,0.311922,0.17353,0.0580208,0.129581,1.9223,0.0574968,0.000231067,-0.0300381,-0.0206906,0.00874231,0.000819815
B20151950430.slt,2015-07-14,05:00,195.208,1,36000,36000,-0.0312976,1,-21.7056,1,13.5349,1,-1.58896,1,0.303712,1,0.0303728,1,0.972399,1.25947,-0.209424,0.0282614,0.000225919,1.8527e-10,3.83326e-12,9.12164e-13,16.6176,391.359,394.554,4.05,0,343.821,8.09729,8.16339,4.15,0,0.0818158,1.92683,1.94256,4.2,0,284.891,284.567,100459.0,1.22611,1009.74,0.0235509,0.0196805,0.00619566,813.661,1345.44,0.00505311,60.4756,531.775,277.159,-2.15274,-0.362478,0.101462,2.1854,1.99131e-14,1.1149e-14,2.1854,5.25042,260.482,189.558,2.66104,-9999,0.159769,0.270287,16.4363,0.283179,-1.60368,-0.109734,0,-9999.0,-9999.0,-9999.0,-9999.0,-9999.0,-9999.0,-9999.0,-0.0307909,1.01646,-20.4214,1.03584,9.87735,1.3703,-1.19701,1.32744,0.22164,1.3703,0.022626,1.34239,800000009,800000009,800000009,800000009,800000009,800000009,800100019,811100019,80000,80000,80,81,0,0,2,0,0,0,0,0.382551,0.11086,0.0471624,0.0533398,2.63676,0.145906,0.00026527,-0.0164948,-0.0281906,0.00521981,0.000532862
B20151950500.slt,2015-07-14,05:30,195.229,1,36000,36000,-0.0179768,5,-7.68166,5,10.727,5,-2.67753,5,0.240883,5,0.0616007,5,2.68808,4.55705,-0.363031,0.102332,0.00768426,6.66963e-11,1.53687e-12,3.41905e-13,16.4469,388.339,391.846,4.1,1,378.982,8.94841,9.0292,4.15,0,0.0843117,1.99074,2.00872,4.15,0,285.297,285.333,100470.0,1.22255,1010.23,0.0236117,0.0156092,0.00682925,899.285,1415.3,0.00558605,63.5403,516.013,278.592,-1.32999,0.0824686,0.0684376,1.3343,1.63816e-14,4.05525e-15,1.3343,3.22597,272.748,176.452,2.94004,-9999,0.121261,0.157758,20.3104,0.229163,-0.716104,-0.0512913,0,-9999.0,-9999.0,-9999.0,-9999.0,-9999.0,-9999.0,-9999.0,-0.0177901,1.0105,-7.04322,1.02318,8.14501,1.31701,-2.07766,1.28872,0.182902,1.31701,0.0475196,1.29632,800000009,800010009,800000009,800000009,800000009,800100019,801110019,811110019,80000,80000,80,81,0,0,1,0,0,0,0,0.202813,0.0962544,0.0164481,0.0432948,4.01826,0.108399,0.00200113,-0.00570276,-0.0490571,0.00431863,0.00112202
B20151950530.slt,2015-07-14,06:00,195.25,1,36000,36000,-0.0271677,1,-4.86843,1,17.323,1,-2.9666,1,0.389159,1,0.0508216,1,1.49397,1.15444,-0.0588389,0.0259344,-0.00140092,-4.15445e-12,-9.81644e-14,-2.11988e-14,16.4035,387.849,391.437,4.0,0,387.594,9.16441,9.24917,4.35,0,0.0837018,1.97908,1.99738,4.1,1,285.704,285.76,100481.0,1.22077,1010.35,0.0236444,0.0252175,0.00698444,921.096,1455.54,0.00572136,63.282,534.447,278.937,-1.80832,0.0777181,0.0777801,1.81166,-2.16039e-14,-2.53266e-16,1.81166,3.56765,272.413,177.539,2.46063,-9999,0.14918,0.147831,59.6758,0.0779947,-0.281039,-0.0264589,0,-9999.0,-9999.0,-9999.0,-9999.0,-9999.0,-9999.0,-9999.0,-0.0269552,1.00788,-3.93521,1.01833,14.3815,1.20453,-2.50122,1.18606,0.323078,1.20453,0.0426662,1.19114,800000009,800010009,800000009,800000009,800000009,800000009,800010019,800010019,80000,80000,80,80,0,0,3,0,0,0,0,0.164655,0.100464,0.0305425,0.0137532,2.83815,0.0644251,0.000553929,-0.00319052,-0.0591397,0.00763897,0.00100882
B20151950600.slt,2015-07-14,06:30,195.271,1,36000,36000,-0.00908974,1,0.630071,7,16.5416,1,-3.02845,1,0.371817,1,0.0339868,2,2.07337,1.3512,0.107804,0.0303719,-0.000529521,1.29379e-10,3.13436e-12,6.57182e-13,16.4075,388.749,392.445,4.2,0,397.491,9.41789,9.50743,4.25,0,0.0833421,1.97466,1.99343,3.95,0,286.225,286.353,100481.0,1.21812,1010.51,0.0236934,0.0240938,0.00716278,946.576,1513.18,0.00588018,62.5554,566.603,279.332,-1.38382,0.0696578,0.0342683,1.386,3.95332e-14,7.88536e-15,1.386,2.50912,272.565,177.118,1.41676,-9999,0.0863833,0.0842464,-89.533,-0.0519853,0.0380901,0.00592557,0,-9999.0,-9999.0,-9999.0,-9999.0,-9999.0,-9999.0,-9999.0,-0.00905811,1.00349,1.51602,1.00977,14.854,1.11361,-2.73516,1.10723,0.333883,1.11361,0.0306435,1.1091,800000009,800010009,800000009,800000009,800000009,800010009,800010019,810110019,80000,80000,80,80,0,0,0,0,0,0,0,0.0826994,0.0685927,0.0172014,0.0469355,3.17029,0.100003,0.000405157,0.00123161,-0.064805,0.00791082,0.000726048
B20151950630.slt,2015-07-14,07:00,195.292,1,36000,36000,-0.0346786,5,33.0619,1,57.8861,1,-7.09378,1,1.30189,1,0.0490433,1,2.0806,1.7109,-0.191543,0.038479,-0.000401027,7.02258e-11,1.76672e-12,3.5758e-13,16.3042,387.147,390.955,4.0,0,410.176,9.73974,9.83554,4.25,0,0.0830187,1.9713,1.99069,4.1,1,286.915,286.95,100471.0,1.21531,1010.7,0.0237453,0.0843626,0.00739138,978.821,1573.15,0.00608187,62.2203,594.333,279.818,-1.13743,-0.219313,0.0891344,1.16181,-2.49952e-14,4.30722e-15,1.16181,2.55237,260.681,190.914,4.40008,-9999,0.168922,0.170062,-12.7588,-0.3648,0.571154,0.159343,0,-9999.0,-9999.0,-9999.0,-9999.0,-9999.0,-9999.0,-9999.0,-0.0345707,1.00312,36.0091,1.00878,52.1062,1.11093,-6.41544,1.10574,1.1719,1.11093,0.0442907,1.1073,800000009,800010009,800000009,800000009,800000009,800000009,800010019,810110019,80000,80000,80,81,0,0,0,0,0,0,0,0.148324,0.157717,0.0340842,0.0850387,4.24434,0.108514,0.000265019,0.029316,-0.152336,0.0278271,0.00105169
B20151950700.slt,2015-07-14,07:30,195.312,1,36000,36000,-0.0129518,1,30.9292,1,41.8397,1,-6.52743,1,0.941602,1,0.00630389,2,2.31925,2.78008,0.102327,0.0625657,0.00217957,-1.6898e-10,-4.47021e-12,-8.66478e-13,16.3004,388.005,392.029,4.1,1,431.213,10.2643,10.3708,4.0,0,0.0835836,1.98958,2.01021,4.25,0,287.437,287.617,100458.0,1.2121,1011.01,0.0238034,0.0610158,0.00777045,1031.41,1642.63,0.00641072,62.7904,611.214,280.581,-0.614099,-0.284597,0.0482736,0.67856,-7.23129e-14,-1.03666e-14,0.67856,1.79036,246.251,204.865,4.07954,-9999,0.10337,0.133879,-3.12537,-1.48923,0.73923,0.244164,0,-9999.0,-9999.0,-9999.0,-9999.0,-9999.0,-9999.0,-9999.0,-0.01292,1.00246,33.1082,1.00697,38.0136,1.10065,-5.94761,1.09749,0.855496,1.10065,0.00573917,1.0984,800000009,800000009,800000009,800000009,800000009,800000009,800110019,810110019,80000,80000,80,81,0,0,0,0,0,0,0,0.113102,0.122233,0.0324241,0.0687625,3.28356,0.0794558,0.000156183,0.0270175,-0.141574,0.0203637,0.000136612
B20151950730.slt,2015-07-14,08:00,195.333,1,36000,36000,-0.0270626,4,49.5585,1,51.4578,1,-5.67786,1,1.1588,1,0.00937102,4,2.30246,1.54708,-0.107016,0.0348393,0.00101735,3.51779e-10,9.59369e-12,1.81578e-12,16.225,387.106,391.236,4.05,0,442.487,10.5571,10.6698,4.1,0,0.0837486,1.99813,2.01945,2.55,0,288.117,288.28,100457.0,1.20916,1011.18,0.0238586,0.0750899,0.00797361,1060.82,1714.41,0.00659433,61.8767,653.59,280.993,0.0460778,-0.43595,0.0623294,0.442787,4.8159e-14,2.16813e-14,0.442787,1.86169,184.045,276.033,8.09218,-9999,0.149604,0.32794,-5.91314,-0.787128,0.96309,0.270934,0,-9999.0,-9999.0,-9999.0,-9999.0,-9999.0,-9999.0,-9999.0,-0.0270019,1.00225,52.4973,1.00634,50.9913,1.00915,-5.63616,1.0074,1.14829,1.00915,0.00929717,1.00794,800000009,800000009,800000009,800000009,800000009,800000009,800000019,811100019,80000,80000,81,81,0,0,1,0,0,0,0,0.249421,0.361907,0.044551,0.169872,3.01984,0.0902702,0.00010705,0.0429363,-0.134471,0.0273967,0.000221818
B20151950800.slt,2015-07-14,08:30,195.354,1,36000,36000,0.0124828,1,80.6514,1,71.7205,1,-6.78615,1,1.61603,1,-0.004404,7,2.0665,1.99158,-0.161218,0.0448747,0.00157121,-1.52342e-11,-4.31856e-13,-7.94337e-14,16.1313,385.748,390.012,3.8,0,457.288,10.9351,11.056,4.1,0,0.0841116,2.01136,2.0336,6.95,0,288.864,288.877,100436.0,1.20624,1011.4,0.023913,0.104719,0.00824033,1098.57,1781.32,0.00683142,61.6719,682.744,281.507,0.520517,-0.339452,0.0328442,0.62229,9.95763e-14,-9.44385e-16,0.62229,2.79966,115.707,326.89,3.02545,-9999,0.101728,0.275716,-1.14231,-4.07453,1.12452,0.649852,0,-9999.0,-9999.0,-9999.0,-9999.0,-9999.0,-9999.0,-9999.0,0.0124529,1.0024,84.3507,1.0068,65.2895,1.0985,-6.19249,1.09587,1.47112,1.0985,-0.00401568,1.0967,800000009,800000009,800000009,800000009,800000009,800010009,800000019,800010019,80000,80000,81,81,0,0,0,0,0,0,0,0.206007,0.288344,0.0570813,0.209481,2.83943,0.0989581,0.000108847,0.0691405,-0.148081,0.0351789,-9.6027e-05
B20151950830.slt,2015-07-14,09:00,195.375,1,36000,36000,-0.0148654,2,99.1812,2,84.8222,2,-6.84916,2,1.91259,2,0.00309648,4,2.53287,-0.673719,-0.136993,-0.0151911,-0.00130727,-2.31623e-10,-6.50848e-12,-1.2047e-12,16.0389,384.59,388.792,3.65,0,450.685,10.8068,10.9249,4.2,0,0.0834208,2.00032,2.02217,4.1,1,289.561,289.61,100415.0,1.203,1011.34,0.0239787,0.123936,0.00812134,1085.46,1866.68,0.00675093,58.1492,781.221,281.331,0.696955,-0.298597,0.00263583,0.758231,7.5308e-14,-1.44413e-14,0.758231,2.83028,111.356,336.808,0.199177,-9999,0.111162,0.265972,-1.21184,-3.84077,1.16928,0.733351,0,-9999.0,-9999.0,-9999.0,-9999.0,-9999.0,-9999.0,-9999.0,-0.0148275,1.00256,103.498,1.00722,76.9866,1.10178,-6.23039,1.09931,1.73591,1.10178,0.00281413,1.10033,800000009,800000009,800000009,800000009,800000009,800010009,800000019,800000019,80000,80000,81,81,0,0,0,0,0,0,0,0.333899,0.135771,0.0622732,0.346406,3.02068,0.116996,0.000158964,0.0850688,-0.149396,0.0416247,6.7479e-05
B20151950900.slt,2015-07-14,09:30,195.396,1,36000,36000,-0.0308248,1,101.825,1,103.913,1,-7.96997,1,2.34503,1,0.0150133,4,3.01824,-2.39825,-0.159826,-0.0541219,-0.00433164,8.03572e-11,2.16983e-12,4.11734e-13,15.9321,383.236,387.244,3.8,0,430.204,10.3482,10.4564,4.2,0,0.0816328,1.96362,1.98415,3.15,0,290.278,290.487,100402.0,1.19942,1011.11,0.0240543,0.151958,0.00775227,1039.27,1973.42,0.00646333,52.6633,934.152,280.692,0.485498,-0.921146,0.0398942,1.04202,-7.57659e-14,5.04373e-15,1.04202,3.26265,159.653,297.792,2.19412,-9999,0.160311,0.410412,-3.53984,-1.31486,0.979901,0.523743,0,-9999.0,-9999.0,-9999.0,-9999.0,-9999.0,-9999.0,-9999.0,-0.0307345,1.00294,107.432,1.00828,100.035,1.03877,-7.69013,1.03639,2.25751,1.03877,0.0144677,1.03771,800000009,800000009,800000009,800000009,800000009,800000009,800000019,810000019,80000,80000,80,80,0,0,0,0,0,0,0,0.329386,0.421088,0.0703491,0.301023,2.99712,0.1712,0.000290784,0.0885853,-0.18498,0.0543027,0.00034801
B20151950930.slt,2015-07-14,10:00,195.417,1,36000,36000,-0.061879,1,99.7399,2,123.425,2,-8.17494,2,2.78676,2,0.0381176,4,1.77526,-4.94566,0.0541762,-0.111666,-0.00546519,-8.50432e-11,-2.08351e-12,-4.24938e-13,15.9217,383.696,387.337,4.0,0,390.073,9.40033,9.48953,4.0,0,0.0795565,1.91722,1.93542,3.65,0,290.693,291.003,100395.0,1.19763,1010.6,0.0240989,0.180582,0.00702911,943.996,2038.8,0.00586917,46.3016,1094.8,279.292,-0.368399,-1.23857,0.0304069,1.29256,3.27721e-13,-5.34134e-15,1.29256,3.50695,195.805,253.436,1.34799,-9999,0.227306,0.519178,-10.2996,-0.451903,0.808101,0.362542,0,49.0112,-7.43763,16.8239,41.894,63.891,89.608,134.249,-0.0616734,1.00333,106.431,1.00935,119.69,1.03121,-7.94727,1.02865,2.70241,1.03121,0.0369977,1.03027,800000009,800000009,800000009,800000009,800000009,800000009,800000019,800100019,80000,80000,80,81,0,0,0,0,0,0,0,0.484345,0.482914,0.0710974,0.310933,3.12699,0.287302,0.000328635,0.0879355,-0.191521,0.0651251,0.000891605
B20151951000.slt,2015-07-14,10:30,195.437,1,36000,36000,-0.0607119,1,135.69,1,147.05,1,-9.76516,1,3.3229,1,0.0125059,4,2.92297,-0.411269,-0.132661,-0.00929349,-0.00284882,-1.50302e-10,-3.66209e-12,-7.43706e-13,15.8256,382.567,386.166,3.9,0,385.59,9.32119,9.40889,4.0,0,0.0783064,1.89297,1.91078,3.05,0,291.227,291.857,100377.0,1.19396,1010.57,0.0241738,0.215324,0.00694834,935.884,2150.94,0.00581959,43.5104,1215.06,279.167,-0.47741,-0.321145,0.0539894,0.577901,1.42458e-13,-9.49738e-15,0.577901,3.90249,242.636,213.928,5.36058,-9999,0.225498,0.711659,-7.39069,-0.629766,0.922743,0.498711,0,43.4946,-6.60048,14.9303,37.1785,56.6996,79.522,119.138,-0.060569,1.00236,143.419,1.00667,134.213,1.09565,-8.92276,1.09441,3.03282,1.09565,0.011419,1.09518,800000009,800000009,800000009,800000009,800000009,800000009,800000019,800000019,80000,80000,81,81,0,0,0,0,0,0,0,0.539891,0.789024,0.0944032,0.406448,3.18601,0.21325,0.000110195,0.118864,-0.215697,0.0733148,0.000276041
B20151951030.slt,2015-07-14,11:00,195.458,1,36000,36000,-0.100363,1,127.442,1,136.904,1,-8.90433,1,3.0946,1,0.0221759,1,1.10636,0.838939,-0.0622469,0.0189635,0.000986085,-3.17789e-11,-7.8881e-13,-1.58161e-13,15.7865,382.036,385.693,3.9,0,391.85,9.48285,9.57363,4.05,0,0.0785684,1.90137,1.91958,3.95,0,291.723,292.18,100379.0,1.19258,1010.67,0.0242002,0.20053,0.00706113,952.131,2194.83,0.00592088,43.3807,1242.7,279.416,0.500597,-1.82485,0.0418364,1.89273,2.48362e-13,-2.01304e-15,1.89273,5.47834,169.036,285.34,1.26655,-9999,0.290097,1.16195,-16.755,-0.277792,0.930886,0.364477,0,50.846,-7.71607,17.4538,43.4624,66.2829,92.9626,139.275,-0.0999203,1.00443,134.493,1.01225,133.666,1.02422,-8.72596,1.02044,3.0214,1.02422,0.0216816,1.0228,800000009,800000009,800000009,800000009,800000009,800000009,800000019,800000019,80000,80000,80,81,0,0,0,0,0,0,0,0.994707,1.22368,0.105521,0.37336,3.05082,0.222475,0.000119467,0.111584,-0.21117,0.0731185,0.000524699
B20151951100.slt,2015-07-14,11:30,195.479,1,36000,36000,-0.0356273,1,145.459,1,136.515,1,-8.3712,1,3.08711,1,0.0174405,1,1.50304,-1.16297,0.0796732,-0.0262992,-0.00019984,3.2568e-11,7.87854e-13,1.61656e-13,15.7885,382.716,386.293,4.1,1,381.94,9.25829,9.3448,4.05,0,0.0783684,1.89967,1.91742,2.15,0,292.034,292.62,100364.0,1.19072,1010.56,0.0242402,0.200044,0.00688255,929.448,2255.8,0.00578017,41.2025,1326.35,279.067,0.614726,-1.28916,0.0173467,1.42833,1.62157e-13,2.06277e-15,1.42833,4.97132,153.521,295.494,0.69586,-9999,0.172977,0.75591,-3.11165,-1.4958,1.06552,0.698848,0,-9999.0,-9999.0,-9999.0,-9999.0,-9999.0,-9999.0,-9999.0,-0.0355007,1.00357,152.447,1.00997,130.012,1.05002,-7.99579,1.04695,2.94005,1.05002,0.0166294,1.04878,800000009,800000009,800000009,800000009,800000009,800000009,800000019,800000019,80000,80000,81,81,0,0,0,0,0,0,0,0.700388,0.707932,0.103501,0.409841,2.76484,0.192889,9.44428e-05,0.126692,-0.19382,0.0712674,0.000403099
B20151951130.slt,2015-07-14,12:00,195.5,1,36000,36000,0.0301883,5,141.041,1,159.355,1,-8.88656,1,3.60431,1,0.0221491,2,0.694009,-0.0138911,0.0232451,-0.000314191,-0.000266472,1.83987e-10,4.44721e-12,9.11674e-13,15.7835,382.915,386.492,3.8,0,381.509,9.2556,9.34207,4.0,0,0.078209,1.89739,1.91511,3.95,0,292.354,292.823,100350.0,1.18972,1010.57,0.0242605,0.233559,0.00687479,929.046,2284.48,0.00577849,40.6677,1355.43,279.061,0.900846,-1.37549,-0.0211381,1.64437,5.12287e-14,1.16569e-14,1.64437,4.87534,142.607,303.222,-0.736548,-9999,0.159293,1.03873,-2.50595,-1.85734,0.885078,0.736445,0,-9999.0,-9999.0,-9999.0,-9999.0,-9999.0,-9999.0,-9999.0,0.0300693,1.00396,149.11,1.011,149.214,1.06796,-8.34952,1.06432,3.37495,1.06796,0.0207689,1.06646,800000009,800000009,800000009,800000009,800000009,800010009,800000019,800100019,80000,80000,80,80,0,0,0,0,0,0,0,0.96381,1.01097,0.10267,0.424957,2.82237,0.222936,0.000102629,0.124022,-0.202564,0.0818779,0.000503865
B20151951200.slt,2015-07-14,12:30,195.521,1,36000,36000,-0.0821663,1,202.835,1,191.078,1,-10.3119,1,4.32559,1,0.0213545,1,3.05079,-0.808662,-0.00392572,-0.0183063,-0.000435271,7.0249e-11,1.66938e-12,3.47439e-13,15.7322,382.881,386.397,3.95,0,373.856,9.09867,9.18221,3.9,0,0.0778086,1.89366,1.91104,4.0,0,293.258,293.72,100339.0,1.18603,1010.5,0.0243374,0.280298,0.00673688,913.196,2414.77,0.00568017,37.8171,1501.58,278.813,0.932961,-1.45113,0.0844278,1.72723,9.79158e-14,4.4653e-15,1.72723,6.88821,144.117,302.738,2.80176,-9999,0.263208,1.3211,-7.86038,-0.592134,1.06153,0.643004,0,41.5709,-6.30854,14.2699,35.5342,54.1918,76.0048,113.869,-0.0818298,1.00411,212.209,1.01141,179.19,1.06634,-9.7091,1.06209,4.05646,1.06634,0.0200638,1.06433,800000009,800000009,800000009,800100009,800000009,800110009,800000019,801000019,80000,80000,80,81,0,0,3,0,0,0,0,1.19327,1.30515,0.143766,0.689544,3.64596,0.432004,0.00011298,0.177064,-0.236294,0.0987236,0.0004883
B20151951230.slt,2015-07-14,13:00,195.542,1,36000,36000,-0.139861,2,138.954,1,151.269,1,-7.75973,1,3.42562,1,0.0233727,1,1.26814,-4.32123,0.204097,-0.0978585,-0.000514558,-3.04103e-10,-6.52941e-12,-1.49369e-12,15.7805,384.633,387.836,4.1,1,338.824,8.25848,8.32725,4.05,0,0.0775105,1.88924,1.90497,3.9,0,293.49,294.093,100316.0,1.18463,1010.05,0.024374,0.22198,0.0061056,828.677,2470.91,0.00515401,33.5373,1642.23,277.42,-0.0901467,-2.282,0.0686786,2.28482,-1.872e-13,-1.92708e-14,2.28482,7.41121,188.676,267.738,1.7225,-9999,0.343602,1.55359,-25.5189,-0.18239,0.918589,0.337979,0,54.3918,-8.25416,18.6709,46.4933,70.9052,99.4455,148.988,-0.139132,1.00524,146.496,1.01432,147.802,1.02345,-7.63309,1.01659,3.34713,1.02345,0.0229273,1.01943,800000009,800000009,800000009,800000009,800000009,800000009,800000019,810000019,80000,80000,80,80,0,0,0,0,0,0,0,1.5004,1.48179,0.124976,0.42114,2.67068,0.24078,0.000117942,0.122434,-0.186049,0.0815828,0.00055883
B20151951300.slt,2015-07-14,13:30,195.562,1,36000,36000,-0.0859247,1,146.567,1,164.882,1,-7.90199,1,3.73387,1,0.0299024,1,-0.0339607,-1.14124,0.0574965,-0.0258442,-0.000570554,5.09504e-11,1.06319e-12,2.49288e-13,15.7979,385.127,388.247,3.85,0,329.658,8.03655,8.10165,4.0,0,0.0772954,1.88434,1.89961,3.9,0,293.562,294.083,100294.0,1.18451,1009.93,0.0243784,0.241955,0.00594044,806.233,2469.39,0.00501509,32.6491,1663.16,277.029,1.88126,-2.18904,0.0487781,2.88677,-2.48463e-13,3.22514e-15,2.88677,6.22612,137.951,310.676,0.96818,-9999,0.269332,0.793969,-11.6496,-0.399534,0.888922,0.454903,0,46.9105,-7.11885,16.1029,40.0984,61.1526,85.7673,128.495,-0.0853641,1.00657,153.823,1.01767,152.459,1.08148,-7.37289,1.07176,3.45255,1.08148,0.0278023,1.07554,800000009,800000009,800000009,800000009,800000009,800000009,800000019,800000019,80000,80000,80,80,0,0,0,0,0,0,0,0.766744,0.710182,0.111013,0.414812,2.62502,0.243693,9.94847e-05,0.128586,-0.179739,0.0841676,0.000677775
B20151951330.slt,2015-07-14,14:00,195.583,1,36000,36000,-0.0620431,1,152.585,1,166.722,1,-7.74626,1,3.77701,1,0.0254153,1,1.35641,0.205653,-0.0246603,0.00465896,4.61167e-05,-1.48908e-10,-3.12451e-12,-7.29125e-13,15.7655,384.915,388.049,3.9,0,330.805,8.07661,8.14238,4.0,0,0.0771956,1.88474,1.90008,3.85,0,293.931,294.483,100280.0,1.18272,1009.95,0.0244151,0.24475,0.0059611,810.137,2530.77,0.00504017,32.0115,1720.63,277.098,1.91269,-1.77434,0.0502375,2.60944,-1.06254e-14,-9.44516e-15,2.60944,5.62236,133.532,317.149,1.10314,-9999,0.229037,0.763031,-6.88099,-0.676414,0.915206,0.557728,0,40.1121,-6.08716,13.7692,34.2872,52.2901,73.3377,109.873,-0.0616766,1.00594,160.059,1.0161,153.396,1.08687,-7.18832,1.07762,3.47512,1.08687,0.0235099,1.08105,800000009,800000009,800000009,800000009,800000009,800000009,800000019,800000019,80000,80000,80,80,0,0,0,0,0,0,0,0.734206,0.673043,0.118814,0.483823,2.68124,0.258697,0.000103981,0.133998,-0.175503,0.0848452,0.000573995
B20151951400.slt,2015-07-14,14:30,195.604,1,36000,36000,-0.0630056,1,121.299,1,160.872,1,-8.1779,1,3.64445,1,0.0213326,1,-0.0226015,-0.243924,-0.0120131,-0.00552595,-5.5396e-06,2.32259e-10,4.84608e-12,1.13753e-12,15.7576,384.812,387.927,3.95,0,328.782,8.02908,8.09407,4.05,0,0.0771759,1.88469,1.89994,3.6,0,293.981,294.477,100254.0,1.18247,1009.93,0.0244207,0.236161,0.00592465,805.166,2529.73,0.00501041,31.8281,1724.57,277.01,1.01038,-1.9271,0.0613714,2.17678,2.27903e-13,1.47395e-14,2.17678,4.97237,152.029,297.668,1.6156,-9999,0.230831,0.702291,-8.8591,-0.525381,0.75401,0.44003,0,43.5492,-6.60876,14.949,37.2252,56.7708,79.6219,119.288,-0.0626915,1.00501,129.39,1.01374,152.133,1.05744,-7.78986,1.04981,3.44648,1.05744,0.0202665,1.0526,800000009,800000009,800000009,800000009,800000009,800000009,800000019,800000019,80000,80000,80,81,0,0,0,0,0,0,0,0.581277,0.724953,0.0983519,0.366596,2.90955,0.277309,0.000113555,0.108348,-0.190234,0.0841653,0.000494922
B20151951430.slt,2015-07-14,15:00,195.625,1,36000,36000,-0.0338667,1,142.62,1,168.249,1,-7.70247,1,3.81367,1,0.0206399,1,1.92845,0.290783,-0.00783227,0.00659113,-0.000171601,-1.38463e-10,-2.90998e-12,-6.77738e-13,15.722,384.744,387.881,4.15,0,330.418,8.08589,8.15181,4.05,0,0.0769546,1.88321,1.89856,3.3,0,294.312,295.047,100239.0,1.17998,1009.97,0.0244717,0.247126,0.00595414,810.739,2619.47,0.00504598,30.9505,1808.73,277.108,1.17621,-1.62169,0.0351486,2.00364,6.86623e-14,-8.80698e-15,2.00364,5.15333,144.097,305.953,1.00515,-9999,0.169414,0.859738,-2.97847,-1.56268,0.847675,0.706394,0,-9999.0,-9999.0,-9999.0,-9999.0,-9999.0,-9999.0,-9999.0,-0.0337098,1.00466,150.941,1.01282,157.26,1.06988,-7.25095,1.06227,3.5646,1.06988,0.0193826,1.06487,800000009,800000009,800000009,800000009,800000009,800000009,800000019,800000019,80000,80000,80,80,0,0,0,0,0,0,0,0.807865,0.806316,0.105295,0.445989,2.68881,0.27749,9.93925e-05,0.126655,-0.177443,0.0872317,0.000474324
B20151951500.slt,2015-07-14,15:30,195.646,1,36000,35738,-0.0754215,1,144.867,1,174.436,1,-7.60853,1,3.95469,1,0.0212382,1,0.687313,-0.161207,0.00858148,-0.00365478,4.36018e-05,-1.36156e-11,-2.84979e-13,-6.66451e-14,15.711,384.818,387.943,4.0,0,328.836,8.05436,8.11976,4.05,0,0.0769014,1.88359,1.89888,3.25,0,294.527,295.25,100219.0,1.17894,1009.97,0.0244935,0.256264,0.00592563,807.414,2652.14,0.00502624,30.4438,1844.73,277.05,1.32624,-1.47383,0.0474173,1.98327,-5.68184e-14,-8.6663e-16,1.98327,4.60626,136.794,311.983,1.37,-9999,0.252931,0.930839,-9.75662,-0.47705,0.830485,0.481026,0,46.0877,-6.99398,15.8204,39.3951,60.0799,84.263,126.241,-0.0750751,1.00461,153.444,1.01271,161.396,1.0808,-7.09172,1.07287,3.65905,1.0808,0.0197478,1.07547,800000009,800000009,800000009,800001019,800000009,800000009,800000019,800000019,80000,80000,80,81,0,0,0,2,0,2,0,0.695252,1.06389,0.102531,0.434232,2.62573,0.276867,9.41736e-05,0.128871,-0.173701,0.0896231,0.000483693
B20151951530.slt,2015-07-14,16:00,195.667,1,36000,36000,-0.064824,2,113.751,1,136.05,1,-5.93545,1,3.08555,1,0.00933098,1,1.2489,-0.666407,0.0250163,-0.0151137,1.76099e-05,-9.88602e-11,-2.03448e-12,-4.83662e-13,15.6977,385.034,388.11,4.15,0,323.049,7.92378,7.98707,4.1,0,0.0767991,1.88374,1.89878,3.5,0,294.782,295.62,100203.0,1.17733,1009.9,0.0245281,0.199944,0.00582133,794.197,2712.52,0.0049445,29.2789,1918.32,276.815,0.915649,-1.33449,0.0680914,1.61985,1.48009e-13,-6.29775e-15,1.61985,4.38071,149.274,304.456,2.40917,-9999,0.234648,0.919345,-9.91985,-0.469201,0.836094,0.407717,0,45.5403,-6.91091,15.6325,38.9271,59.3664,83.2622,124.742,-0.0645715,1.00391,120.788,1.01088,128.23,1.06099,-5.63149,1.05397,2.90819,1.06099,0.00883567,1.05606,800000009,800000009,800000009,800000009,800000009,800000009,800000019,810000019,80000,80000,80,81,0,0,0,0,0,0,0,1.10622,0.641478,0.0909843,0.375881,2.39959,0.22872,9.75962e-05,0.101589,-0.13813,0.0713325,0.000216722
B20151951600.slt,2015-07-14,16:30,195.687,1,36000,36000,-0.0466024,1,108.779,1,142.667,1,-6.50486,1,3.23591,1,0.0261024,1,0.326163,0.632589,-0.0301923,0.0143481,0.0002959,-1.1372e-10,-2.37855e-12,-5.57499e-13,15.6805,384.774,387.895,3.95,0,327.969,8.0478,8.11309,4.1,0,0.0768715,1.8863,1.9016,4.35,0,294.919,295.717,100194.0,1.17679,1009.98,0.0245383,0.209687,0.00591,806.557,2728.49,0.00502213,29.5606,1921.93,277.035,1.00312,-1.94499,0.0400211,2.1888,6.92922e-14,-7.25235e-15,2.1888,4.95068,152.618,297.282,1.04768,-9999,0.199,0.774482,-6.32716,-0.735622,0.762467,0.459918,0,-9999.0,-9999.0,-9999.0,-9999.0,-9999.0,-9999.0,-9999.0,-0.0463689,1.00504,115.967,1.0138,134.839,1.05805,-6.20188,1.04885,3.05836,1.05805,0.0248203,1.05165,800000009,800000009,800000009,800000009,800000009,800000009,800000019,800000119,80000,80000,80,80,0,0,0,0,0,0,0,0.709633,0.749428,0.089904,0.315518,2.40625,0.243355,0.000108308,0.0975722,-0.152184,0.0750468,0.000609048
B20151951630.slt,2015-07-14,17:00,195.708,1,36000,36000,-0.0750949,1,84.4056,1,126.39,1,-5.95149,1,2.86679,1,0.0308032,1,0.089959,1.48638,-0.0560991,0.0337142,0.000739885,1.08938e-11,2.364e-13,5.36537e-14,15.6571,384.288,387.52,3.9,0,339.767,8.33928,8.40941,4.05,0,0.077114,1.89269,1.90861,3.75,0,295.045,295.743,100179.0,1.17638,1010.13,0.0245441,0.185768,0.00612261,835.648,2732.91,0.0052046,30.5772,1897.26,277.539,1.6171,-2.10551,0.0806661,2.65606,4.53225e-15,6.95771e-16,2.65606,5.42569,142.814,307.525,1.74037,-9999,0.252656,0.84878,-16.6873,-0.278919,0.66782,0.281135,0,48.5136,-7.36212,16.6531,41.4687,63.2423,88.6983,132.886,-0.0746436,1.00605,90.5917,1.01636,117.575,1.07497,-5.59053,1.06457,2.66686,1.07497,0.0288415,1.06802,800000009,800000009,800000009,800000009,800000009,800000009,800000019,800000019,80000,80000,80,80,0,0,0,0,0,0,0,0.598867,1.00882,0.0898668,0.249936,2.71096,0.29597,0.000137082,0.0762361,-0.137214,0.0654557,0.000707889
B20151951700.slt,2015-07-14,17:30,195.729,1,36000,36000,-0.0996041,1,74.4944,1,105.426,1,-5.6132,1,2.39083,1,0.0456328,1,-0.686507,8.78538,-0.232875,0.199232,0.00253897,7.03241e-11,1.8508e-12,3.52218e-13,15.5837,382.276,386.161,4.0,0,410.134,10.0608,10.1631,4.0,0,0.0780509,1.91463,1.93409,3.7,0,295.013,295.54,100166.0,1.17626,1011.08,0.0245306,0.154926,0.00739062,1008.02,2699.37,0.00628313,37.3428,1691.35,280.246,0.416467,-3.23332,0.0499381,3.26041,1.28305e-13,4.51267e-15,3.26041,6.31096,172.233,277.34,0.877604,-9999,0.290995,0.752708,-28.8921,-0.161096,0.706601,0.215253,0,53.2903,-8.08701,18.2928,45.5518,69.4693,97.4317,145.97,-0.0988688,1.00744,79.7067,1.01982,103.023,1.02333,-5.52759,1.01549,2.33633,1.02333,0.0447589,1.01953,800000009,800000009,800000009,800000009,800000009,800000009,800000019,800000019,80000,80000,80,80,0,0,0,0,0,0,0,0.609686,0.801596,0.0941342,0.205236,2.91525,0.442983,0.00019424,0.0670204,-0.135595,0.0573114,0.00109796
B20151951730.slt,2015-07-14,18:00,195.75,1,36000,36000,-0.10628,5,53.2365,5,72.7923,5,-4.11025,5,1.65058,5,0.0429938,5,-0.382712,2.41203,-0.0775949,0.0546932,0.000909089,1.02353e-10,2.82523e-12,5.15643e-13,15.558,381.606,385.668,4.0,0,429.443,10.5334,10.6455,4.1,0,0.0783792,1.92249,1.94295,4.05,0,294.928,295.427,100138.0,1.17618,1011.32,0.024528,0.106958,0.00773856,1055.07,2680.82,0.00657942,39.3562,1625.75,280.913,0.207068,-3.19863,0.0279381,3.20545,3.34831e-13,6.57883e-15,3.20545,5.8964,178.194,273.704,0.499385,-9999,0.300601,0.85476,-44.5608,-0.104451,0.731349,0.148886,0,54.9589,-8.34023,18.8656,46.978,71.6445,100.482,150.541,-0.105509,1.00731,56.8807,1.0195,71.9392,1.01186,-4.09037,1.00486,1.63123,1.01186,0.0426192,1.00879,800000009,800000009,800000009,800000009,800000009,800000009,800000019,800000019,80000,80000,80,81,0,0,0,0,0,0,0,0.790849,0.825658,0.0930122,0.119057,2.72702,0.394127,0.000233842,0.0478189,-0.100329,0.0400109,0.00104536
B20151951800.slt,2015-07-14,18:30,195.771,1,36000,36000,-0.149667,1,47.915,1,79.9877,1,-4.94526,1,1.8127,1,0.0529376,1,-2.00788,5.54044,-0.126996,0.125559,0.00200359,-4.04591e-11,-1.23512e-12,-2.06252e-13,15.5438,380.511,384.983,3.95,0,474.515,11.6161,11.7526,4.0,0,0.079239,1.93976,1.96256,4.0,0,294.517,294.833,100133.0,1.178,1011.92,0.0244799,0.117463,0.00855076,1163.46,2585.56,0.00725869,44.9985,1422.1,282.356,0.160938,-4.25568,0.0421133,4.25893,2.55559e-13,-2.60291e-15,4.25893,6.92072,177.877,272.166,0.566564,-9999,0.356443,0.802291,-82.5558,-0.0563789,0.59903,0.112769,0,54.5876,-8.28388,18.7382,46.6607,71.1605,99.8036,149.524,-0.148202,1.00989,51.8004,1.02572,78.8668,1.01421,-4.91591,1.00597,1.78729,1.01421,0.0523517,1.01119,800000009,800000009,800000009,800000009,800000009,800000009,800000019,800000019,80000,80000,80,80,0,0,0,0,0,0,0,0.725182,0.746726,0.132674,0.105344,2.43863,0.149037,0.000183283,0.0434553,-0.120341,0.0437527,0.00128156
B20151951830.slt,2015-07-14,19:00,195.792,1,36000,36000,-0.165384,1,35.3997,1,85.9844,1,-5.05804,1,1.94791,1,0.0541184,1,-1.24234,-0.364418,0.016226,-0.00825558,0.000156089,-1.64592e-10,-4.99201e-12,-8.39329e-13,15.5688,380.65,385.096,3.95,0,472.196,11.545,11.6798,4.15,0,0.0793924,1.94111,1.96378,3.85,0,294.244,294.467,100133.0,1.1795,1011.86,0.0244495,0.126224,0.00850898,1156.34,2528.18,0.00721407,45.7379,1371.85,282.265,0.545104,-4.26317,0.0410192,4.29808,-1.15918e-13,-1.05719e-14,4.29808,7.65547,172.56,277.287,0.546817,-9999,0.374454,0.744674,-129.548,-0.035928,0.411699,0.0792105,0,55.1555,-8.37006,18.9331,47.1461,71.9008,100.842,151.08,-0.163749,1.00998,39.8528,1.02596,83.9234,1.02456,-4.97754,1.01617,1.90121,1.02456,0.0529796,1.0215,800000009,800010009,800000009,800000009,800000009,800000009,800000019,800010019,80000,80000,80,80,0,0,0,0,0,0,0,0.735286,0.611396,0.142667,0.0469333,2.38174,0.172927,0.000183353,0.0333917,-0.121699,0.0464838,0.00129533
B20151951900.slt,2015-07-14,19:30,195.812,1,36000,36000,-0.149216,1,16.7514,1,69.9973,1,-4.63432,1,1.58495,1,0.0582492,1,-1.71982,3.29197,-0.0362497,0.0745401,0.00165376,9.34695e-11,2.99471e-12,4.80529e-13,15.5829,380.339,385.031,4.1,1,499.268,12.1858,12.3362,4.05,0,0.0801121,1.95533,1.97945,3.9,0,293.79,293.96,100133.0,1.18125,1012.21,0.0244074,0.102705,0.00899682,1220.53,2450.73,0.00761637,49.8027,1230.2,283.069,1.02577,-4.24215,0.00632722,4.36441,-4.68079e-15,5.99821e-15,4.36441,7.73435,166.542,283.593,0.0830635,-9999,0.355416,0.680784,-234.121,-0.0198803,0.239315,0.0394187,0,53.7932,-8.16333,18.4655,45.9817,70.1249,98.3512,147.348,-0.147716,1.01015,20.5706,1.02636,67.3779,1.03888,-4.50003,1.02984,1.52564,1.03888,0.0562621,1.03532,800000009,800010009,800000009,800000009,800000009,800000009,800010019,800010019,80000,80000,80,80,0,0,0,0,0,0,0,0.805978,0.41879,0.136799,0.0568961,2.37752,0.176029,0.000229544,0.0172042,-0.109834,0.0372369,0.00137321
B20151951930.slt,2015-07-14,20:00,195.833,1,36000,36000,-0.110322,1,0.0244507,1,42.2159,1,-3.38848,1,0.955235,1,0.0450537,1,-2.42734,2.31895,-0.0820558,0.052472,0.00234602,8.23977e-11,2.74255e-12,4.28761e-13,15.5918,379.635,384.493,4.05,0,518.963,12.6359,12.7976,4.15,0,0.0811328,1.97545,2.00073,3.9,0,293.19,293.247,100132.0,1.18391,1012.44,0.0243483,0.0618992,0.00935171,1265.6,2345.2,0.007899,53.9654,1079.61,283.611,0.983942,-3.54859,0.0303401,3.6826,1.97592e-14,5.28468e-15,3.6826,7.1239,164.249,285.497,0.472053,-9999,0.305261,0.597649,-101632.0,-4.57968e-05,0.000579182,6.68237e-05,0,53.1652,-8.06802,18.2499,45.4448,69.3062,97.2029,145.628,-0.109397,1.00845,2.52439,1.02229,40.3435,1.04641,-3.26591,1.03753,0.91287,1.04641,0.04323,1.04219,800000009,800010009,800000009,800000009,800000009,800000009,800010019,800010019,80000,80000,80,80,0,0,1,0,0,0,0,0.776427,0.314776,0.104096,0.0332829,2.5969,0.113918,0.000343517,0.00210605,-0.0795193,0.0222268,0.00105258
B20151952000.slt,2015-07-14,20:30,195.854,1,36000,36000,-0.058652,1,-14.7352,1,31.5467,2,-2.62286,2,0.713083,2,0.0491603,2,-3.65428,0.0651398,-0.041059,0.00147242,0.00368901,-2.93846e-11,-9.79924e-13,-1.55488e-13,15.6346,379.284,384.143,4.0,0,521.386,12.6484,12.8105,4.2,0,0.0827299,2.00697,2.03268,4.05,0,292.262,292.177,100133.0,1.18825,1012.42,0.0242593,0.0462078,0.00939537,1266.87,2194.37,0.00790691,57.7326,927.504,283.626,1.0225,-2.90949,0.0145892,3.08396,2.90614e-15,-1.87946e-15,3.08396,5.52271,160.466,289.363,0.271048,-9999,0.222172,0.322887,65.014,0.0715908,-0.467093,-0.0551313,0,49.0104,-7.43752,16.8237,41.8934,63.89,89.6067,134.247,-0.0579646,1.01186,-12.5949,1.02748,29.2345,1.07909,-2.47192,1.06106,0.660819,1.07909,0.0459993,1.06872,800000009,800010009,800000009,800000009,800000009,800000009,800010019,800110019,80000,80000,80,80,0,0,0,0,0,0,0,0.391611,0.186812,0.0673522,0.0520378,3.2445,0.19242,0.000408703,-0.0104695,-0.059967,0.016031,0.00111591
B20151952030.slt,2015-07-14,21:00,195.875,1,36000,36000,-0.0301727,1,-16.734,1,14.7238,4,-1.43413,2,0.332503,4,0.0421362,2,-3.35793,0.0781811,0.0481181,0.00176554,0.00478852,-3.54375e-12,-1.18191e-13,-1.91121e-14,15.7033,379.694,384.564,4.05,0,523.734,12.6635,12.8259,4.05,0,0.0846907,2.04775,2.07402,4.2,0,291.346,291.197,100128.0,1.19218,1012.41,0.0241792,0.0215462,0.00943769,1268.31,2063.75,0.00791635,61.4564,795.442,283.643,0.740598,-2.51659,0.00748194,2.62332,-1.82544e-13,-2.25669e-16,2.62332,4.50251,163.827,286.398,0.163413,-9999,0.159088,0.264898,21.0176,0.221453,-1.13653,-0.0871498,0,-9999.0,-9999.0,-9999.0,-9999.0,-9999.0,-9999.0,-9999.0,-0.0296835,1.01648,-15.4026,1.03625,13.203,1.11518,-1.33155,1.07704,0.298159,1.11518,0.0386808,1.08933,800000009,800010009,800000009,800000009,800000009,800000009,800000019,800100019,80000,80000,80,81,0,0,0,0,0,0,0,0.231466,0.261628,0.036701,0.261632,3.53248,0.238629,0.00078558,-0.0127614,-0.0321958,0.00720925,0.000935273
B20151952100.slt,2015-07-14,21:30,195.896,1,36000,36000,-0.00893216,5,-6.79031,5,4.33052,5,-0.816048,5,0.0976543,5,0.043608,5,-5.13161,2.24006,-0.230629,0.0505139,0.0164921,1.51743e-11,5.25906e-13,8.78753e-14,15.7019,377.74,382.75,4.15,0,544.192,13.0915,13.2652,4.3,0,0.0909308,2.18751,2.21653,4.1,1,290.208,289.707,100122.0,1.19805,1012.61,0.0240569,0.006328,0.00980633,1311.1,1878.19,0.00818528,69.8066,567.092,284.142,0.577969,-1.80789,0.022385,1.89816,-6.57629e-14,9.66398e-16,1.89816,3.40632,160.232,287.729,0.675704,-9999,0.0863458,0.239344,8.28145,0.562027,-1.56801,-0.0648232,0,-9999.0,-9999.0,-9999.0,-9999.0,-9999.0,-9999.0,-9999.0,-0.00873587,1.02247,-6.30192,1.04768,3.37724,1.28227,-0.706123,1.15567,0.0761577,1.28227,0.0371675,1.17328,800000009,800010009,800000009,800000009,800000009,811000009,800100019,811110019,80000,80000,80,80,0,0,0,0,0,0,0,0.126418,0.344932,0.0073386,0.0738818,3.13159,0.108292,0.00287112,-0.00519462,-0.0169871,0.00183211,0.000894134
B20151952130.slt,2015-07-14,22:00,195.917,1,36000,36000,-0.0127175,5,-18.5287,5,15.8192,6,-0.457104,5,0.356358,6,0.0577502,5,-3.71111,5.98752,-0.0309178,0.134881,0.0105547,8.79249e-11,3.31462e-12,5.30286e-13,15.7499,377.479,382.928,4.15,0,593.744,14.2303,14.4357,10.6,0,0.0949896,2.27662,2.30948,4.1,1,289.361,288.633,100125.0,1.20202,1013.23,0.023967,0.023092,0.0106993,1425.19,1753.76,0.00890109,81.2647,328.572,285.404,1.03785,-2.03545,0.0442703,2.2852,1.58951e-13,5.58257e-15,2.2852,3.74425,153.617,297.016,1.11004,-9999,0.102859,0.32637,5.13152,0.907022,-1.17128,-0.147905,0,-9999.0,-9999.0,-9999.0,-9999.0,-9999.0,-9999.0,-9999.0,-0.0122798,1.03564,-16.9351,1.0742,6.43616,2.45786,-0.355213,1.28685,0.144987,2.45786,0.0437917,1.31875,800000009,800000009,800000009,800000009,800000009,800000009,800100019,801100019,80000,80000,80,81,0,0,0,0,0,0,0,0.0522868,0.589944,0.0105099,0.29899,1.95384,0.157156,0.00138689,-0.0139049,-0.00851341,0.00347492,0.00104956
B20151952200.slt,2015-07-14,22:30,195.937,1,36000,36000,-0.0192084,1,-16.7143,1,-8.79419,1,-0.249513,1,-0.197958,1,0.0490921,1,-2.70451,3.88054,0.277595,0.0873515,-0.0119383,2.79526e-11,1.1014e-12,1.60151e-13,15.8904,379.816,385.586,4.05,0,626.122,14.9657,15.1931,4.4,0,0.0910417,2.1761,2.20916,4.15,0,288.94,287.853,100125.0,1.20494,1013.64,0.0239022,-0.0128277,0.0112827,1498.85,1667.93,0.00936374,89.8627,169.083,286.173,1.13939,-2.15395,0.0471114,2.4372,1.42921e-13,1.75909e-15,2.4372,3.89632,152.485,297.878,1.1076,-9999,0.126259,0.17831,10.5223,0.442336,1.9006,-0.108387,0,-9999.0,-9999.0,-9999.0,-9999.0,-9999.0,-9999.0,-9999.0,-0.0187625,1.02377,-16.094,1.05065,-1.79277,4.90536,-0.209337,1.19192,-0.0403555,4.90536,0.0404935,1.21235,800000009,800000009,800000009,800000009,800000009,800000009,800000019,800000019,80000,80000,80,80,0,0,0,0,0,0,0,0.112908,0.218518,0.0251936,0.0528016,1.96967,0.0768615,0.000781594,-0.0131771,-0.00500363,-0.000964587,0.000967885
B20151952230.slt,2015-07-14,23:00,195.958,1,36000,36000,-0.0107911,5,-4.383,6,22.1598,6,-0.698205,6,0.498455,6,0.0216241,5,-2.64185,-1.2426,0.383938,-0.0279506,7.33706e-05,1.01513e-10,3.90402e-12,5.76875e-13,16.0668,383.04,388.767,11.9,0,617.9,14.731,14.9512,34.7,0,0.0913037,2.17672,2.20926,4.1,1,288.15,287.093,100120.0,1.20817,1013.49,0.0238404,0.0322999,0.0111346,1475.26,1587.87,0.00921606,92.9081,112.61,285.93,0.892026,-2.21129,0.0286314,2.3846,-9.34004e-14,6.3182e-15,2.3846,3.26144,157.743,291.969,0.687955,-9999,0.0945081,0.083754,16.8269,0.276604,-0.197791,-0.0378752,0,-9999.0,-9999.0,-9999.0,-9999.0,-9999.0,-9999.0,-9999.0,-0.0106095,1.01711,-4.01038,1.03731,3.87293,5.72171,-0.625854,1.1156,0.0871163,5.72171,0.0191555,1.12887,800000009,800000009,800000009,800000009,800000009,800000009,800100019,811100019,80000,80000,80,80,0,0,1,0,0,0,0,0.0521108,0.107085,0.00831159,0.126056,3.18437,0.0734974,0.00100152,-0.00327521,-0.0149206,0.00207689,0.000456675
B20151952300.slt,2015-07-14,23:30,195.979,1,36000,36000,-0.00286342,5,-0.61279,8,30.667,5,-0.32779,5,0.689046,5,-0.0198887,5,-4.04773,-0.906344,0.441983,-0.0203643,0.0148688,-3.91382e-12,-1.47355e-13,-2.32874e-14,16.2848,386.737,392.452,7.2,0,613.122,14.5606,14.7758,2.7,0,0.0968952,2.3011,2.3351,6.25,0,287.177,285.933,100102.0,1.21293,1013.37,0.0237484,0.0446501,0.0110485,1457.94,1472.18,0.00910889,99.0326,14.2416,285.75,0.620724,-2.00943,0.0138921,2.10316,1.90219e-13,-2.40336e-16,2.10316,3.1863,163.676,287.166,0.37846,-9999,0.0485874,0.173539,16.3512,0.284651,-0.019982,-0.0102608,0,-9999.0,-9999.0,-9999.0,-9999.0,-9999.0,-9999.0,-9999.0,-0.00282232,1.01456,-0.48301,1.03197,1.88112,16.3025,-0.303458,1.08018,0.0422662,16.3025,-0.0182354,1.09067,800000009,800000009,800000009,800000009,800000009,800000009,801100019,811100019,80000,80000,80,81,0,0,2,0,0,0,0,0.10885,0.235535,0.00269366,0.162515,2.83656,0.0760221,0.00877205,-0.000392963,-0.00720662,0.00100375,-0.000433061
B20151952330.slt,2015-07-15,00:00,196.0,1,36000,36000,0.00790624,5,-7.54822,5,-161.8,5,0.989373,5,-3.63326,5,0.058539,5,-2.16745,-2.36553,0.276685,-0.0531187,0.00546045,2.38921e-11,8.66955e-13,1.44114e-13,16.4139,389.048,394.618,4.1,1,595.6,14.1171,14.3193,41.8,0,0.0990065,2.34669,2.38029,4.1,1,286.638,285.313,100078.0,1.21549,1013.11,0.0237024,-0.235435,0.0107327,1413.2,1413.44,0.00882996,99.9833,0.235991,285.276,0.810844,-1.87526,0.00762514,2.04307,1.44892e-13,1.4556e-15,2.04307,3.65855,158.09,293.383,0.21384,-9999,0.0806509,0.210036,6.06966,0.76683,0.0466515,-0.0760022,0,-9999.0,-9999.0,-9999.0,-9999.0,-9999.0,-9999.0,-9999.0,0.00767363,1.03031,-7.33412,1.06346,-3.39201,47.7004,0.811374,1.21938,-0.0761685,47.7004,0.0470338,1.24461,800000009,800000009,800000009,800000009,800000009,800100009,811110019,811110019,80000,80000,80,80,0,0,29,0,0,0,0,0.19766,0.218564,0.00384703,0.163016,5.66102,0.105978,0.00845469,-0.0059558,0.0192315,-0.00180538,0.00111481
B20151960000.slt,2015-07-15,00:30,196.021,0,36000,36000,-0.0135869,5,-15.7051,5,-201.966,5,0.924553,5,-4.53176,5,0.0503496,5,-2.78077,-1.78789,0.155413,-0.040117,-0.00739589,3.73628e-11,1.31929e-12,2.18726e-13,16.5135,390.342,395.797,4.2,0,583.098,13.7831,13.9757,48.35,0,0.0966721,2.28511,2.31705,4.15,0,285.917,284.52,100073.0,1.21897,1012.9,0.0236377,-0.293658,0.0105074,1379.69,1341.28,0.00861994,100.0,0.0,284.912,1.06212,-2.31924,0.0116044,2.5509,1.65961e-14,2.26256e-15,2.5509,4.22736,155.672,294.606,0.260648,-9999,0.105576,0.149004,6.54309,0.711345,0.0777612,-0.12048,0,-9999.0,-9999.0,-9999.0,-9999.0,-9999.0,-9999.0,-9999.0,-0.013144,1.03369,-14.9493,1.07048,-3.55739,56.7737,0.750462,1.23198,-0.0798215,56.7737,0.0398965,1.262,800000009,800000009,800000009,800000009,800000009,800000009,800100019,810100019,80000,80000,80,80,0,0,0,0,0,0,0,0.168727,0.115191,0.0140902,0.0917272,5.39884,0.0622268,0.0165709,-0.0121076,0.0177392,-0.0018868,0.000943063
B20151960030.slt,2015-07-15,01:00,196.042,1,36000,36000,-0.00997696,5,-9.07542,5,-94.9978,6,1.00984,5,-2.13016,6,0.0373767,5,-2.44793,-1.84571,0.285848,-0.0413868,-0.00100684,-1.12425e-11,-3.84738e-13,-6.51779e-14,16.6559,392.716,398.065,4.45,0,569.994,13.4394,13.6225,5.3,0,0.0965618,2.27675,2.30776,4.2,0,285.092,283.823,100080.0,1.22221,1012.7,0.0235781,-0.138034,0.0102713,1345.38,1280.62,0.00840387,100.0,0.0,284.531,0.326268,-2.16144,0.0174547,2.18599,-3.38707e-13,-6.74986e-16,2.18599,3.23971,172.294,278.584,0.457501,-9999,0.0903496,0.212203,7.09632,0.655889,0.095533,-0.0811549,0,-9999.0,-9999.0,-9999.0,-9999.0,-9999.0,-9999.0,-9999.0,-0.00970148,1.0284,-8.74064,1.05972,-2.33936,40.6085,0.941464,1.07263,-0.0524561,40.6085,0.034165,1.094,800000009,800000009,800000009,800000009,800000009,800000009,811110019,811110019,80000,80000,80,81,0,0,2,0,0,0,0,0.112741,0.304288,0.00737757,0.108575,5.66707,0.0664954,0.00336345,-0.00706185,0.022198,-0.00123682,0.000805546
B20151960100.slt,2015-07-15,01:30,196.062,1,36000,36000,-0.00598615,5,-6.9191,5,-56.49,5,0.771892,5,-1.26617,5,0.0464579,5,-1.5131,-0.538219,0.254226,-0.0120636,0.00698311,3.16755e-11,1.07017e-12,1.87302e-13,16.77,394.824,400.162,4.15,0,566.582,13.3393,13.5197,20.05,0,0.0991637,2.33466,2.36622,4.3,0,284.814,283.393,100076.0,1.22405,1012.63,0.0235435,-0.0820476,0.0102098,1335.3,1244.39,0.00834099,100.0,0.0,284.417,-0.777292,-2.13142,0.0367525,2.26902,7.70621e-14,1.88882e-15,2.26902,3.35751,199.924,249.964,0.928088,-9999,0.0699316,0.0955982,4.31582,1.07845,0.122484,-0.0798226,0,-9999.0,-9999.0,-9999.0,-9999.0,-9999.0,-9999.0,-9999.0,-0.00575102,1.04089,-6.45852,1.08458,-0.867064,65.1509,0.619097,1.2468,-0.0194344,65.1509,0.036257,1.28135,800000009,800000009,800000009,800000009,800000009,800000019,811100019,811110019,80000,80000,80,80,0,0,0,0,0,0,0,0.0665439,0.11784,0.00681236,0.0621061,2.80941,0.056594,0.00601051,-0.00521054,0.0145757,-0.000457553,0.000853618
B20151960130.slt,2015-07-15,02:00,196.083,1,36000,36000,-0.0118104,5,-11.8114,5,-221.342,7,0.871459,5,-4.95824,7,0.0874343,5,-2.17424,-1.96375,0.385613,-0.0439894,0.00543551,1.9599e-11,6.38924e-13,1.17178e-13,16.9402,398.015,403.248,3.95,0,552.249,12.9753,13.1458,49.6,0,0.101282,2.37965,2.41093,3.95,0,284.317,282.777,100063.0,1.22673,1012.42,0.0234953,-0.321294,0.00995153,1298.69,1194.01,0.00811222,100.0,0.0,283.999,1.47797,-2.0012,0.0270411,2.48796,-1.42734e-13,1.15695e-15,2.48796,4.02923,146.046,306.447,0.622748,-9999,0.0981201,0.517568,6.98218,0.666611,0.0533627,-0.0969253,0,-9999.0,-9999.0,-9999.0,-9999.0,-9999.0,-9999.0,-9999.0,-0.0114469,1.03176,-11.3517,1.0666,-3.89499,56.8274,0.66565,1.30918,-0.0872508,56.8274,0.0652885,1.3392,800000009,800000009,800000009,800000009,800000009,800100009,800100019,811100019,80000,80000,80,80,0,0,6,0,0,0,0,0.291572,0.734965,0.00859859,0.380108,8.97829,0.161708,0.0175623,-0.00914016,0.0156397,-0.00204999,0.00153397
B20151960200.slt,2015-07-15,02:30,196.104,1,36000,36000,-0.00507877,5,-3.71718,5,84.767,5,0.589299,5,1.89945,5,0.0216846,5,1.16191,1.10441,-0.0905232,0.0247475,-0.00489746,-2.29139e-11,-7.6023e-13,-1.34914e-13,16.8843,397.265,402.571,4.15,0,560.183,13.1804,13.3564,2.85,0,0.0994129,2.33906,2.3703,4.1,1,284.522,283.107,100037.0,1.2249,1012.53,0.0235287,0.123084,0.0100945,1318.88,1220.74,0.00824109,100.0,0.0,284.231,0.937885,-2.02292,0.0210106,2.22986,1.33931e-13,-1.35711e-15,2.22986,2.95564,155.49,294.874,0.53987,-9999,0.0643916,0.110681,6.26953,0.742384,-0.0438517,-0.0465452,0,-9999.0,-9999.0,-9999.0,-9999.0,-9999.0,-9999.0,-9999.0,-0.00492905,1.03037,-3.40808,1.06369,1.69991,49.8656,0.478269,1.23215,0.0380914,49.8656,0.0172313,1.25844,800000009,800000009,800000009,800000009,800000009,800000009,811110019,811110019,80000,80000,80,80,0,0,2,0,0,0,0,0.0357683,0.181268,0.00432611,0.0989008,2.89031,0.0767722,0.0023716,-0.0027479,0.0112531,0.00089624,0.000405431
B20151960230.slt,2015-07-15,03:00,196.125,1,36000,36000,-0.0021973,7,-1.47393,5,22.2931,5,0.12614,5,0.499312,5,0.0074416,5,-1.69265,-1.75415,-0.0424116,-0.0392888,-0.00223879,4.94259e-11,1.60081e-12,2.88965e-13,16.8964,396.914,402.083,4.35,0,547.242,12.8553,13.0227,11.4,0,0.0987838,2.32053,2.35075,4.05,0,284.047,282.627,100028.0,1.22701,1012.35,0.023491,0.0323554,0.00986131,1286.23,1182.03,0.00803683,100.0,0.0,283.854,0.475881,-1.75957,0.0118681,1.82282,-4.45582e-14,2.92523e-15,1.82282,2.99284,164.589,285.134,0.373045,-9999,0.0423174,0.159478,4.48728,1.03724,-0.0661161,-0.0280402,0,-9999.0,-9999.0,-9999.0,-9999.0,-9999.0,-9999.0,-9999.0,-0.0021262,1.03344,-1.3562,1.06957,0.463187,48.1298,0.106853,1.1805,0.0103743,48.1298,0.0061711,1.20588,800000009,800110009,800000009,800000009,800000009,810000009,811110019,811110019,80000,80000,80,81,0,0,15,0,0,0,0,0.121885,0.195411,0.00166038,0.0789475,3.47081,0.0658754,0.0048972,-0.00109181,0.00251008,0.000243702,0.000144965
B20151960300.slt,2015-07-15,03:30,196.146,1,36000,36000,0.00212409,7,-0.535818,5,12.5728,6,-0.139788,7,0.281629,6,-0.00931247,7,0.387764,1.23602,-0.258385,0.0276868,-0.00738342,-2.64909e-11,-8.78017e-13,-1.51615e-13,16.7988,394.775,400.009,7.55,0,556.782,13.0845,13.2579,4.5,1,0.0961445,2.25941,2.28937,5.5,0,284.247,282.737,100028.0,1.22643,1012.48,0.0235001,0.0182496,0.0100332,1309.16,1190.81,0.00818083,100.0,0.0,284.12,0.908079,-1.76107,0.0249885,1.98157,-8.34937e-14,-1.57695e-15,1.98157,2.73092,153.477,297.277,0.722545,-9999,0.0416165,0.0917716,11.7409,0.396425,-0.0426174,-0.0103687,0,-9999.0,-9999.0,-9999.0,-9999.0,-9999.0,-9999.0,-9999.0,0.00208578,1.01837,-0.491037,1.03951,0.446673,28.1476,-0.119881,1.16606,0.0100054,28.1476,-0.00788761,1.18064,800000009,800110009,800000009,800000009,800000009,800000009,811110019,811110019,80000,80000,80,80,0,0,3,0,0,0,66,0.120522,0.0619741,0.00104678,0.0518186,4.40782,0.053264,0.0166784,-0.000395447,-0.00281723,0.000235129,-0.00018536
B20151960330.slt,2015-07-15,04:00,196.167,1,36000,36000,-0.000536213,8,-0.160389,8,23.8495,6,-0.207689,7,0.534223,6,-0.0194203,7,-0.0235019,0.773713,0.0903796,0.017331,0.0131417,2.24678e-11,7.51415e-13,1.34526e-13,16.8311,395.523,400.826,7.3,0,562.9,13.2279,13.4052,9.95,0,0.100776,2.36819,2.39994,8.0,0,284.133,282.73,100028.0,1.22639,1012.55,0.0234996,0.0346176,0.0101435,1323.52,1190.27,0.00827097,100.0,0.0,284.284,0.767093,-1.36977,0.0146222,1.57001,1.21117e-13,1.3349e-15,1.57001,2.2581,149.431,299.249,0.533631,-9999,0.02091,0.0981435,4.97524,0.935512,-0.00672504,-0.00617698,0,-9999.0,-9999.0,-9999.0,-9999.0,-9999.0,-9999.0,-9999.0,-0.000523931,1.02344,-0.114376,1.04942,0.657525,36.2716,-0.16228,1.27982,0.0147284,36.2716,-0.0149533,1.29873,800000009,800110009,800000009,800000009,800000009,800000009,811110019,811110019,80000,80000,80,81,0,0,0,0,0,0,0,0.102025,0.0934115,0.000850125,0.0425778,3.74012,0.0686592,0.013555,-9.21064e-05,-0.00381351,0.000346112,-0.000351396
B20151960400.slt,2015-07-15,04:30,196.187,1,36000,36000,-0.00400551,5,-4.21123,5,-118.022,5,1.59034,6,-2.64486,5,0.178521,5,1.66595,1.36528,-0.233336,0.0305959,0.0693587,4.88901e-11,1.67463e-12,3.65603e-13,16.7209,393.589,398.967,4.1,1,572.741,13.4816,13.6658,49.55,0,0.12504,2.94329,2.98351,3.95,0,284.147,283.203,100029.0,1.22423,1012.7,0.0235388,-0.171387,0.0103208,1348.91,1228.67,0.00843041,100.0,0.0,284.57,0.954324,-0.800953,0.02404,1.24613,2.63176e-14,2.92389e-15,1.24613,2.0091,130.628,319.994,1.1054,-9999,0.0572001,0.051039,3.87914,1.19985,0.0356818,-0.0593837,0,-9999.0,-9999.0,-9999.0,-9999.0,-9999.0,-9999.0,-9999.0,-0.00388532,1.03093,-4.10763,1.06427,-2.24536,52.5625,0.954715,1.66578,-0.0503184,52.5625,0.105428,1.6933,800000009,800010009,800000009,800000009,800000009,800100009,811110019,811110019,80000,80000,80,80,0,0,2,0,0,0,0,0.0591856,0.0399228,0.00296985,0.102615,11.6507,0.0782875,0.119942,-0.00331318,0.0224728,-0.00118443,0.00248164
B20151960430.slt,2015-07-15,05:00,196.208,1,36000,36000,-0.0257866,5,-5.32789,5,-16.5316,5,-1.46704,5,-0.370688,5,0.12395,5,2.14242,0.73446,-1.03456,0.0164688,-0.0388455,1.45774e-10,5.15653e-12,9.9223e-13,16.3204,384.992,390.308,4.3,0,577.309,13.6185,13.8065,13.45,0,0.111087,2.6205,2.65668,4.15,0,284.807,283.813,100028.0,1.22153,1012.8,0.0235896,-0.0240206,0.0104031,1362.6,1279.76,0.00851642,100.0,0.0,284.723,0.0607469,-1.11228,0.0341128,1.11446,-6.09658e-13,8.93201e-15,1.11446,2.4259,180.874,273.126,1.75405,-9999,0.145293,0.388836,50.2518,0.0926216,0.322285,-0.0296404,0,-9999.0,-9999.0,-9999.0,-9999.0,-9999.0,-9999.0,-9999.0,-0.0256129,1.00678,-5.41352,1.01553,-2.41571,6.84336,-1.46092,1.00419,-0.0541675,6.84336,0.123046,1.00735,800000009,800010009,800000009,800000009,800000009,800000009,801110019,811110019,80000,80000,80,81,0,0,0,0,0,0,0,0.101853,0.667912,0.00790718,0.0252613,3.47248,0.0485651,0.0683493,-0.00437575,-0.0344626,-0.00127779,0.0029026
B20151960500.slt,2015-07-15,05:30,196.229,1,36000,36000,-0.00144198,7,-1.02091,2,-108.514,4,-0.619765,7,-2.43349,4,0.0703027,2,0.432995,0.194632,-0.109198,0.00436476,-0.0247906,1.75915e-11,6.25403e-13,1.10584e-13,16.2753,384.084,389.402,4.1,1,578.611,13.6547,13.8438,46.0,0,0.10231,2.41442,2.44785,4.1,1,284.914,283.937,100031.0,1.22102,1012.82,0.0235992,-0.15769,0.0104266,1366.26,1290.32,0.00853923,100.0,0.0,284.764,0.655402,-1.01857,0.00785333,1.21124,7.34659e-14,1.08087e-15,1.21124,2.36922,147.37,302.759,0.371493,-9999,0.0343653,0.113497,3.47021,1.34124,0.00940813,-0.0240223,0,-9999.0,-9999.0,-9999.0,-9999.0,-9999.0,-9999.0,-9999.0,-0.00139275,1.03535,-1.08205,1.0731,-2.11819,51.2294,-0.412086,1.50397,-0.0475019,51.2294,0.0459239,1.53085,800000009,800010009,800000009,800000009,800000009,800000009,800010019,811110019,80000,80000,80,81,0,0,0,0,0,0,0,0.126979,0.0930134,0.00700164,0.0077648,5.1799,0.0489551,0.011533,-0.000874968,-0.0097249,-0.00112101,0.00108377
B20151960530.slt,2015-07-15,06:00,196.25,1,36000,36000,-0.00956868,1,-1.0546,7,12.6734,4,-1.79286,4,0.284315,4,0.0464641,4,1.35571,0.908022,-0.0416586,0.0203705,-0.0138509,5.17199e-11,1.86323e-12,3.09875e-13,16.2386,383.738,389.117,3.95,0,585.003,13.8243,14.0181,13.45,0,0.0972921,2.29913,2.33136,4.15,0,285.137,284.323,100032.0,1.21929,1012.92,0.0236312,0.0184236,0.0105418,1383.24,1323.91,0.00864583,100.0,0.0,284.951,0.539679,-0.963636,0.0254278,1.10476,-2.889e-14,3.185e-15,1.10476,2.11592,149.617,299.251,1.31887,-9999,0.0885875,0.0887689,57.5483,0.0808781,-0.0832133,-0.00963901,0,-9999.0,-9999.0,-9999.0,-9999.0,-9999.0,-9999.0,-9999.0,-0.00950994,1.00618,-0.930323,1.01431,1.90604,6.64908,-1.64017,1.09309,0.0427601,6.64908,0.0423904,1.0961,800000009,800010009,800000009,800000009,800000009,800000009,800110019,811110019,80000,80000,80,81,0,0,0,0,0,0,0,0.0868876,0.0789762,0.0116744,0.00677489,8.34996,0.0485114,0.0058321,-0.000753271,-0.0387592,0.00101047,0.00100173
B20151960600.slt,2015-07-15,06:30,196.271,1,36000,36000,-0.0155875,5,21.9918,2,62.9801,1,-3.79092,1,1.41294,1,0.0561502,4,0.105185,1.15601,0.559782,0.0259347,-0.0206384,4.97043e-11,1.79676e-12,2.72239e-13,16.4353,388.397,393.928,4.1,1,594.12,14.0402,14.2401,5.8,0,0.0900191,2.12732,2.15762,4.2,0,285.08,284.353,100039.0,1.21915,1013.04,0.0236319,0.0915582,0.010706,1404.94,1326.54,0.00878157,100.0,0.0,285.187,0.703564,-0.777182,0.0119664,1.04841,-1.86704e-13,3.02424e-15,1.04841,2.37295,138.515,312.154,0.653981,-9999,0.113073,0.131228,-5.73932,-0.810967,0.349187,0.157477,0,-9999.0,-9999.0,-9999.0,-9999.0,-9999.0,-9999.0,-9999.0,-0.0155417,1.00295,23.0276,1.00831,18.7053,3.36696,-3.54309,1.06995,0.419646,3.36696,0.0524123,1.07132,800000009,800010009,800000009,800000009,800000009,800010009,800000019,800110019,80000,80000,80,81,0,0,0,4,0,0,0,0.06442,0.170809,0.0272273,0.0820444,3.03411,0.0752838,0.00123815,0.0186451,-0.0837301,0.00991704,0.0012386
B20151960630.slt,2015-07-15,07:00,196.292,1,36000,36000,-0.014895,1,39.5313,1,82.8096,1,-4.6669,1,1.85975,1,0.0251891,2,3.8186,1.20897,-0.318659,0.0271511,-0.00444849,-8.73919e-11,-3.23234e-12,-4.73542e-13,16.2585,385.734,391.317,3.95,0,601.349,14.2671,14.4736,5.4,0,0.0880984,2.09015,2.1204,4.0,0,285.877,285.447,100029.0,1.21425,1013.2,0.0237252,0.120512,0.0108363,1427.51,1425.89,0.00892426,100.0,0.0,285.429,0.921503,-0.231257,-0.000493056,0.950078,1.96155e-13,-5.37515e-15,0.950078,2.18238,112.519,345.912,-0.0297344,-9999,0.110756,0.332221,-3.00055,-1.55118,0.477376,0.290115,0,-9999.0,-9999.0,-9999.0,-9999.0,-9999.0,-9999.0,-9999.0,-0.0148533,1.00281,40.9308,1.00792,25.487,3.24909,-4.24812,1.09858,0.572391,3.24909,0.0229022,1.09985,800000009,800000009,800000009,800000009,800000009,800010009,800000019,810110019,80000,80000,80,81,0,0,0,0,0,0,0,0.247119,0.383263,0.0340598,0.098202,2.79034,0.0731746,0.00027651,0.0332695,-0.100787,0.0135801,0.000543359
B20151960700.slt,2015-07-15,07:30,196.312,1,36000,36000,-0.0366601,1,29.5068,1,66.0854,1,-5.63142,2,1.48358,1,0.0220211,4,-1.41067,0.351284,0.0763042,0.00788614,0.00211778,2.05153e-10,7.6104e-12,1.1192e-12,16.3081,386.371,391.989,4.05,0,604.97,14.3329,14.5413,5.65,0,0.0889678,2.10782,2.13847,4.0,0,285.841,285.043,100028.0,1.21592,1013.22,0.0236919,0.0961361,0.0109016,1434.07,1388.51,0.00896565,100.0,0.0,285.499,1.53303,-0.457063,-0.000443194,1.59971,1.74378e-13,1.25798e-14,1.59971,3.07745,105.636,343.398,-0.0158736,-9999,0.173637,0.249207,-15.4896,-0.300486,0.446495,0.137933,0,-9999.0,-9999.0,-9999.0,-9999.0,-9999.0,-9999.0,-9999.0,-0.0365187,1.00387,30.1862,1.01078,14.3264,4.61284,-5.10405,1.10332,0.321621,4.61284,0.01992,1.10548,800000009,800010009,800000009,800000009,800000009,800000009,800000019,800100019,80000,80000,80,81,0,0,1,0,0,0,0,0.218499,0.244743,0.035172,0.0515444,5.14333,0.0642851,0.000352174,0.0245017,-0.120925,0.00761982,0.000471945
B20151960730.slt,2015-07-15,08:00,196.333,1,36000,36000,-0.0361396,1,46.7046,1,124.911,1,-6.02349,1,2.80534,1,0.0366696,1,1.50122,-0.220288,0.0211798,-0.0049474,-0.00459525,-7.55783e-11,-2.79429e-12,-4.04611e-13,16.2861,386.548,392.153,4.1,1,602.133,14.2916,14.4988,5.8,0,0.0871882,2.0694,2.09941,4.0,0,286.286,285.473,99997.3,1.21374,1013.22,0.0237349,0.181786,0.0108504,1429.5,1428.39,0.00893964,100.0,0.0,285.45,1.35206,-0.702228,0.0187364,1.52366,5.6886e-14,-4.64066e-15,1.52366,3.07743,119.542,332.554,0.704583,-9999,0.172555,0.322075,-9.60215,-0.484725,0.373904,0.220092,0,-9999.0,-9999.0,-9999.0,-9999.0,-9999.0,-9999.0,-9999.0,-0.0360051,1.00373,48.1361,1.01042,28.2848,4.41619,-5.51127,1.09294,0.635241,4.41619,0.033489,1.09497,800000009,800000009,800000009,800000009,800000009,800000009,800000019,800100019,80000,80000,80,81,0,0,0,0,0,0,0,0.226052,0.371307,0.0467909,0.138729,4.96626,0.0716349,0.000684879,0.0391421,-0.130809,0.0150774,0.000794858
B20151960800.slt,2015-07-15,08:30,196.354,1,36000,36000,-0.0109852,5,14.1989,1,23.397,1,-3.5554,1,0.525642,1,0.0193549,1,1.20848,-1.082,-0.400754,-0.0243083,-0.00239317,8.19785e-11,3.01393e-12,4.38432e-13,16.1211,383.193,388.668,3.9,0,592.69,14.088,14.2893,4.45,0,0.0862177,2.04936,2.07865,4.05,0,286.633,285.82,99972.3,1.21206,1013.1,0.0237697,0.0340616,0.0106803,1408.79,1461.28,0.00881165,96.4078,52.4916,285.228,0.575954,-0.728212,0.0213558,0.928694,-1.01636e-14,5.08517e-15,0.928694,1.94345,142.628,308.341,1.31766,-9999,0.0952009,0.114421,-5.30296,-0.877698,0.606868,0.121461,0,-9999.0,-9999.0,-9999.0,-9999.0,-9999.0,-9999.0,-9999.0,-0.0109548,1.00278,14.8749,1.00784,12.0008,1.94962,-3.34187,1.06389,0.269613,1.94962,0.0181719,1.0651,800000009,800010009,800000009,800000009,800000009,800000009,810110019,811110019,80000,80000,80,80,0,0,0,0,0,0,0,0.0661086,0.146096,0.0166369,0.0204393,2.74075,0.056317,0.000255367,0.0121136,-0.079435,0.0064086,0.00043194
B20151960830.slt,2015-07-15,09:00,196.375,1,36000,36000,-0.0218609,1,28.3889,1,87.651,4,-7.02551,2,1.96954,4,0.0964382,4,0.650217,-1.1882,-0.0348628,-0.0266991,-0.000185508,-2.11985e-10,-7.67571e-12,-1.13373e-12,16.0969,382.901,388.284,4.0,0,582.849,13.8643,14.0592,5.35,0,0.0860889,2.04781,2.0766,3.95,0,286.752,286.007,99964.0,1.21127,1012.99,0.0237872,0.127626,0.0105029,1386.3,1479.27,0.00867098,93.7157,92.9616,284.984,0.935814,-1.00971,0.0375983,1.3772,-1.29026e-13,-1.31693e-14,1.3772,2.94854,139.04,312.825,1.5644,-9999,0.134342,0.201168,-7.45246,-0.624546,0.323885,0.172223,0,-9999.0,-9999.0,-9999.0,-9999.0,-9999.0,-9999.0,-9999.0,-0.0217852,1.00348,31.1959,1.00973,49.0563,1.78674,-6.56968,1.06938,1.1023,1.78674,0.0900297,1.07118,800000009,800010009,800000009,800000009,800000009,800000009,800000019,811110019,80000,80000,80,81,0,0,0,0,0,0,0,0.191536,0.175909,0.0348901,0.0467321,3.56262,0.183993,0.00123043,0.0254246,-0.156274,0.0262207,0.00214155
B20151960900.slt,2015-07-15,09:30,196.396,1,36000,36000,-0.0175301,1,40.2942,1,34.835,1,-5.93886,1,0.783269,1,0.00366995,1,2.39681,-2.84816,-0.0430179,-0.0640412,-0.00452275,-8.08953e-11,-2.8181e-12,-4.25014e-13,16.0384,382.539,387.706,4.05,0,558.721,13.3263,13.5062,4.55,0,0.0842639,2.00981,2.03696,4.1,1,287.216,286.697,99935.3,1.20826,1012.69,0.0238514,0.0507558,0.0100681,1332.12,1547.44,0.00833277,86.0855,215.318,284.381,0.303565,-0.481929,0.000989722,0.569569,2.55997e-14,-5.04385e-15,0.569569,2.01648,152.471,302.207,0.0995612,-9999,0.120451,0.164917,-3.78338,-1.23022,1.15671,0.273397,0,-9999.0,-9999.0,-9999.0,-9999.0,-9999.0,-9999.0,-9999.0,-0.017489,1.00235,42.0915,1.00665,31.3554,1.11097,-5.66568,1.04822,0.705029,1.11097,0.0034987,1.04895,800000009,800000009,800000009,800000009,800000009,800000009,800100019,811110019,80000,80000,81,81,0,0,0,0,0,0,0,0.135177,0.160081,0.0345774,0.101163,3.06422,0.0754409,0.000110235,0.0343999,-0.135134,0.0168159,8.34489e-05
B20151960930.slt,2015-07-15,10:00,196.417,1,36000,36000,-0.0341847,1,34.5983,1,28.9405,1,-5.80044,1,0.650946,1,0.0169186,2,1.20279,1.98228,-0.362522,0.0445866,0.00336854,4.08988e-11,1.47664e-12,2.19658e-13,15.8908,379.49,384.761,3.85,0,573.733,13.7013,13.8917,4.9,0,0.0853459,2.03815,2.06646,3.95,0,287.609,287.043,99932.0,1.20659,1012.9,0.023881,0.0421813,0.0103387,1369.57,1582.72,0.00856852,86.5325,213.154,284.8,0.996843,-0.919925,0.0391417,1.35702,2.11361e-14,2.57374e-15,1.35702,3.62429,135.636,317.298,1.65286,-9999,0.16832,0.321568,-12.0243,-0.387084,1.1955,0.168187,0,-9999.0,-9999.0,-9999.0,-9999.0,-9999.0,-9999.0,-9999.0,-0.0340674,1.00344,35.8304,1.00964,23.3441,1.23973,-5.40022,1.07411,0.52507,1.23973,0.0157252,1.07589,800000009,800000009,800000009,800000009,800000009,810000009,800000019,801100019,80000,80000,80,81,0,0,0,0,0,0,0,0.409066,0.196154,0.0379155,0.0671551,3.59353,0.0928829,0.000204144,0.0293172,-0.128963,0.0125392,0.000375534
B20151961000.slt,2015-07-15,10:30,196.437,1,36000,36000,-0.0592699,5,65.3011,5,59.3393,5,-8.10214,5,1.33488,5,0.0190322,5,0.497036,-0.321384,0.0162613,-0.00722975,-0.00202282,1.02479e-10,3.68219e-12,5.45594e-13,15.8881,379.626,384.876,3.95,0,570.879,13.6405,13.8291,4.45,0,0.0845877,2.02112,2.04907,3.75,0,287.783,287.187,99928.3,1.20597,1012.88,0.0238938,0.0865001,0.0102872,1363.44,1597.51,0.00853027,85.3473,234.079,284.732,1.28802,-0.561903,0.0426797,1.4059,9.94944e-14,6.45004e-15,1.4059,3.49664,116.423,336.431,1.73963,-9999,0.221692,0.37473,-14.5553,-0.319773,1.10047,0.241145,0,53.7607,-8.1584,18.4543,45.9538,70.0825,98.2917,147.259,-0.0590616,1.00353,67.8516,1.00986,48.0067,1.23606,-7.39446,1.0957,1.07994,1.23606,0.0173401,1.09758,800000009,800000009,800000009,800000009,800000009,800000009,800000019,800000019,80000,80000,80,81,0,0,0,0,0,0,0,0.31487,0.380932,0.0536566,0.187364,3.36528,0.114085,0.000170579,0.0555479,-0.176682,0.025804,0.00041432
B20151961030.slt,2015-07-15,11:00,196.458,1,36000,36000,-0.0221411,1,41.9872,1,48.447,1,-6.58013,1,1.09046,1,0.018482,1,2.0184,-0.93824,-0.175774,-0.0211182,-0.000371644,-1.07655e-10,-3.83263e-12,-5.74506e-13,15.7918,378.144,383.304,4.15,0,562.205,13.4623,13.6461,4.5,1,0.0842737,2.01799,2.04553,4.0,0,288.227,287.77,99914.7,1.20344,1012.79,0.0239456,0.0706616,0.0101309,1345.45,1658.98,0.0084183,81.1008,313.533,284.532,0.979218,-0.259179,0.0296561,1.01337,-3.1293e-14,-6.81714e-15,1.01337,2.8891,110.297,345.175,1.67699,-9999,0.13564,0.253624,-5.18427,-0.897792,0.866663,0.253972,0,-9999.0,-9999.0,-9999.0,-9999.0,-9999.0,-9999.0,-9999.0,-0.0220772,1.0029,44.3845,1.00816,42.1763,1.14868,-5.9809,1.10019,0.949318,1.14868,0.0167781,1.10155,800000009,800000009,800000009,800000009,800000009,800000009,801000019,811110019,80000,80000,80,81,0,0,0,0,0,0,0,0.280556,0.187563,0.03913,0.0912862,3.2898,0.0959891,0.000111176,0.0364157,-0.143217,0.022732,0.000401763
B20151961100.slt,2015-07-15,11:30,196.479,1,36000,36000,-0.0431367,1,30.657,1,35.625,1,-5.80188,2,0.801912,1,0.0333802,2,0.242121,-0.33326,-0.103509,-0.00750162,0.00113922,-4.28495e-11,-1.52183e-12,-2.3029e-13,15.7498,377.27,382.394,4.05,0,559.366,13.399,13.581,4.2,0,0.0846455,2.0276,2.05514,4.0,0,288.362,287.84,99904.0,1.20305,1012.75,0.023954,0.0519639,0.0100798,1338.98,1666.49,0.00837852,80.347,327.516,284.459,1.66329,-1.12685,0.0434333,2.00953,-4.77534e-14,-2.72064e-15,2.00953,4.37521,123.216,325.883,1.23847,-9999,0.189357,0.460117,-19.3161,-0.240959,0.860549,0.132881,0,-9999.0,-9999.0,-9999.0,-9999.0,-9999.0,-9999.0,-9999.0,-0.0429363,1.00467,32.24,1.01285,30.3605,1.1734,-5.32514,1.08953,0.68341,1.1734,0.0305624,1.0922,800000009,800010009,800000009,800000009,800000009,800000009,800000019,800110019,80000,80000,80,81,0,0,1,0,0,0,0,0.635061,0.239724,0.0454504,0.0689262,3.93138,0.118297,0.000290778,0.0264611,-0.127559,0.0163704,0.000732091
B20151961130.slt,2015-07-15,12:00,196.5,1,36000,36000,-0.037008,1,67.9449,1,86.8991,1,-9.65692,1,1.9566,1,0.02332,1,0.944413,-0.555612,0.0129972,-0.01251,-0.00214025,1.80568e-10,6.36059e-12,9.61511e-13,15.7377,377.38,382.465,4.05,0,554.367,13.2934,13.4725,4.25,0,0.083802,2.00952,2.0366,3.75,0,288.616,288.113,99893.0,1.20182,1012.7,0.0239794,0.126788,0.00998969,1328.27,1696.12,0.00831211,78.3124,367.847,284.338,1.2361,-0.683356,0.0209725,1.41257,3.96034e-14,1.14736e-14,1.41257,3.38857,118.969,331.065,0.850704,-9999,0.17548,0.275357,-6.93563,-0.671086,0.781882,0.318135,0,-9999.0,-9999.0,-9999.0,-9999.0,-9999.0,-9999.0,-9999.0,-0.0368775,1.00354,72.2102,1.00989,76.4682,1.13641,-8.83186,1.09342,1.72174,1.13641,0.0212909,1.0953,800000009,800000009,800000009,800000009,800000009,800000009,800000019,800000019,80000,80000,80,80,0,0,0,0,0,0,0,0.242609,0.253491,0.0546134,0.255933,3.94888,0.144012,0.000113152,0.0593304,-0.211783,0.0412863,0.000510542
B20151961200.slt,2015-07-15,12:30,196.521,1,36000,36000,-0.0424795,1,108.84,1,114.913,1,-13.1513,1,2.5898,1,0.0252654,1,3.37402,1.31147,-0.31286,0.0295566,-0.000819749,1.37765e-10,4.97932e-12,7.36229e-13,15.5705,374.728,379.873,3.9,0,562.772,13.5439,13.7299,4.25,0,0.08321,2.00257,2.03007,3.7,0,289.369,289.093,99870.0,1.19736,1012.86,0.0240665,0.167819,0.0101411,1353.0,1806.17,0.00846959,74.9096,453.177,284.616,1.33579,-0.782212,0.0127267,1.54802,-6.28878e-14,8.84784e-15,1.54802,3.72544,120.388,329.648,0.471049,-9999,0.188355,0.386333,-5.35383,-0.869358,0.947146,0.47647,0,-9999.0,-9999.0,-9999.0,-9999.0,-9999.0,-9999.0,-9999.0,-0.0423196,1.00378,114.424,1.01053,102.535,1.12072,-12.0418,1.09214,2.31082,1.12072,0.0230902,1.0942,800000009,800000009,800000009,800000009,800000009,800000009,800000019,800000019,80000,80000,80,81,0,0,0,0,0,0,0,0.318122,0.372115,0.0824299,0.269453,5.15344,0.225127,0.00011045,0.0943506,-0.289804,0.0556133,0.000555701
B20151961230.slt,2015-07-15,13:00,196.542,1,36000,36000,-0.0570502,1,113.666,1,93.0794,1,-8.87742,1,2.09848,1,0.0292031,1,1.27223,1.34186,-0.107003,0.0302523,-0.000673082,-3.74559e-12,-1.3828e-13,-2.00081e-14,15.512,373.82,379.051,3.95,0,572.675,13.8008,13.9939,4.05,0,0.0828615,1.99686,2.0248,3.7,0,289.596,289.463,99864.0,1.19564,1013.01,0.0240988,0.135981,0.0103196,1378.57,1849.33,0.00863102,74.5444,470.757,284.899,1.75594,-1.79393,0.0308183,2.51047,1.48882e-14,-2.41464e-16,2.51047,5.12611,135.418,314.387,0.703376,-9999,0.218439,0.452972,-7.99621,-0.582075,1.22117,0.429619,0,43.1397,-6.54662,14.8085,36.8752,56.237,78.8732,118.166,-0.0567255,1.00572,117.501,1.01555,83.2287,1.11836,-8.25769,1.07505,1.87639,1.11836,0.0270815,1.07834,800000009,800000009,800000009,800000009,800000009,800010009,800000019,800000019,80000,80000,80,80,0,0,2,0,0,0,0,0.373485,0.442345,0.0901158,0.388013,3.43431,0.143147,0.000118725,0.0970127,-0.199,0.0452187,0.00065263
B20151961300.slt,2015-07-15,13:30,196.562,1,36000,36000,-0.0259633,1,75.0349,1,93.3751,2,-9.8051,2,2.10524,2,0.0236776,2,0.160384,-2.6396,0.0411559,-0.0595125,-0.00140726,1.00672e-10,3.57717e-12,5.34047e-13,15.5204,374.169,379.211,4.15,0,551.487,13.2954,13.4745,4.35,0,0.0823334,1.98491,2.01165,4.1,1,289.793,289.51,99841.0,1.1954,1012.73,0.0241082,0.136419,0.0099378,1327.78,1854.83,0.00831335,71.5849,527.053,284.332,1.08803,-1.15474,0.0290092,1.58684,-3.01629e-14,6.4864e-15,1.58684,3.68291,136.59,313.296,1.04749,-9999,0.147375,0.415944,-3.71897,-1.25153,0.803586,0.420564,0,-9999.0,-9999.0,-9999.0,-9999.0,-9999.0,-9999.0,-9999.0,-0.0258637,1.00385,79.7797,1.01072,85.5495,1.09147,-9.13857,1.07294,1.9288,1.09147,0.0220254,1.07501,800000009,800000009,800000009,800000009,800000009,800000009,800000019,800000019,80000,80000,80,81,0,0,0,0,0,0,0,0.458361,0.308081,0.0654464,0.191345,4.45332,0.206959,0.000159191,0.0659,-0.220314,0.0464999,0.000530993
B20151961330.slt,2015-07-15,14:00,196.583,1,36000,36000,-0.0337542,1,61.3173,2,71.2179,2,-7.50538,1,1.60633,2,0.0161761,2,1.44115,-0.374521,0.00609193,-0.00844737,-0.00016389,1.44068e-10,5.09082e-12,7.63618e-13,15.4977,374.221,379.236,4.1,1,547.63,13.2235,13.4007,4.25,0,0.082144,1.98351,2.0101,3.75,0,290.164,289.93,99826.0,1.19352,1012.7,0.0241468,0.10409,0.00986829,1320.4,1905.04,0.0082682,69.3112,584.634,284.248,0.681815,-1.15244,0.037225,1.33955,-2.2164e-14,9.29609e-15,1.33955,3.63496,149.189,300.61,1.59241,-9999,0.16817,0.399617,-6.76133,-0.688385,0.860981,0.301663,0,-9999.0,-9999.0,-9999.0,-9999.0,-9999.0,-9999.0,-9999.0,-0.0336394,1.00341,65.0819,1.00956,66.8309,1.06564,-7.12114,1.05396,1.50738,1.06564,0.0153229,1.05568,800000009,800000009,800000009,800000009,800000009,800000009,800000019,800000019,80000,80000,80,81,0,0,0,0,0,0,0,0.322038,0.420986,0.0562107,0.182107,3.54524,0.128317,0.000104083,0.0538456,-0.171953,0.0363984,0.00037
B20151961400.slt,2015-07-15,14:30,196.604,1,36000,36000,-0.0298081,4,62.479,1,83.9299,1,-8.99087,1,1.89419,1,0.0180755,1,2.14543,-0.3238,0.0098468,-0.00730777,-0.000199666,1.46777e-10,5.16096e-12,7.77136e-13,15.4662,374.305,379.297,4.0,0,543.82,13.1612,13.3367,4.2,0,0.0818883,1.98181,2.00824,3.05,0,290.663,290.557,99816.0,1.19086,1012.67,0.0242014,0.122744,0.00979964,1314.05,1982.17,0.00822905,66.2937,668.115,284.176,0.951632,-0.751516,-0.0069625,1.21261,-1.48465e-13,9.4902e-15,1.21261,3.26741,132.408,321.701,-0.328979,-9999,0.158211,0.474564,-5.52471,-0.842469,0.744419,0.327468,0,-9999.0,-9999.0,-9999.0,-9999.0,-9999.0,-9999.0,-9999.0,-0.0297129,1.0032,66.9208,1.00899,77.2785,1.08607,-8.33802,1.0783,1.74408,1.08607,0.0167382,1.07989,800000009,800000009,800000009,800000009,800000009,800000009,800000019,800000019,80000,80000,80,81,0,0,0,0,0,0,0,0.411299,0.484853,0.0529759,0.170261,4.26893,0.171051,0.000137356,0.0554921,-0.201792,0.0422092,0.000405088
B20151961430.slt,2015-07-15,15:00,196.625,1,36000,36000,-0.0392825,4,82.0524,1,102.702,1,-9.58086,1,2.31914,1,0.0251566,4,1.95841,-1.21532,0.141323,-0.0274433,-9.73569e-05,-3.15288e-10,-1.08536e-11,-1.66327e-12,15.4815,375.512,380.43,4.1,1,532.939,12.9267,13.096,4.1,0,0.0816712,1.98098,2.00692,3.8,0,291.097,291.13,99789.7,1.18831,1012.56,0.0242556,0.15028,0.00960356,1290.3,2055.11,0.00808173,62.7849,764.814,283.901,0.306506,-0.299233,0.0210175,0.428868,8.04762e-14,-2.03655e-14,0.428868,2.90575,133.822,315.688,2.80902,-9999,0.181817,0.658584,-6.38348,-0.729132,0.798938,0.375066,0,-9999.0,-9999.0,-9999.0,-9999.0,-9999.0,-9999.0,-9999.0,-0.0391948,1.00224,87.727,1.00631,95.2724,1.07798,-8.90397,1.07602,2.15137,1.07798,0.023367,1.07659,800000009,800000009,800000009,800000009,800000009,801000009,800000019,800000019,80000,80000,81,81,0,0,0,0,0,0,0,0.60074,0.647782,0.0686456,0.193739,3.5878,0.155775,0.000124097,0.0729098,-0.215971,0.0521827,0.00056678
B20151961500.slt,2015-07-15,15:30,196.646,1,36000,36000,-0.0421324,2,70.8023,1,90.8012,1,-8.62812,1,2.05126,1,0.00786167,1,1.46621,-0.11621,0.00880602,-0.00262525,0.000198226,-6.89387e-11,-2.36856e-12,-3.63918e-13,15.4571,375.588,380.498,3.95,0,531.068,12.9043,13.073,4.15,0,0.081596,1.98268,2.0086,3.65,0,291.398,291.56,99759.7,1.18621,1012.55,0.0242987,0.132921,0.00956985,1287.67,2111.36,0.00806761,60.9878,823.688,283.871,0.595473,0.263318,0.00476139,0.651112,8.57121e-14,-4.46e-15,0.651112,2.71627,64.2356,23.855,0.418991,-9999,0.188464,0.349225,-8.23741,-0.565032,0.779751,0.312781,0,-9999.0,-9999.0,-9999.0,-9999.0,-9999.0,-9999.0,-9999.0,-0.0420301,1.00243,75.6935,1.00688,82.6638,1.09844,-7.87355,1.09584,1.86743,1.09844,0.00716843,1.09671,800000009,800000009,800000009,800000009,800000009,800010009,800000019,800100019,80000,80000,81,81,0,0,0,0,0,0,0,0.405733,0.221383,0.0713339,0.147064,3.30927,0.131261,9.74975e-05,0.0630203,-0.191317,0.045376,0.000174183
B20151961530.slt,2015-07-15,16:00,196.667,1,36000,36000,0.0221423,1,139.457,1,142.304,1,-12.4009,1,3.21714,1,0.0150359,2,2.6408,0.22172,-0.0121123,0.00501255,-0.000281689,1.13718e-10,3.92117e-12,5.99734e-13,15.4089,375.484,380.409,3.9,0,531.324,12.9473,13.1171,4.1,0,0.0812648,1.98026,2.00623,4.1,1,291.794,292.337,99741.0,1.18281,1012.6,0.024368,0.20847,0.00957446,1291.72,2216.37,0.00809464,58.281,924.648,283.918,0.786434,-0.0892889,-0.00563694,0.791507,-1.37182e-13,7.38e-15,0.791507,3.39271,101.373,353.523,-0.408052,-9999,0.136821,0.522022,-1.60002,-2.90896,0.979994,0.851009,0,-9999.0,-9999.0,-9999.0,-9999.0,-9999.0,-9999.0,-9999.0,0.022085,1.0026,146.936,1.00734,128.501,1.10741,-11.2245,1.1048,2.9051,1.10741,0.0135964,1.10587,800000009,800000009,800000009,800000009,800000009,800000009,800000019,800000019,80000,80000,81,81,0,0,0,0,0,0,0,0.417666,0.528182,0.0981976,0.432038,3.89739,0.203569,9.77544e-05,0.12268,-0.273518,0.0707915,0.000331316
B20151961600.slt,2015-07-15,16:30,196.687,1,36000,36000,-0.0277125,1,95.4595,1,86.0899,1,-7.54333,1,1.94662,1,0.0134041,1,0.600066,-0.646396,-0.0176911,-0.0146159,-0.000470586,-9.68967e-11,-3.31008e-12,-5.10184e-13,15.3868,375.332,380.207,4.1,1,525.627,12.8217,12.9882,4.15,0,0.0810152,1.97622,2.00188,4.05,0,292.207,292.513,99698.3,1.18165,1012.52,0.0243931,0.126141,0.00947181,1278.65,2240.89,0.00801574,57.0598,962.241,283.765,0.763871,-1.0313,0.0238692,1.28361,-9.20757e-14,-6.29739e-15,1.28361,4.55819,133.66,306.527,1.0655,-9999,0.153141,0.982482,-3.27659,-1.4205,1.10884,0.520993,0,-9999.0,-9999.0,-9999.0,-9999.0,-9999.0,-9999.0,-9999.0,-0.0276208,1.00332,99.8862,1.00931,79.6747,1.08052,-7.0059,1.07671,1.80156,1.08052,0.0124296,1.0784,800000009,800000009,800000009,800000009,800000009,800000009,800000019,800000019,80000,80000,80,81,0,0,0,0,0,0,0,0.72031,1.17696,0.0676879,0.27751,3.66301,0.214793,0.000118016,0.0834852,-0.170896,0.0439456,0.000303197
B20151961630.slt,2015-07-15,17:00,196.708,1,36000,36000,-0.0641217,1,103.296,1,120.202,1,-8.86606,1,2.71744,1,0.0478821,1,-0.63441,1.85279,0.011713,0.0418866,-0.000219931,-1.79707e-10,-6.30951e-12,-9.45045e-13,15.3992,375.432,380.447,4.2,0,540.665,13.1814,13.3575,4.1,0,0.0809814,1.97433,2.0007,4.05,0,292.072,292.327,99688.3,1.18213,1012.72,0.02438,0.17609,0.00974278,1314.39,2214.99,0.00824175,59.3405,900.604,284.179,-0.210682,-2.58465,0.0121122,2.59325,-5.72671e-15,-1.16699e-14,2.59325,5.84244,186.405,265.34,0.26761,-9999,0.232901,0.885113,-10.6509,-0.436995,0.859356,0.370474,0,45.919,-6.96838,15.7625,39.2509,59.86,83.9546,125.779,-0.0637452,1.00591,109.362,1.01601,117.713,1.02114,-8.75473,1.01272,2.66119,1.02114,0.0471318,1.01592,800000009,800000009,800000009,800000009,800000009,800010009,800000019,800000019,80000,80000,80,81,0,0,0,2,0,0,0,1.04156,0.641048,0.0876231,0.312263,3.68337,0.31132,0.000219701,0.0913508,-0.213441,0.0648798,0.00114907
B20151961700.slt,2015-07-15,17:30,196.729,1,36000,36000,-0.0616993,1,40.934,1,86.7971,1,-7.98628,1,1.96148,1,0.0531925,1,-1.38398,-2.11688,0.0281408,-0.0478381,-0.000104793,-1.90487e-11,-6.47571e-13,-1.00064e-13,15.4312,375.674,380.534,4.1,1,524.591,12.7712,12.9364,4.1,0,0.0810608,1.97343,1.99896,3.95,0,292.06,291.92,99692.7,1.18401,1012.48,0.024345,0.127104,0.00945312,1273.53,2159.48,0.007984,58.9742,885.944,283.705,0.1696,-2.04071,0.0377467,2.04809,1.46869e-13,-1.23443e-15,2.04809,4.413,176.575,274.751,1.05603,-9999,0.228278,0.369405,-25.3071,-0.183917,0.471605,0.149581,0,55.4244,-8.41087,19.0254,47.376,72.2514,101.334,151.816,-0.0614079,1.00475,45.8523,1.01305,85.6339,1.01358,-7.92971,1.00713,1.93519,1.01358,0.052684,1.00965,800000009,800000009,800000009,800000009,800000009,800000009,800000019,800010019,80000,80000,80,81,0,0,0,0,0,0,0,0.434982,0.251173,0.0526542,0.0779549,4.05644,0.242181,0.000269088,0.0382487,-0.193049,0.0471124,0.00128259
B20151961730.slt,2015-07-15,18:00,196.75,1,36000,36000,-0.0207777,1,13.7116,1,50.1823,1,-4.99453,1,1.13398,1,0.0411444,2,-0.204216,0.800189,-0.0463764,0.018082,0.00138752,6.09764e-11,2.10031e-12,3.22585e-13,15.4161,375.276,380.19,4.2,0,531.003,12.9262,13.0955,4.2,0,0.0815562,1.98533,2.01133,3.9,0,292.037,291.86,99680.3,1.18403,1012.58,0.0243431,0.0734817,0.00956867,1288.84,2151.39,0.00808141,59.9071,862.556,283.884,0.0902292,-1.2858,0.00567333,1.28898,-4.43717e-15,3.95537e-15,1.28898,2.73775,176.281,274.014,0.252184,-9999,0.13247,0.237436,-14.763,-0.315275,0.273235,0.0863336,0,-9999.0,-9999.0,-9999.0,-9999.0,-9999.0,-9999.0,-9999.0,-0.0207088,1.00333,16.7,1.00933,49.6063,1.01161,-4.95853,1.00726,1.12096,1.01161,0.0407836,1.00885,800000009,800010009,800000009,800000009,800000009,800010009,800010019,810110019,80000,80000,80,81,0,0,0,0,0,0,0,0.164206,0.285319,0.0253472,0.0263916,4.1209,0.188521,0.00048225,0.0139292,-0.120706,0.0272876,0.000992798
B20151961800.slt,2015-07-15,18:30,196.771,1,36000,35782,-0.0569438,5,33.1175,5,51.8669,5,-5.06123,5,1.1724,5,0.0447419,5,1.06521,2.72014,-0.0818305,0.0614861,0.000904761,2.9863e-11,1.07264e-12,1.589e-13,15.3677,374.573,379.682,4.05,0,551.987,13.4541,13.6376,4.2,0,0.0817713,1.99309,2.02028,3.95,0,292.204,292.173,99660.7,1.18229,1012.87,0.024374,0.0759714,0.00994681,1341.21,2193.91,0.00841314,61.1331,852.707,284.484,-0.20124,-2.20376,0.0112945,2.21296,2.9393e-14,1.94323e-15,2.21296,4.98199,187.459,264.782,0.292427,-9999,0.219462,0.769092,-27.7914,-0.167476,0.638509,0.126014,0,52.9844,-8.04059,18.1878,45.2903,69.0706,96.8724,145.133,-0.0566556,1.00509,35.9349,1.01393,50.7174,1.02266,-4.98943,1.01439,1.14642,1.02266,0.0439884,1.01713,800000009,800000009,800000009,800000009,800000009,800000009,800000019,800000019,80000,80000,80,81,0,0,0,0,0,0,0,1.1707,0.313031,0.0544452,0.0636003,3.54038,0.436675,0.000357199,0.0300079,-0.121612,0.0279427,0.00107217
B20151961830.slt,2015-07-15,19:00,196.792,1,36000,36000,-0.134935,1,39.9914,1,55.1767,1,-5.23282,1,1.24677,1,0.0558929,1,-1.24798,3.46406,-0.0892269,0.0782738,0.00116603,-6.6936e-11,-2.52938e-12,-3.58685e-13,15.3526,373.808,379.164,3.85,0,580.146,14.1255,14.3279,4.45,0,0.0822689,2.0031,2.0318,3.9,0,291.931,291.807,99641.3,1.18325,1013.24,0.0243481,0.0807908,0.0104542,1407.86,2144.23,0.00883519,65.658,736.37,285.218,0.28096,-4.12647,0.0114197,4.13603,-5.81192e-14,-4.35991e-15,4.13603,6.94143,175.99,273.895,0.158196,-9999,0.337694,0.59575,-83.8464,-0.055511,0.724787,0.0987762,0,55.4118,-8.40896,19.0211,47.3652,72.2349,101.31,151.782,-0.133655,1.00958,42.4906,1.02499,53.4426,1.03245,-5.1848,1.00926,1.20759,1.03245,0.0551023,1.01435,800000009,800000009,800000009,800000009,800000009,800000009,800000019,800010019,80000,80000,80,80,0,0,0,0,0,0,0,0.644345,0.432414,0.114741,0.0591175,2.56897,0.11613,0.000204742,0.0354409,-0.12624,0.0294025,0.00134164
B20151961900.slt,2015-07-15,19:30,196.812,1,36000,36000,-0.140731,5,17.3994,5,52.8383,5,-5.41012,5,1.19309,5,0.0523683,5,-2.50202,-2.16138,0.177487,-0.0488039,0.000745568,-3.93194e-10,-1.43605e-11,-2.10513e-12,15.4538,375.327,380.543,3.8,0,564.414,13.7079,13.8985,4.0,0,0.0827386,2.00947,2.0374,4.1,1,291.347,291.073,99641.0,1.18641,1013.0,0.024287,0.077312,0.0101707,1366.24,2047.8,0.00857268,66.7174,681.562,284.763,-0.100894,-3.9962,0.0369122,3.99764,1.62575e-14,-2.54432e-14,3.99764,7.17074,181.252,268.554,0.529048,-9999,0.344411,0.626854,-204.425,-0.0227682,0.329295,0.0420354,0,56.0908,-8.51199,19.2541,47.9455,73.12,102.552,153.641,-0.139444,1.00923,20.2207,1.02416,51.3252,1.02948,-5.38535,1.0046,1.15892,1.02948,0.0518758,1.00949,800000009,800010009,800000009,800000009,800000009,800000009,800010019,800010019,80000,80000,80,80,0,0,0,0,0,0,0,0.795575,0.342322,0.115811,0.0921942,4.0052,0.168551,0.000306548,0.016825,-0.130794,0.0281468,0.00125991
B20151961930.slt,2015-07-15,20:00,196.833,1,36000,36000,-0.102351,1,1.78301,7,30.213,2,-3.23778,1,0.681547,2,0.0496093,1,-3.45769,-1.83828,0.150651,-0.0414681,0.00218319,-1.23493e-10,-4.37896e-12,-6.65018e-13,15.5607,376.611,381.708,3.65,0,551.772,13.3544,13.5352,4.4,0,0.0837957,2.02809,2.05554,4.05,0,290.442,290.063,99641.0,1.19071,1012.77,0.0242028,0.0441642,0.00994294,1331.0,1921.22,0.00835046,69.2789,590.221,284.369,0.0471108,-3.83494,0.0166061,3.83526,9.388e-14,-7.93618e-15,3.83526,6.52651,179.14,270.704,0.248083,-9999,0.293187,0.479975,-1230.5,-0.00378254,0.0590145,0.00504306,0,53.5929,-8.13293,18.3967,45.8104,69.8638,97.9849,146.799,-0.101455,1.00883,3.53681,1.0232,29.1757,1.03556,-3.22521,1.0039,0.658147,1.03556,0.0491868,1.00859,800000009,800010009,800000009,800000009,800000009,800000009,800010019,800010019,80000,80000,80,80,0,0,0,0,0,0,0,0.594419,0.271446,0.0940845,0.184034,2.65113,0.10958,0.000255795,0.00293289,-0.078059,0.015929,0.00119046
B20151962000.slt,2015-07-15,20:30,196.854,1,36000,36000,-0.066185,1,-19.4897,1,11.9488,1,-1.43794,1,0.269189,1,0.0512345,1,-4.6775,-1.10929,0.0291356,-0.0249906,0.00544944,5.70223e-11,1.98857e-12,3.13866e-13,15.6441,376.858,381.877,4.25,0,545.565,13.1424,13.3174,4.35,0,0.0861094,2.07433,2.10195,4.1,1,289.483,288.703,99640.3,1.1964,1012.63,0.0240894,0.0174435,0.00983108,1309.86,1761.65,0.0082172,74.3542,451.788,284.128,0.228662,-3.08533,0.0401539,3.09405,4.31402e-14,3.64497e-15,3.09405,5.12642,175.65,274.239,0.743592,-9999,0.235202,0.249783,58.1153,0.0800891,-1.6311,-0.0683972,0,51.2042,-7.77044,17.5767,43.7686,66.7499,93.6176,140.256,-0.0653592,1.01264,-18.3694,1.02903,10.6677,1.12009,-1.41407,1.01688,0.240328,1.12009,0.049989,1.02491,800000009,800010009,800000009,800000009,800000009,800000009,800000019,800000019,80000,80000,80,80,0,0,0,0,0,0,0,0.293416,0.138544,0.0676052,0.0238656,2.11272,0.0685356,0.000791342,-0.0151624,-0.0340642,0.00578937,0.00120421
B20151962030.slt,2015-07-15,21:00,196.875,1,36000,36000,-0.150145,1,-4.67131,7,9.46532,1,-2.06557,2,0.213155,1,0.0579688,2,-1.42376,2.87689,0.0444368,0.0647863,-0.00196595,6.75179e-11,2.45049e-12,3.68285e-13,15.6823,377.235,382.471,4.15,0,569.172,13.6913,13.8814,5.55,0,0.085541,2.05767,2.08623,4.05,0,289.05,288.29,99641.0,1.19788,1012.92,0.0240548,0.0138124,0.0102565,1364.58,1715.51,0.00856222,79.5437,350.931,284.745,0.368162,-4.23185,0.0400783,4.24803,8.17973e-14,4.30536e-15,4.24803,7.61974,174.687,274.972,0.540569,-9999,0.354038,0.734965,827.033,0.00562783,-0.493519,-0.0108743,0,53.8173,-8.16698,18.4737,46.0022,70.1563,98.3952,147.414,-0.148387,1.01185,-4.07713,1.02873,7.94656,1.19112,-2.03459,1.01523,0.178953,1.19112,0.0567448,1.02157,800000009,800010009,800000009,800000009,800000009,800000009,800000019,800010019,80000,80000,80,80,0,0,0,0,0,0,0,0.95159,0.382979,0.135361,0.128938,2.11988,0.14935,0.000441836,-0.00336021,-0.0489416,0.00430468,0.00136498
B20151962100.slt,2015-07-15,21:30,196.896,1,36000,36000,-0.18526,1,-8.76442,1,12.7056,1,-1.42091,1,0.285862,1,0.0453192,1,-3.29465,0.121316,0.391419,0.00272948,-0.00244475,-1.61902e-11,-5.83483e-13,-8.6666e-14,15.872,380.54,385.832,4.1,1,572.014,13.7144,13.9051,4.8,0,0.0849625,2.03702,2.06535,4.1,1,288.151,287.337,99639.7,1.20182,1012.92,0.0239756,0.0185238,0.0103077,1366.86,1613.13,0.00857671,84.7336,246.266,284.77,0.24705,-4.49245,0.0397932,4.49941,7.33622e-14,-1.02005e-15,4.49941,8.54593,176.708,273.148,0.506735,-9999,0.392618,0.706362,601.16,0.00774237,-0.689809,-0.0183374,0,53.9201,-8.18258,18.509,46.09,70.2902,98.583,147.695,-0.182939,1.01269,-8.01753,1.03066,8.63621,1.4712,-1.40582,1.01073,0.194305,1.4712,0.0445363,1.01758,800000009,800010009,800000009,800000009,800000009,800000009,800010019,800010019,80000,80000,80,80,0,0,1,0,0,0,0,0.812915,0.434268,0.165541,0.0815914,2.82351,0.0556101,0.000172649,-0.00658605,-0.0337053,0.00465858,0.00106778
B20151962130.slt,2015-07-15,22:00,196.917,1,36000,36000,-0.164127,1,-8.89117,4,17.3291,2,-0.986243,4,0.389479,2,0.0516067,1,-3.78087,-3.25666,0.399174,-0.0731946,-0.0027845,-9.52846e-11,-3.25109e-12,-4.99779e-13,16.0733,383.899,388.994,4.2,0,548.417,13.0986,13.2724,4.55,0,0.0843063,2.0136,2.04032,3.95,0,287.068,286.247,99641.0,1.2067,1012.55,0.0238843,0.0252382,0.00988247,1305.5,1502.67,0.00818968,86.8787,197.17,284.077,-0.0570756,-4.75049,0.0397481,4.751,-2.08113e-14,-5.92813e-15,4.751,8.31619,180.513,269.312,0.479356,-9999,0.368801,0.774473,491.097,0.00947755,-0.513077,-0.019731,0,52.9254,-8.03164,18.1676,45.2399,68.9936,96.7646,144.971,-0.161942,1.01349,-8.04576,1.03253,9.97467,1.73731,-0.982004,1.00432,0.224185,1.73731,0.0510143,1.01161,800000009,800010009,800000009,800000009,800000009,800000009,800000019,800000019,80000,80000,80,80,0,0,0,0,0,0,0,0.930029,0.466012,0.152903,0.11561,2.40783,0.087058,0.000328418,-0.00658492,-0.0234545,0.00535449,0.00121844
B20151962200.slt,2015-07-15,22:30,196.937,1,36000,36000,-0.150987,1,-13.5774,1,13.672,2,0.693196,1,0.306959,2,0.0445042,1,-3.83026,0.530578,0.234109,0.0119124,0.000354485,-3.60221e-11,-1.23214e-12,-1.88257e-13,16.2177,385.861,391.022,4.4,0,554.727,13.1984,13.3749,27.65,0,0.0847561,2.01657,2.04354,4.1,1,286.098,285.147,99640.7,1.2113,1012.59,0.0237926,0.019891,0.00999618,1315.45,1398.0,0.00825241,94.095,82.5517,284.192,-0.155267,-4.15733,0.0538122,4.16058,6.00126e-14,-2.22116e-15,4.16058,7.50449,182.23,267.861,0.741074,-9999,0.353056,0.661634,282.139,0.0164968,-0.99308,-0.0313536,0,54.2366,-8.23061,18.6177,46.3606,70.7029,99.1618,148.562,-0.149137,1.01241,-13.0422,1.02973,3.31369,4.12591,0.687401,1.00843,0.0743979,4.12591,0.0438324,1.01533,800000009,800010009,800000009,800000009,800000009,800000009,800000019,800000019,80000,80000,80,80,0,0,0,0,0,0,0,0.850421,0.340895,0.131952,0.0603203,1.8947,0.0583392,0.000263374,-0.0106332,0.0163551,0.00177012,0.00104289
B20151962230.slt,2015-07-15,23:00,196.958,1,36000,36000,-0.144808,1,-12.9331,1,41.6966,2,1.22954,1,0.935433,2,0.0535658,1,-2.82828,-1.70132,0.158121,-0.038168,0.000313562,-4.00472e-11,-1.33215e-12,-2.08849e-13,16.3195,387.182,392.234,4.35,0,542.859,12.8794,13.0475,30.65,0,0.0851074,2.01919,2.04553,4.1,1,285.356,284.337,99640.0,1.21489,1012.4,0.0237252,0.0606161,0.00978231,1283.65,1325.08,0.00805199,96.8734,41.43,283.824,-0.165216,-4.44347,0.0323283,4.44666,-2.95382e-14,-2.45395e-15,4.44666,7.45034,182.136,267.871,0.416558,-9999,0.345245,0.633979,276.948,0.0168061,-0.310171,-0.0304569,0,52.3536,-7.94487,17.9713,44.7511,68.2483,95.7191,143.405,-0.142918,1.01322,-12.2486,1.03166,5.67354,7.34931,1.2193,1.0084,0.127282,7.34931,0.0527338,1.01578,800000009,800010009,800000009,800000009,800000009,800000009,800000019,800010019,80000,80000,80,80,0,0,0,0,0,0,0,0.748718,0.38152,0.13772,0.0495819,1.87624,0.0684597,0.000216078,-0.00995861,0.0289282,0.00301978,0.00125112
B20151962300.slt,2015-07-15,23:30,196.979,1,36000,36000,-0.146022,1,-18.215,2,-70.7709,4,1.78067,2,-1.58665,4,0.0675976,1,-2.40333,-1.21659,0.154437,-0.0272753,0.00156459,-1.03017e-10,-3.35516e-12,-5.38922e-13,16.4135,388.47,393.448,4.1,1,534.569,12.652,12.8141,49.75,0,0.0858651,2.03223,2.05827,4.1,1,284.721,283.65,99640.7,1.21795,1012.26,0.0236677,-0.102815,0.00963293,1260.99,1265.9,0.00790915,99.6121,4.9101,283.557,-0.302385,-4.01898,0.0553214,4.03072,3.15583e-14,-6.27638e-15,4.03072,7.54242,184.184,265.697,0.786406,-9999,0.346254,0.656045,198.36,0.0234645,0.25738,-0.0426691,0,54.7176,-8.30361,18.7828,46.7718,71.3299,100.041,149.88,-0.144211,1.01256,-18.0807,1.02988,-5.40968,13.0823,1.75655,1.01373,-0.121282,13.0823,0.0662122,1.02092,800000009,800010009,800000009,800000009,800000009,800000009,800000019,800010019,80000,80000,80,80,0,0,0,0,0,0,0,0.858578,0.329384,0.124127,0.038494,1.82982,0.0488414,0.000289095,-0.0146655,0.0415735,-0.00287048,0.00156709
B20151962330.slt,2015-07-16,00:00,197.0,1,36000,36000,-0.12233,1,-11.3291,2,-50.1914,2,1.68666,1,-1.12466,2,0.0436938,1,-1.9641,-0.69142,0.135335,-0.015493,-0.000788435,8.53446e-11,2.74331e-12,4.43742e-13,16.4961,389.596,394.537,3.85,0,530.249,12.5231,12.6819,38.5,0,0.0857702,2.02567,2.05136,4.0,0,284.2,283.09,99655.7,1.2206,1012.17,0.0236174,-0.0728781,0.0095551,1248.34,1219.38,0.00782819,100.0,0.0,283.406,0.598895,-3.9242,0.0467286,3.96992,-7.97086e-14,5.17362e-15,3.96992,6.81211,170.901,278.677,0.674426,-9999,0.316577,0.626844,243.765,0.0190938,0.225718,-0.0289659,0,51.2766,-7.78143,17.6016,43.8305,66.8443,93.75,140.455,-0.120869,1.01209,-11.2718,1.02889,-3.64223,13.7804,1.64423,1.0258,-0.0816132,13.7804,0.0423103,1.0327,800000009,800010009,800000009,800000009,800000009,800000009,800010019,800010019,80000,80000,80,80,0,0,0,0,0,0,0,0.655729,0.475849,0.122112,0.0556809,2.05048,0.045716,0.000240018,-0.00912356,0.0388324,-0.00192749,0.00099926
B20151970000.slt,2015-07-16,00:30,197.021,0,36000,36000,-0.153,1,-6.73651,1,-63.4581,1,1.75977,1,-1.42125,1,0.0427179,1,-1.78037,-1.81002,0.0864906,-0.0405385,-0.0024318,5.27057e-11,1.6456e-12,2.70809e-13,16.5585,390.314,395.129,3.85,0,516.997,12.1865,12.3369,3.15,0,0.0850798,2.00548,2.03022,4.0,0,283.733,282.583,99670.0,1.22312,1011.98,0.0235718,-0.0920968,0.00931628,1214.96,1178.59,0.00761681,100.0,0.0,283.001,0.755261,-4.52275,0.0248878,4.58544,7.60826e-15,3.183e-15,4.58544,8.22775,170.465,279.48,0.310978,-9999,0.353681,0.612748,571.669,0.00814178,0.106157,-0.015388,0,52.055,-7.89954,17.8688,44.4958,67.8589,95.1731,142.587,-0.151035,1.01301,-6.82044,1.0314,-4.44212,14.2855,1.71531,1.02592,-0.0994886,14.2855,0.0413497,1.03309,800000009,800010009,800000009,800000009,800000009,800000009,800010019,800010019,80000,80000,80,80,0,0,0,0,0,0,0,0.708806,0.370046,0.146645,0.0142313,1.81533,0.0555903,0.000169463,-0.00551028,0.0404328,-0.00234512,0.000974686
B20151970030.slt,2015-07-16,01:00,197.042,0,36000,36000,-0.215915,1,-0.115025,8,60.7886,2,2.01565,1,1.36105,2,0.0479683,1,-1.1022,-1.35248,0.0541596,-0.0302818,-0.000457889,3.45075e-11,1.05399e-12,1.76765e-13,16.5962,390.763,395.483,4.0,0,506.911,11.9354,12.0796,16.0,0,0.0850141,2.00168,2.02586,4.05,0,283.4,282.27,99671.3,1.22461,1011.83,0.0235453,0.0881962,0.00913454,1189.93,1153.97,0.00745912,100.0,0.0,282.691,0.505467,-4.91644,0.0457953,4.94257,-3.33158e-14,2.07924e-15,4.94257,8.41295,174.149,275.87,0.53088,-9999,0.419897,0.86564,56022.4,8.3081e-05,-0.00189222,-0.000221077,0,53.2767,-8.08495,18.2882,45.5401,69.4516,97.4068,145.933,-0.213431,1.01164,0.24592,1.02984,6.04488,10.0562,1.98374,1.01608,0.135344,10.0562,0.0469265,1.0222,800000009,800010009,800000009,800000009,800000009,800000009,800010019,800010019,80000,80000,80,80,0,0,0,0,0,0,0,1.00352,0.532437,0.195313,0.0312643,1.93725,0.0458011,0.000148586,0.000198467,0.0467077,0.00318673,0.0011049
B20151970100.slt,2015-07-16,01:30,197.062,1,36000,36000,-0.152219,1,-1.02751,4,42.6806,2,2.2202,2,0.955276,2,0.0461265,1,-1.31482,-0.345122,0.109039,-0.00772449,0.000780496,2.77459e-10,8.40975e-12,1.42258e-12,16.6547,391.666,396.372,4.1,1,504.802,11.8714,12.014,13.4,0,0.0853916,2.00815,2.03227,4.05,0,283.083,281.897,99659.7,1.22612,1011.79,0.0235169,0.0619019,0.00909653,1183.42,1125.23,0.00741895,100.0,0.0,282.609,0.939578,-4.09735,0.0192781,4.20375,2.0714e-13,1.66595e-14,4.20375,8.2508,166.667,282.915,0.262755,-9999,0.352345,0.742847,3705.09,0.00125622,-0.0240745,-0.0023507,0,54.0638,-8.20438,18.5583,46.2129,70.4776,98.8458,148.089,-0.150497,1.01144,-0.799142,1.02788,3.45452,12.355,2.14815,1.03354,0.0773189,12.355,0.0443669,1.03966,800000009,800010009,800000009,800000009,800000009,800000009,800010019,800010019,80000,80000,80,80,0,0,0,0,0,0,0,0.890104,0.462989,0.132601,0.00599765,1.9951,0.0446114,0.000186943,-0.000644174,0.0505178,0.0018183,0.00104337
B20151970130.slt,2015-07-16,02:00,197.083,1,36000,36000,-0.159518,1,1.80409,4,33.8501,2,1.91209,1,0.757407,2,0.0486553,1,-1.09312,-1.38726,0.00645564,-0.0310404,-0.00230894,8.49469e-11,2.5187e-12,4.31338e-13,16.6783,391.72,396.323,3.7,0,494.517,11.6146,11.7511,36.65,0,0.084688,1.98905,2.01242,3.9,0,282.728,281.587,99678.0,1.22782,1011.63,0.0234867,0.04908,0.00891119,1158.03,1101.85,0.00725776,100.0,0.0,282.287,1.85178,-4.20899,0.0389564,4.5985,-1.05566e-14,5.09326e-15,4.5985,8.1084,156.128,293.748,0.485389,-9999,0.360444,0.789682,-2259.28,-0.00206012,0.0532965,0.00402962,0,50.304,-7.63382,17.2677,42.9991,65.5763,91.9717,137.79,-0.157821,1.01075,1.96442,1.02777,3.43101,9.86593,1.80964,1.05662,0.0767699,9.86593,0.0457917,1.06254,800000009,800010009,800000009,800000009,800000009,800000009,800010019,800010019,80000,80000,80,80,0,0,0,0,0,0,0,0.929639,0.483443,0.16628,0.0311466,1.87167,0.0646319,0.000213157,0.00158153,0.0425025,0.00180308,0.0010755
B20151970200.slt,2015-07-16,02:30,197.104,1,36000,36000,-0.207969,1,5.33167,6,102.692,4,2.14061,1,2.29662,4,0.0455223,1,-1.84911,-2.89192,-0.0669378,-0.0646752,-0.00267292,1.85081e-10,5.24282e-12,9.30679e-13,16.6902,391.167,395.55,3.95,0,472.786,11.0806,11.2048,8.1,0,0.0839266,1.96698,1.98902,3.95,0,282.179,281.063,99704.3,1.23068,1011.33,0.0234369,0.148821,0.00851961,1105.09,1063.35,0.00692271,100.0,0.0,281.595,2.22162,-4.48035,0.0186124,5.00095,5.52791e-14,1.10892e-14,5.00095,9.35912,153.255,296.375,0.213242,-9999,0.411081,1.19283,-1134.16,-0.00410384,0.051919,0.0104208,0,53.2797,-8.0854,18.2892,45.5427,69.4555,97.4123,145.941,-0.205545,1.01179,5.76315,1.0302,9.67379,10.6155,2.01478,1.06245,0.216346,10.6155,0.0425871,1.06892,800000009,800010009,800000009,800000009,800000009,800000009,800010019,800010019,80000,80000,80,80,0,0,1,0,0,0,0,1.13205,1.06647,0.187143,0.0295506,1.8083,0.0588096,0.000143173,0.00463045,0.0472201,0.00507048,0.00099811
B20151970230.slt,2015-07-16,03:00,197.125,1,36000,36000,-0.270148,1,-1.54113,7,-110.147,4,1.58274,1,-2.46188,4,0.0415797,1,-2.20685,-2.05099,-0.0369048,-0.0458414,-0.000721684,5.41944e-11,1.484e-12,2.71902e-13,16.7119,390.863,395.092,3.7,0,457.62,10.703,10.8188,27.0,0,0.0838465,1.96103,1.98225,4.1,1,281.58,280.44,99689.7,1.23341,1011.11,0.0233884,-0.15953,0.00824631,1067.26,1019.04,0.0066858,100.0,0.0,281.082,0.738456,-5.77844,-0.0145525,5.82545,2.30292e-13,3.24286e-15,5.82545,9.8575,172.707,277.283,-0.14313,-9999,0.468002,1.22484,5788.7,0.000804049,0.0139915,-0.0026405,0,53.0714,-8.0538,18.2177,45.3647,69.184,97.0315,145.371,-0.265965,1.01573,-1.88136,1.03815,-6.67646,16.4979,1.551,1.02046,-0.149224,16.4979,0.0404145,1.02883,800000009,800010009,800000009,800000009,800000009,800000009,800010019,800010019,80000,80000,80,80,0,0,0,0,0,0,0,1.42187,0.783809,0.243995,0.0328208,1.76502,0.0491624,0.00014798,-0.00150858,0.0362754,-0.00349011,0.00094523
B20151970300.slt,2015-07-16,03:30,197.146,1,36000,36000,-0.308659,1,2.64281,4,49.2404,1,1.6809,1,1.10006,1,0.0469513,1,-1.70219,-1.40752,-0.00798377,-0.0314447,-0.00132107,-2.06387e-10,-5.51586e-12,-1.02992e-12,16.7374,390.797,394.922,4.1,1,447.32,10.4444,10.5546,9.25,0,0.0835236,1.95017,1.97075,4.05,0,281.155,279.96,99688.0,1.23562,1010.96,0.0233487,0.071284,0.00806071,1041.46,986.034,0.0065236,100.0,0.0,280.723,1.07359,-5.81052,0.0247717,5.90892,2.65545e-13,-1.23309e-14,5.90892,10.0878,169.331,280.468,0.240199,-9999,0.4998,1.4114,-4111.22,-0.00113212,0.0536716,0.00423304,0,52.3588,-7.94564,17.9731,44.7555,68.2549,95.7285,143.419,-0.304338,1.0142,2.80538,1.0357,4.18665,11.7613,1.63567,1.02765,0.0935322,11.7613,0.0453617,1.03504,800000009,800010009,800000009,800000009,800000009,800000009,800010019,800010019,80000,80000,80,80,0,0,0,0,0,0,0,1.59148,0.943047,0.288278,0.0182045,1.79833,0.0389024,0.000122386,0.00224581,0.0381907,0.00218386,0.00105914
B20151970330.slt,2015-07-16,04:00,197.167,1,36000,36000,-0.310133,1,-7.53384,4,-102.496,4,2.04684,1,-2.28856,4,0.0434975,1,-2.03741,-0.755634,0.070884,-0.0168721,0.000647905,-2.22599e-10,-5.86151e-12,-1.11219e-12,16.7979,391.379,395.455,4.25,0,442.325,10.3059,10.4132,4.25,0,0.0839288,1.95549,1.97585,4.2,0,280.671,279.387,99694.7,1.23831,1010.86,0.0232993,-0.148299,0.0079707,1027.72,947.854,0.00643678,100.0,0.0,280.529,1.07034,-5.389,0.0493025,5.49448,6.85056e-14,-1.32516e-14,5.49448,11.0568,168.681,281.234,0.514127,-9999,0.500449,1.27912,1447.83,0.00321475,0.073504,-0.0120264,0,54.0225,-8.19812,18.5442,46.1776,70.4237,98.7703,147.976,-0.305532,1.01506,-7.66352,1.03645,-6.34661,16.1497,1.98718,1.03002,-0.141709,16.1497,0.0418971,1.0382,800000009,800010009,800000009,800000009,800000009,800000009,800010019,800010019,80000,80000,80,80,0,0,0,0,0,0,0,1.46439,0.826779,0.26706,0.0195765,1.78607,0.0475537,0.000119736,-0.00612218,0.0463,-0.00330174,0.000976176
B20151970400.slt,2015-07-16,04:30,197.187,1,36000,36000,-0.249052,1,-1.74104,4,57.5412,1,1.67677,1,1.28433,1,0.0462266,1,-1.36456,-0.923197,0.00207877,-0.020606,-0.000490556,-1.12118e-10,-2.90383e-12,-5.5901e-13,16.8281,391.396,395.404,4.05,0,435.843,10.1371,10.2409,42.6,0,0.0839033,1.95147,1.97145,4.05,0,280.356,279.003,99732.7,1.24056,1010.77,0.0232585,0.0832248,0.0078539,1011.27,923.06,0.00633093,100.0,0.0,280.293,0.20692,-5.19765,0.0517825,5.20202,4.51859e-14,-6.66255e-15,5.20202,8.93081,177.759,272.28,0.570349,-9999,0.44806,1.10007,4497.38,0.00103491,-0.0302572,-0.00309886,0,53.381,-8.10077,18.324,45.6293,69.5875,97.5975,146.219,-0.245602,1.01405,-1.45999,1.03414,3.92726,14.6517,1.66296,1.0083,0.0876573,14.6517,0.045513,1.01568,800000009,800010009,800000009,800000009,800000009,800000009,800010019,800010019,80000,80000,80,80,0,0,0,0,0,0,0,1.21999,0.759359,0.220782,0.0294301,1.76064,0.042436,0.000139127,-0.00116435,0.0386779,0.00203878,0.00105856
B20151970430.slt,2015-07-16,05:00,197.208,1,36000,36000,-0.386511,1,0.526897,7,107.136,4,1.65748,1,2.39069,4,0.0604754,1,-0.961905,-1.09189,-0.0362397,-0.0243649,-0.00124815,1.12941e-10,2.86976e-12,5.60589e-13,16.8296,391.1,395.025,4.25,0,427.63,9.93762,10.0374,7.4,0,0.0835348,1.94125,1.96073,4.1,1,280.064,278.733,99720.7,1.24171,1010.65,0.0232388,0.154917,0.0077059,991.252,905.942,0.0062059,100.0,0.0,280.001,-1.14715,-6.3513,0.0790619,6.45455,6.96249e-14,6.71084e-15,6.45455,11.2428,190.311,259.762,0.701835,-9999,0.55792,1.68505,-28687.5,-0.000162245,0.00491801,0.000752548,0,56.1702,-8.52405,19.2814,48.0135,73.2236,102.697,153.859,-0.380547,1.01567,1.0023,1.039,8.47627,12.6395,1.61357,1.02722,0.189143,12.6395,0.0584144,1.03528,800000009,800010009,800000009,800000009,800000009,800000009,800000019,800010019,80000,80000,80,80,0,0,0,0,0,0,0,2.19274,0.876457,0.300913,0.0196936,1.76558,0.0452217,0.000189514,0.000798689,0.0374974,0.00439546,0.00135748
B20151970500.slt,2015-07-16,05:30,197.229,1,36000,36000,-0.350777,1,-0.0254938,4,54.9669,1,1.56729,1,1.22636,1,0.0612828,1,-0.594114,-0.433632,0.00222705,-0.00967474,0.000211145,1.50296e-11,3.78834e-13,7.46633e-14,16.8404,391.118,395.012,4.25,0,424.478,9.85847,9.95663,27.65,0,0.0836592,1.94298,1.96232,4.05,0,279.971,278.567,99720.7,1.24249,1010.6,0.0232249,0.0794681,0.0076491,983.357,895.516,0.00615628,100.0,0.0,279.885,-1.37702,-6.08827,0.0815886,6.24259,-2.30929e-14,8.9247e-16,6.24259,11.5424,192.82,257.255,0.748858,-9999,0.531337,1.57588,512119.0,9.08851e-06,-0.000463803,-3.82113e-05,0,54.9729,-8.34236,18.8704,46.99,71.6628,100.508,150.579,-0.34556,1.0151,0.234038,1.03772,4.44496,12.3661,1.51731,1.03294,0.0991713,12.3661,0.0588813,1.04079,800000009,800010009,800000009,800000009,800000009,800000009,800010019,800010019,80000,80000,80,80,0,0,0,0,0,0,0,1.96182,0.901757,0.288188,0.00638236,1.73301,0.0382304,0.000164534,0.000186386,0.0352394,0.00230324,0.00136751
B20151970530.slt,2015-07-16,06:00,197.25,1,36000,36000,-0.284037,1,-0.198066,1,-71.9223,1,0.679523,1,-1.60466,1,0.0465165,1,0.0118825,-0.230309,-0.0214587,-0.00513843,0.000268853,5.87945e-12,1.47631e-13,2.92539e-14,16.8332,390.942,394.818,4.9,0,422.677,9.81643,9.91375,22.4,0,0.0837557,1.94518,1.96446,4.05,0,279.957,278.57,99724.0,1.24253,1010.58,0.0232244,-0.103982,0.00761665,979.197,895.724,0.00612994,100.0,0.0,279.823,-1.34676,-6.028,0.0554192,6.17686,2.25391e-14,3.49277e-16,6.17686,10.7318,192.561,257.406,0.514068,-9999,0.478117,1.41405,48028.2,9.69097e-05,0.00275388,-0.000329911,0,51.8354,-7.86622,17.7934,44.3081,67.5726,94.7716,141.985,-0.2794,1.0166,-0.430245,1.04025,-4.11129,17.4939,0.657926,1.03283,-0.0917269,17.4939,0.0446533,1.04172,800000009,800010009,800000009,800000009,800000009,800000009,800010019,800010019,80000,80000,80,80,0,0,0,0,0,0,0,1.63295,0.925267,0.269879,0.00577535,1.71812,0.0382156,0.00014817,-0.000342639,0.0152799,-0.0021303,0.00103705
B20151970600.slt,2015-07-16,06:30,197.271,1,36000,36000,-0.404529,1,-6.83572,1,90.5955,1,1.13432,1,2.02141,1,0.0590856,1,0.261333,-0.16271,-0.0339195,-0.00363048,-0.000999622,9.2542e-11,2.31832e-12,4.58844e-13,16.8161,390.665,394.526,4.4,0,421.269,9.78672,9.88345,33.6,0,0.0833779,1.937,1.95614,4.1,1,280.062,278.643,99719.7,1.24217,1010.56,0.0232315,0.130988,0.00759127,976.191,900.299,0.00611132,100.0,0.0,279.779,-1.78028,-6.58745,0.0684906,6.82412,-8.07804e-14,5.50318e-15,6.82412,11.2541,195.103,254.877,0.575061,-9999,0.57067,1.60638,2366.25,0.00196699,-0.0754531,-0.00954233,0,54.4116,-8.25716,18.6777,46.5102,70.931,99.4817,149.042,-0.397163,1.01855,-6.29494,1.0448,4.60539,19.6716,1.09128,1.03944,0.102758,19.6716,0.056298,1.04952,800000009,800010009,800000009,800000009,800000009,800000009,800000019,800000019,80000,80000,80,80,0,0,0,0,0,0,0,1.74734,1.12551,0.33992,0.00798103,1.69325,0.037942,0.00012044,-0.00501472,0.025352,0.00238723,0.00130789
B20151970630.slt,2015-07-16,07:00,197.292,1,36000,36000,-0.430861,1,-5.49427,1,93.5931,1,0.8123,1,2.08833,1,0.0695625,1,0.047513,-0.0946796,-0.0174207,-0.00211257,0.000401425,7.98588e-11,1.99778e-12,3.96773e-13,16.8093,390.522,394.375,7.25,0,420.508,9.76944,9.86582,17.05,0,0.0835159,1.94028,1.95942,4.15,0,280.112,278.657,99720.3,1.24212,1010.56,0.0232325,0.135324,0.00757755,974.473,901.133,0.00610048,100.0,0.0,279.753,-1.84315,-6.11741,0.0925719,6.38972,-2.24387e-14,4.75087e-15,6.38972,11.6897,196.868,253.233,0.83011,-9999,0.588961,1.75991,3236.24,0.00143821,-0.0587038,-0.00743184,0,57.2617,-8.68969,19.6561,48.9465,74.6464,104.693,156.849,-0.423536,1.0173,-4.99469,1.04186,5.07116,18.456,0.778703,1.04314,0.113152,18.456,0.066089,1.05256,800000009,800010009,800000009,800000009,800000009,800000009,800010019,800010019,80000,80000,80,80,0,0,0,0,0,0,0,2.1569,1.04385,0.319066,0.00712483,1.72266,0.0390347,0.000179571,-0.00397908,0.0180912,0.0026288,0.00153541
B20151970700.slt,2015-07-16,07:30,197.312,1,36000,36000,-0.364301,1,-2.78193,2,106.212,1,0.509169,1,2.36982,1,0.0614337,1,-0.130696,-0.2833,-0.0574839,-0.00632101,-0.000627359,-1.73044e-10,-4.31121e-12,-8.58518e-13,16.7937,390.052,393.879,9.55,0,418.398,9.71772,9.81308,20.8,0,0.0833181,1.93515,1.95414,4.0,0,280.065,278.62,99735.0,1.24249,1010.54,0.023226,0.153564,0.00753953,969.457,898.841,0.00606807,100.0,0.0,279.678,-1.50653,-6.30362,0.0725472,6.48155,9.43985e-14,-1.03041e-14,6.48155,11.3452,193.357,256.559,0.641318,-9999,0.541481,1.48861,4967.5,0.000936971,-0.0261922,-0.00409184,0,55.8649,-8.47772,19.1766,47.7525,72.8256,102.139,153.023,-0.35804,1.01749,-2.34219,1.04234,5.755,18.4557,0.491967,1.03497,0.128406,18.4557,0.0588229,1.04438,800000009,800010009,800000009,800000009,800000009,800000009,800010019,800010019,80000,80000,80,80,0,0,0,0,0,0,0,1.83196,0.858449,0.286817,0.0083289,1.67837,0.037979,0.000149969,-0.00186543,0.0114264,0.00298236,0.00136622
B20151970730.slt,2015-07-16,08:00,197.333,1,36000,36000,-0.312495,1,-3.79469,1,102.983,1,0.67366,1,2.29791,1,0.0621337,1,0.249458,0.54242,-0.0229328,0.0121033,0.000917634,6.66435e-11,1.67809e-12,3.3208e-13,16.7818,389.864,393.729,4.1,1,422.566,9.81677,9.91409,21.2,0,0.0836224,1.94266,1.96192,4.05,0,280.194,278.69,99737.3,1.24216,1010.59,0.0232313,0.148905,0.00761464,979.361,903.221,0.00613014,100.0,0.0,279.826,-0.892637,-5.63104,0.0758619,5.70185,-3.77929e-14,3.97118e-15,5.70185,10.5646,188.939,260.992,0.76233,-9999,0.50157,1.38119,2894.44,0.00160805,-0.0368479,-0.0060269,0,56.3509,-8.55147,19.3434,48.1679,73.4591,103.027,154.354,-0.307744,1.01544,-3.30129,1.03744,6.31674,16.3031,0.657685,1.02429,0.140949,16.3031,0.0601751,1.03255,800000009,800010009,800000009,800000009,800000009,800000009,800010019,800010019,80000,80000,80,80,0,0,0,0,0,0,0,1.7722,0.748889,0.241309,0.00581849,1.66622,0.0382539,0.000163868,-0.00262986,0.0152789,0.00327443,0.00139795
B20151970800.slt,2015-07-16,08:30,197.354,1,36000,36000,-0.352369,1,-3.96768,4,93.2577,1,0.58167,1,2.08102,1,0.0507769,1,0.201917,-0.085082,-0.0560972,-0.00189858,-0.000964453,-2.10457e-11,-5.29715e-13,-1.04566e-13,16.76,389.405,393.259,8.35,0,421.845,9.80123,9.89824,22.75,0,0.0832724,1.93476,1.95392,3.95,0,280.265,278.747,99745.3,1.24202,1010.57,0.0232342,0.13485,0.00760165,977.889,906.781,0.00612041,100.0,0.0,279.804,-0.839219,-6.28696,0.0796694,6.34323,-1.83359e-13,-1.25571e-15,6.34323,10.4891,187.537,262.397,0.71964,-9999,0.532641,1.41156,3315.41,0.00140387,-0.0425453,-0.0059348,0,54.9793,-8.34332,18.8726,46.9955,71.6711,100.52,150.597,-0.346424,1.01716,-3.51838,1.04155,5.19967,17.9353,0.569493,1.02138,0.116029,17.9353,0.0492728,1.03053,800000009,800010009,800000009,800000009,800000009,800000009,800000019,800010019,80000,80000,80,80,0,0,0,0,0,0,0,1.68634,0.847852,0.288933,0.00987519,1.63707,0.0385172,0.000119026,-0.00280315,0.0132317,0.00269584,0.00114481
B20151970830.slt,2015-07-16,09:00,197.375,1,36000,36000,-0.29284,1,3.91137,7,88.6523,4,0.681822,1,1.97822,4,0.0361443,1,-0.071279,-0.0305914,-0.032351,-0.000682626,0.000633415,2.76071e-10,6.94939e-12,1.37627e-12,16.752,389.14,392.99,2.8,0,421.689,9.79564,9.89255,35.4,0,0.0835121,1.93995,1.95914,4.05,0,280.186,278.727,99758.0,1.24227,1010.57,0.0232296,0.128188,0.00759883,977.456,905.523,0.0061169,100.0,0.0,279.797,0.466065,-5.5861,0.0675594,5.60591,1.24469e-13,1.64799e-14,5.60591,10.8449,175.02,274.769,0.690515,-9999,0.485521,1.4365,-2547.43,-0.0018271,0.0441204,0.00641711,0,53.6537,-8.14216,18.4176,45.8624,69.943,98.0961,146.966,-0.288971,1.01339,4.25948,1.03386,7.97231,11.12,0.672199,1.01432,0.177897,11.12,0.0353926,1.02124,800000009,800010009,800000009,800000009,800000009,800000009,800010019,800010019,80000,80000,80,80,0,0,0,0,0,0,0,1.70042,0.916435,0.256127,0.0344707,1.61475,0.0442194,0.000134534,0.00339292,0.0156149,0.00413246,0.000822154
B20151970900.slt,2015-07-16,09:30,197.396,1,36000,36000,-0.299914,1,-2.61325,6,73.3243,2,-0.718636,1,1.63604,2,0.0466874,1,-0.320902,-0.108039,-0.0275979,-0.00241061,0.000107808,-1.77803e-10,-4.46933e-12,-8.87302e-13,16.75,388.915,392.754,9.95,0,421.035,9.77593,9.87244,29.7,0,0.0835887,1.94083,1.95999,4.05,0,280.162,278.637,99772.0,1.24285,1010.56,0.0232188,0.106016,0.00758705,975.625,899.882,0.00610455,100.0,0.0,279.77,0.27131,-5.66799,0.0488274,5.67469,-4.74504e-14,-1.06151e-14,5.67469,10.6135,177.014,272.74,0.493003,-9999,0.491235,1.28547,3949.45,0.00117849,-0.0356397,-0.00423555,0,55.3102,-8.39353,18.9862,47.2783,72.1024,101.125,151.503,-0.295387,1.01533,-2.25962,1.03719,4.59856,15.9451,-0.711288,1.01033,0.102605,15.9451,0.0458437,1.0184,800000009,800010009,800000009,800000009,800000009,800000009,800000019,800010019,80000,80000,80,80,0,0,1,0,0,0,0,1.59381,0.734595,0.242536,0.015627,1.68076,0.0411092,0.000141389,-0.00179909,-0.0165152,0.00238236,0.00106443
B20151970930.slt,2015-07-16,10:00,197.417,1,36000,36000,-0.289014,1,2.13665,6,68.2717,2,-0.68455,1,1.52339,2,0.0452415,1,0.202058,0.0601781,-0.0531865,0.00134279,-0.00105012,5.90494e-11,1.48762e-12,2.93703e-13,16.7319,388.48,392.319,7.1,0,421.524,9.78691,9.88364,14.85,0,0.0832219,1.93224,1.95134,4.15,0,280.233,278.693,99796.0,1.24289,1010.57,0.0232179,0.0987155,0.00759586,976.956,903.43,0.00611143,100.0,0.0,279.79,-0.0677136,-5.95439,0.0458564,5.95495,-1.07229e-13,3.52915e-15,5.95495,10.7836,180.289,269.348,0.441213,-9999,0.482217,1.4509,-4570.07,-0.00101845,0.0312962,0.00352768,0,53.0891,-8.05648,18.2238,45.3798,69.207,97.0639,145.419,-0.284934,1.01432,2.41292,1.03598,5.90542,11.5609,-0.681996,1.00374,0.131771,11.5609,0.0447484,1.01102,800000009,800010009,800000009,800000009,800000009,800000009,800010019,800010019,80000,80000,80,80,1,0,0,0,0,0,0,1.85406,0.78854,0.259186,0.0145815,1.66124,0.0398953,0.000142948,0.00192107,-0.0158345,0.00305946,0.00103897
B20151971000.slt,2015-07-16,10:30,197.437,1,36000,36000,-0.360061,1,-4.77542,1,69.8129,4,-0.661589,1,1.55783,4,0.0452886,1,0.118843,-0.343678,-0.00961448,-0.00766893,-0.000718579,-2.55487e-10,-6.39649e-12,-1.26715e-12,16.7266,388.401,392.215,11.65,0,418.775,9.72418,9.81967,6.25,0,0.0829594,1.92636,1.94528,4.2,0,280.2,278.727,99796.7,1.24278,1010.53,0.0232206,0.100947,0.00754632,970.701,905.523,0.00607212,100.0,0.0,279.697,0.0242344,-6.42983,0.0267422,6.42993,1.32622e-13,-1.52743e-14,6.42993,11.8874,179.691,270.216,0.238295,-9999,0.538258,1.53938,2843.69,0.00163675,-0.0684031,-0.00706442,0,52.6215,-7.98551,18.0633,44.98,68.5974,96.2088,144.138,-0.353894,1.01743,-4.36947,1.04216,3.89683,17.9153,-0.658568,1.00459,0.0869551,17.9153,0.0446752,1.01373,800000009,800010009,800000009,800000009,800000009,800000009,800000019,800010019,80000,80000,80,80,0,0,0,0,0,0,0,1.83115,0.918462,0.329143,0.00908079,1.66031,0.0395381,0.000123348,-0.00347922,-0.0152923,0.00201914,0.00103738
B20151971030.slt,2015-07-16,11:00,197.458,1,36000,36000,-0.372504,1,-1.3509,7,142.044,1,-1.30866,1,3.16948,1,0.0396883,1,-0.154523,-0.40917,-0.0396555,-0.00912998,-0.000376563,-1.54087e-10,-3.83137e-12,-7.63647e-13,16.7157,388.077,391.858,4.25,0,415.636,9.64952,9.74354,12.75,0,0.0828422,1.92328,1.94202,4.0,0,280.255,278.683,99799.7,1.24305,1010.49,0.0232162,0.205382,0.00748977,963.277,902.803,0.00602532,100.0,0.0,279.585,0.603597,-6.63442,0.0304372,6.66189,5.09981e-14,-9.21809e-15,6.66189,11.9885,174.889,275.198,0.261777,-9999,0.547421,1.67539,10574.7,0.000440144,-0.00951045,-0.00196463,0,53.0239,-8.04658,18.2014,45.324,69.122,96.9446,145.241,-0.365946,1.01792,-0.851085,1.0434,7.68412,18.4853,-1.2883,1.01581,0.171459,18.4853,0.0387108,1.02525,800000009,800010009,800000009,800000009,800000009,800000009,800010019,800010019,80000,80000,80,80,0,0,0,0,0,0,0,2.1409,0.876017,0.333861,0.0165668,1.66596,0.0432885,0.000134335,-0.000677566,-0.0299095,0.00398063,0.000898719
B20151971100.slt,2015-07-16,11:30,197.479,1,36000,36000,-0.366543,1,-0.556505,8,123.12,1,-1.32455,1,2.74707,1,0.035069,1,-0.214079,-0.571024,0.000954731,-0.0127408,-4.39301e-05,-2.69185e-10,-6.62092e-12,-1.33379e-12,16.7261,388.084,391.825,4.1,1,411.398,9.54539,9.63738,13.55,0,0.0828764,1.92292,1.94146,4.0,0,280.161,278.623,99838.0,1.24384,1010.44,0.0232023,0.17801,0.00741339,953.248,899.049,0.00596007,100.0,0.0,279.433,1.19882,-6.5553,0.0307022,6.66409,3.04887e-14,-1.60937e-14,6.66409,12.1413,169.337,280.364,0.263969,-9999,0.542849,1.74993,25038.5,0.00018589,-0.00452003,-0.000815674,0,51.8284,-7.86516,17.791,44.3022,67.5636,94.7589,141.966,-0.360097,1.0179,-0.151238,1.04336,6.59115,18.6796,-1.28761,1.02869,0.147063,18.6796,0.0337775,1.03823,800000009,800010009,800000009,800000009,800000009,800000009,800010019,800010019,80000,80000,80,80,0,0,0,0,0,0,0,2.13584,1.01645,0.347575,0.0113429,1.69731,0.0415993,0.00011832,-0.000120334,-0.0298756,0.0034122,0.000783718
B20151971130.slt,2015-07-16,12:00,197.5,1,36000,36000,-0.422321,1,-3.20862,4,138.37,1,-1.0287,1,3.08695,1,0.0393842,1,-0.476048,-0.328585,0.0176006,-0.0073305,0.000918754,4.12754e-11,1.00847e-12,2.05238e-13,16.7437,388.228,391.946,4.75,0,409.095,9.48551,9.57635,40.0,0,0.0832563,1.93043,1.94892,4.0,0,280.036,278.49,99858.0,1.24472,1010.4,0.0231866,0.200034,0.00737189,947.458,890.756,0.00592255,100.0,0.0,279.345,1.36847,-6.81908,0.0295894,6.9551,5.16364e-14,2.46513e-15,6.9551,12.679,168.384,281.348,0.243757,-9999,0.582487,1.82105,5365.84,0.000867413,-0.0231886,-0.00437994,0,53.321,-8.09167,18.3034,45.578,69.5093,97.4878,146.055,-0.414538,1.01878,-2.66856,1.0454,7.04629,19.6373,-0.997581,1.0312,0.157198,19.6373,0.0378237,1.04126,800000009,800010009,800000009,800000009,800000009,800000009,800010019,800010019,80000,80000,80,80,0,0,1,0,0,0,0,2.1012,1.16845,0.372447,0.0105391,1.68434,0.0386496,0.000104874,-0.00212185,-0.0231305,0.00364488,0.000877002
B20151971200.slt,2015-07-16,12:30,197.521,1,36000,36000,-0.455245,1,0.297996,4,131.722,1,-1.69111,1,2.93887,1,0.0436142,1,0.309339,0.457098,-0.0560604,0.0101984,0.0014638,-4.74948e-11,-1.17201e-12,-2.37907e-13,16.7187,387.77,391.517,4.45,0,412.56,9.56883,9.66128,26.45,0,0.083746,1.94239,1.96115,4.15,0,280.142,278.577,99858.0,1.24429,1010.45,0.0231938,0.190439,0.00743433,955.781,896.139,0.00597476,100.0,0.0,279.472,1.31526,-6.91551,0.0235169,7.03952,2.49462e-14,-2.84082e-15,7.03952,13.8051,169.235,280.768,0.191409,-9999,0.60487,1.86872,-64696.1,-7.19426e-05,0.00226231,0.000391845,0,54.1504,-8.21753,18.5881,46.2869,70.5905,99.0042,148.326,-0.447516,1.01727,0.850824,1.04253,9.68947,13.5943,-1.64411,1.02859,0.216183,13.5943,0.042042,1.0374,800000009,800010009,800000009,800000009,800000009,800000009,800000019,800010019,80000,80000,80,80,0,0,0,0,0,0,0,2.27434,1.07612,0.386989,0.0115176,1.70974,0.0394543,0.000110971,0.000676714,-0.0381331,0.00501411,0.000975113
B20151971230.slt,2015-07-16,13:00,197.542,1,36000,36000,-0.565802,1,12.9839,1,215.18,1,-2.89609,1,4.80144,1,0.0474006,1,0.416269,-0.0999626,-0.0629991,-0.00223053,0.000495284,-1.13156e-10,-2.79068e-12,-5.68747e-13,16.6905,387.255,390.989,4.15,0,411.626,9.5506,9.6427,8.8,0,0.0838904,1.94644,1.9652,3.85,0,280.168,278.693,99864.0,1.24385,1010.44,0.0232021,0.311133,0.00741751,954.017,903.43,0.00596334,100.0,0.0,279.445,1.22962,-7.47788,0.0137236,7.57831,-1.74991e-14,-6.77964e-15,7.57831,13.2563,170.568,279.338,0.103757,-9999,0.674447,2.17843,-2058.55,-0.00226101,0.0603396,0.0153171,0,55.8684,-8.47825,19.1778,47.7555,72.8301,102.145,153.032,-0.555384,1.01876,13.3232,1.04577,14.9358,14.407,-2.8239,1.02556,0.333271,14.407,0.0457971,1.03501,800000009,800010009,800000009,800000009,800000009,800000009,800000019,800000019,80000,80000,80,80,0,0,0,0,0,0,0,2.78239,1.13012,0.444349,0.0109165,1.76643,0.0409176,0.000107583,0.0106006,-0.0655206,0.0077326,0.00106259
B20151971300.slt,2015-07-16,13:30,197.562,1,36000,36000,-0.449855,1,7.91759,1,190.864,1,-2.27525,1,4.25926,1,0.046893,1,0.344908,0.104811,-0.0662588,0.00233892,0.00184642,1.29199e-10,3.19718e-12,6.55333e-13,16.6671,386.714,390.45,4.25,0,412.448,9.56972,9.66218,6.6,0,0.0845403,1.96153,1.98048,4.05,0,280.207,278.79,99898.0,1.24384,1010.45,0.0232023,0.276,0.00743231,956.252,909.512,0.00597532,100.0,0.0,279.479,0.979544,-7.15115,0.00781944,7.21793,5.47038e-14,7.75172e-15,7.21793,12.6285,172.213,277.8,0.0620706,-9999,0.601388,1.88646,-2393.88,-0.00194429,0.0414829,0.0104751,0,54.6793,-8.2978,18.7696,46.7391,71.28,99.9712,149.775,-0.442004,1.01776,8.41643,1.04361,13.8465,13.7843,-2.22711,1.02161,0.308993,13.7843,0.0455015,1.03058,800000009,800010009,800000009,800000009,800000009,800000009,800000019,800010019,80000,80000,80,80,0,0,0,0,0,0,0,2.29756,1.10219,0.373182,0.00926347,1.73731,0.0425399,0.000162461,0.00669652,-0.0516739,0.00716935,0.00105574
B20151971330.slt,2015-07-16,14:00,197.583,1,36000,36000,-0.498958,1,-1.15242,7,244.414,1,-1.99946,1,5.45444,1,0.0416132,1,0.118945,-0.804047,-0.0343309,-0.0179434,0.00134541,-7.41695e-11,-1.8086e-12,-3.78592e-13,16.657,386.433,390.109,4.0,0,406.177,9.42309,9.51273,11.85,0,0.0850244,1.97252,1.99129,4.05,0,280.195,278.823,99922.0,1.24405,1010.38,0.0231995,0.353448,0.00731931,941.826,911.617,0.00588343,100.0,0.0,279.259,1.01749,-7.298,0.0391336,7.36869,-1.7294e-13,-4.45275e-15,7.36869,13.4507,172.041,277.937,0.304288,-9999,0.633304,2.03234,19209.6,0.000242296,-0.00471504,-0.0014477,0,54.439,-8.26133,18.6872,46.5337,70.9668,99.5319,149.117,-0.489255,1.01983,-0.406252,1.04794,11.9643,20.4286,-1.95482,1.02284,0.267,20.4286,0.0402711,1.03333,800000009,800010009,800000009,800000009,800000009,800000009,800000019,800000019,80000,80000,80,80,0,0,0,0,0,0,0,2.45963,1.18747,0.417576,0.0105024,1.70423,0.0443781,0.00010615,-0.000323202,-0.0453508,0.00619426,0.000934269
B20151971400.slt,2015-07-16,14:30,197.604,1,36000,36000,-0.45436,1,-0.0756198,7,162.502,1,-2.02879,1,3.62698,1,0.0468717,1,0.54688,0.236655,-0.0349039,0.00528204,0.000438378,-1.04961e-11,-2.57308e-13,-5.37137e-14,16.6363,386.148,389.838,4.4,0,407.833,9.46627,9.55674,16.7,0,0.0851361,1.97611,1.99499,3.85,0,280.318,278.977,99926.7,1.24341,1010.4,0.0232111,0.235028,0.00734915,946.187,921.357,0.00591049,100.0,0.0,279.326,0.759408,-7.18082,0.0540919,7.22107,5.74498e-14,-6.30916e-16,7.22107,12.6461,173.735,276.037,0.429198,-9999,0.604495,1.98331,254599.0,1.82813e-05,-0.000465347,-9.95715e-05,0,54.7686,-8.31135,18.8003,46.8154,71.3964,100.135,150.02,-0.446427,1.01777,0.616323,1.04362,11.8237,13.7437,-1.99244,1.01824,0.2639,13.7437,0.0456312,1.02718,800000009,800010009,800000009,800000009,800000009,800000009,800000019,800010019,80000,80000,80,80,0,0,0,2,0,0,0,2.47257,1.11854,0.37551,0.0109648,1.67115,0.0424302,0.00010762,0.000490571,-0.0462467,0.00612542,0.00105915
B20151971430.slt,2015-07-16,15:00,197.625,1,36000,36000,-0.432259,1,-3.84418,4,206.3,1,-1.33727,1,4.60439,1,0.0478981,1,-0.118945,0.201014,0.0383765,0.00448642,0.000192946,2.09856e-10,5.16028e-12,1.07392e-12,16.6579,386.461,390.169,3.55,0,409.611,9.50294,9.59411,10.3,0,0.0852452,1.97768,1.99666,3.95,0,280.299,278.943,99963.0,1.24399,1010.42,0.0231999,0.298365,0.00738118,950.197,919.232,0.00593347,100.0,0.0,279.387,1.19054,-6.76703,0.0246128,6.871,1.74595e-13,1.2598e-14,6.871,12.7138,170.135,279.978,0.205241,-9999,0.589472,1.85875,4645.28,0.00100196,-0.018634,-0.00518827,0,54.6699,-8.29637,18.7664,46.731,71.2677,99.954,149.749,-0.424385,1.01855,-3.06909,1.04487,10.6603,19.3521,-1.30201,1.02708,0.237927,19.3521,0.0461897,1.03699,800000009,800010009,800000009,800000009,800000009,800000009,800010019,800010019,80000,80000,80,80,0,0,0,0,0,0,0,2.20211,1.15696,0.358415,0.00745309,1.65472,0.0409945,0.000113941,-0.00244169,-0.0302065,0.00551988,0.0010716
B20151971500.slt,2015-07-16,15:30,197.646,1,36000,36000,-0.395348,1,-8.48126,1,170.329,1,-1.3131,1,3.8014,1,0.042174,1,-0.154672,-0.0798688,0.0369067,-0.00178251,-0.000685488,-1.10218e-10,-2.70395e-12,-5.61995e-13,16.6756,386.763,390.468,3.75,0,409.098,9.48837,9.57927,9.15,0,0.0850278,1.97208,1.99097,4.0,0,280.37,278.9,99975.7,1.24435,1010.41,0.0231934,0.24633,0.00737195,948.861,916.476,0.00592434,100.0,0.0,279.367,1.23586,-6.92876,0.00247083,7.03812,-1.12028e-14,-6.60954e-15,7.03812,13.0999,169.668,280.113,0.0201145,-9999,0.563661,1.87913,1841.02,0.00252816,-0.0497935,-0.0119675,0,52.5207,-7.97021,18.0286,44.8939,68.466,96.0245,143.862,-0.387902,1.0192,-7.63755,1.04631,8.45698,20.1406,-1.2767,1.02851,0.188743,20.1406,0.040597,1.03884,800000009,800010009,800000009,800000009,800000009,800000009,800010019,800010019,80000,80000,80,80,0,0,0,0,0,0,0,2.29147,1.10473,0.36205,0.0132982,1.68006,0.0381855,0.000109686,-0.00607455,-0.0296109,0.00437759,0.000941583
B20151971530.slt,2015-07-16,16:00,197.667,1,36000,36000,-0.414807,1,-10.2617,1,294.407,4,-0.912518,1,6.56928,4,0.0449894,1,-0.738356,0.246377,0.0737709,0.00549756,-0.000730636,2.44783e-10,6.02426e-12,1.24243e-12,16.7171,387.365,391.093,6.9,0,411.417,9.53325,9.625,11.3,0,0.0848499,1.96612,1.98504,3.85,0,280.283,278.693,99995.0,1.24549,1010.43,0.0231717,0.425689,0.00741374,953.533,903.43,0.00595246,100.0,0.0,279.438,1.10818,-6.8537,0.00452583,6.94272,-4.57544e-14,1.46427e-14,6.94272,12.9899,170.581,279.185,0.0373501,-9999,0.577103,1.91215,1633.3,0.00284969,-0.0348555,-0.0141293,0,53.046,-8.04993,18.209,45.3429,69.1508,96.985,145.301,-0.40709,1.01896,-8.98036,1.04574,14.8045,19.8863,-0.889098,1.02634,0.330341,19.8863,0.0434036,1.03654,800000009,800010009,800000009,800000009,800000009,800000009,800010019,800010019,80000,80000,80,80,0,0,0,0,0,0,0,2.32166,1.13235,0.370283,0.0162733,1.70386,0.0475053,0.000114702,-0.00713587,-0.0206019,0.00765458,0.00100574
B20151971600.slt,2015-07-16,16:30,197.687,1,36000,36000,-0.366812,1,7.23487,2,104.529,4,-1.74774,2,2.3329,4,0.0275626,1,0.761629,1.30925,0.0625295,0.0292201,-0.000404786,-6.21281e-11,-1.56522e-12,-3.14394e-13,16.7265,387.876,391.704,3.85,0,421.398,9.77193,9.86836,48.8,0,0.084643,1.96281,1.98218,4.15,0,280.491,278.907,99995.7,1.24443,1010.57,0.0231893,0.151172,0.00759359,977.413,916.899,0.00610204,100.0,0.0,279.797,1.28398,-6.78672,0.00398639,6.90711,-5.54048e-15,-3.71435e-15,6.90711,12.6378,169.139,280.713,0.0330678,-9999,0.542919,1.61014,-1928.95,-0.00241291,0.069214,0.0105964,0,51.5406,-7.82148,17.6922,44.0561,67.1883,94.2326,141.178,-0.360713,1.01691,7.42228,1.04173,7.81151,13.3814,-1.69936,1.02847,0.174338,13.3814,0.0265763,1.03711,800000009,800010009,800000009,800000009,800000009,800000009,800000119,800000119,80000,80000,80,80,0,0,0,0,0,0,0,1.92202,0.94536,0.352884,0.0102248,2.11255,0.0396735,0.00011491,0.00590203,-0.0394071,0.00404279,0.000616287
B20151971630.slt,2015-07-16,17:00,197.708,1,36000,36000,-0.420854,1,-3.63664,1,147.479,1,-1.12864,1,3.29158,1,0.0381647,1,0.142809,-0.272541,-0.0190708,-0.00608283,-0.000492546,-5.22581e-11,-1.3104e-12,-2.64012e-13,16.7203,387.72,391.527,3.95,0,419.269,9.72224,9.81769,13.15,0,0.0844723,1.95879,1.97802,4.05,0,280.518,278.947,100013.0,1.2445,1010.53,0.0231885,0.213295,0.00755524,972.615,919.444,0.0060709,100.0,0.0,279.725,1.0712,-6.87255,0.0260621,6.95558,-1.20156e-13,-3.12543e-15,6.95558,12.3805,171.044,278.859,0.214684,-9999,0.581524,1.87999,4716.31,0.000986874,-0.0246587,-0.00497263,0,53.7988,-8.16417,18.4674,45.9864,70.1321,98.3613,147.363,-0.413092,1.01879,-3.04927,1.04543,7.54628,19.5433,-1.1011,1.02502,0.168425,19.5433,0.0368732,1.03503,800000009,800010009,800000009,800000009,800000009,800000009,800000019,800010019,80000,80000,80,80,0,0,1,0,0,0,0,2.28339,1.11357,0.363024,0.00973015,1.72888,0.0430326,0.000109671,-0.00242465,-0.0255329,0.00390554,0.000855036
B20151971700.slt,2015-07-16,17:30,197.729,1,36000,36000,-0.318408,1,-6.1732,1,117.13,4,-0.85706,1,2.61442,4,0.0373015,1,0.273688,0.0605786,-0.0804032,0.00135215,0.000793292,-1.51793e-10,-3.81707e-12,-7.70713e-13,16.6901,387.063,390.868,3.6,0,419.699,9.73329,9.82896,41.7,0,0.0847423,1.96527,1.98459,4.1,1,280.613,279.023,100030.0,1.24436,1010.54,0.0231911,0.169414,0.00756298,973.879,924.34,0.00607782,100.0,0.0,279.744,1.01159,-6.35776,-0.0120406,6.43774,2.80193e-14,-9.09478e-15,6.43774,11.2341,170.904,279.041,-0.107161,-9999,0.505847,1.39359,1828.94,0.00254486,-0.0527039,-0.00970487,0,52.7379,-8.00318,18.1032,45.0796,68.7492,96.4217,144.457,-0.31292,1.01754,-5.57036,1.04239,6.34491,18.4604,-0.835962,1.02524,0.141623,18.4604,0.0360518,1.03466,800000009,800010009,800000009,800000009,800000009,800000009,800000019,800010019,80000,80000,80,80,0,0,0,0,0,0,0,1.73115,0.766959,0.289065,0.0114131,1.70984,0.0407261,0.000109466,-0.00442978,-0.0193869,0.00328438,0.000836081
B20151971730.slt,2015-07-16,18:00,197.75,1,36000,36000,-0.340523,1,-12.9966,1,126.172,1,-1.33408,1,2.81638,1,0.0404235,1,0.190379,-0.215385,0.00844213,-0.00480778,-6.95537e-05,1.79943e-10,4.50587e-12,9.1321e-13,16.6921,387.132,390.922,4.15,0,417.98,9.69401,9.78891,38.5,0,0.0847126,1.9647,1.98393,4.0,0,280.673,279.077,100043.0,1.2443,1010.53,0.0231925,0.182501,0.007532,970.075,927.759,0.00605321,100.0,0.0,279.687,1.04692,-6.55287,-0.00470861,6.63597,3.3731e-14,1.07801e-14,6.63597,11.6445,170.792,279.077,-0.0406547,-9999,0.523132,1.52565,960.938,0.0048436,-0.103007,-0.019758,0,51.6691,-7.84098,17.7363,44.166,67.3559,94.4676,141.53,-0.33439,1.01834,-12.1067,1.04418,6.48539,19.4548,-1.30034,1.02595,0.144765,19.4548,0.0390221,1.03591,800000009,800010009,800000009,800000009,800000009,800000009,800000019,800010019,80000,80000,80,80,0,0,0,0,0,0,0,1.69536,1.03081,0.325137,0.00876508,1.65002,0.0411477,0.000106761,-0.00962843,-0.0301581,0.00335748,0.000905022
B20151971800.slt,2015-07-16,18:30,197.771,1,36000,36000,-0.341207,1,-10.883,1,111.82,1,-1.28699,1,2.49627,1,0.0377179,1,0.380653,0.502681,0.0164638,0.0112219,-0.000500091,3.97627e-11,1.00475e-12,2.01307e-13,16.693,387.267,391.094,4.1,1,421.811,9.78572,9.88242,7.4,0,0.0845117,1.96061,1.97999,4.2,0,280.729,279.183,100052.0,1.24389,1010.58,0.0231993,0.161759,0.00760103,979.34,934.63,0.00611068,100.0,0.0,279.825,0.862096,-6.15406,0.0538378,6.21438,1.84973e-14,2.382e-15,6.21438,11.7508,171.896,277.974,0.496383,-9999,0.523742,1.38603,1151.67,0.00404144,-0.0973261,-0.0165302,0,53.0511,-8.0507,18.2107,45.3472,69.1574,96.9943,145.315,-0.335476,1.01708,-10.1238,1.04124,6.18046,18.0925,-1.2581,1.02296,0.137973,18.0925,0.0365417,1.03219,800000009,800010009,800000009,800000009,800000009,800000009,800010019,800010019,80000,80000,80,80,0,0,0,0,0,0,0,1.63492,0.831678,0.305463,0.0092709,1.69903,0.039521,0.000108035,-0.00805365,-0.029187,0.00320088,0.000847743
B20151971830.slt,2015-07-16,19:00,197.792,1,36000,36000,-0.308629,1,-6.38405,1,181.789,1,-1.5429,1,4.05858,1,0.0426255,1,0.297361,0.312821,-0.00755279,0.00698399,-0.000239625,-9.27734e-11,-2.35831e-12,-4.6929e-13,16.6888,387.205,391.054,4.55,0,424.232,9.8428,9.94064,9.65,0,0.0844195,1.95866,1.97813,4.05,0,280.798,279.267,100072.0,1.24375,1010.61,0.0232014,0.262996,0.00764466,985.256,940.03,0.00614646,100.0,0.0,279.913,0.731809,-5.85556,0.00978917,5.90112,3.83498e-14,-5.55902e-15,5.90112,10.878,172.825,277.124,0.0950461,-9999,0.49814,1.25016,1689.48,0.00275493,-0.0351179,-0.0101959,0,55.5774,-8.43409,19.0779,47.5067,72.4508,101.613,152.235,-0.303745,1.01608,-5.53772,1.03892,10.7264,16.9478,-1.51205,1.0204,0.239475,16.9478,0.0414237,1.02901,800000009,800010009,800000009,800000009,800000009,800000009,800010019,800010019,80000,80000,80,80,0,0,0,8,0,0,0,1.62807,0.626015,0.246232,0.00597617,1.6888,0.0406603,0.000114129,-0.00440569,-0.0350817,0.00555616,0.000961091
B20151971900.slt,2015-07-16,19:30,197.812,1,36000,36000,-0.264804,1,-12.4598,1,84.8251,1,-0.810415,1,1.89398,1,0.0297801,1,0.380516,0.270728,0.00750385,0.00604484,0.00035855,-4.39064e-11,-1.12153e-12,-2.22395e-13,16.6867,387.266,391.136,4.15,0,426.239,9.89221,9.99105,13.65,0,0.0845215,1.96159,1.98119,3.95,0,280.959,279.373,100082.0,1.24337,1010.64,0.0232081,0.12273,0.00768082,990.295,946.982,0.00617743,100.0,0.0,279.987,0.975402,-5.72627,0.0214022,5.80879,4.38616e-14,-2.63122e-15,5.80879,10.1068,170.265,279.667,0.211104,-9999,0.461491,1.20871,688.347,0.00676171,-0.146888,-0.0214857,0,52.4016,-7.95215,17.9878,44.7921,68.3108,95.8069,143.536,-0.260575,1.01623,-11.7456,1.0391,4.84521,17.507,-0.789152,1.02694,0.108184,17.507,0.0287493,1.03585,800000009,800010009,800000009,800000009,800000009,800000009,800010019,800010019,80000,80000,80,80,0,0,0,0,0,0,0,1.49759,0.675046,0.244786,0.0123821,1.67488,0.0401193,0.000115743,-0.00934715,-0.0183147,0.00251076,0.000667219
B20151971930.slt,2015-07-16,20:00,197.833,1,36000,36000,-0.203736,1,-12.6243,1,83.5591,1,-0.639551,1,1.86592,1,0.0359388,1,0.416122,0.375592,-0.00641384,0.00838718,0.000528798,1.46389e-10,3.76576e-12,7.4323e-13,16.6814,387.214,391.11,8.65,0,429.117,9.96079,10.061,7.45,0,0.0846927,1.96591,1.98569,4.25,0,280.996,279.49,100106.0,1.24311,1010.68,0.0232123,0.120912,0.0077327,997.399,954.637,0.00622042,100.0,0.0,280.091,1.19268,-5.13233,0.0177583,5.26911,2.15325e-14,8.77561e-15,5.26911,9.19387,166.729,283.083,0.193103,-9999,0.404835,1.03417,458.705,0.0101468,-0.151082,-0.0248201,0,50.4882,-7.66177,17.3309,43.1565,65.8164,92.3084,138.295,-0.20072,1.01503,-11.9291,1.03612,5.02511,16.6283,-0.617555,1.03562,0.112213,16.6283,0.0344226,1.04405,800000009,800010009,800000009,800000009,800000009,800000009,800000019,800010019,80000,80000,80,80,0,0,0,0,0,0,0,1.19002,0.671348,0.206976,0.00862623,1.65328,0.0379334,0.000133416,-0.00949474,-0.0143348,0.00260473,0.000799027
B20151972000.slt,2015-07-16,20:30,197.854,1,36000,36000,-0.204006,1,-13.6999,1,92.0764,1,-0.431481,1,2.05604,1,0.0362355,1,-0.154584,-0.143676,0.00394332,-0.00320823,0.000363103,1.80921e-11,4.64142e-13,9.19858e-14,16.6855,387.246,391.132,9.65,0,428.057,9.93456,10.0342,21.15,0,0.0848343,1.96888,1.98864,4.1,1,281.002,279.447,100106.0,1.24333,1010.66,0.0232085,0.133231,0.00771358,994.779,951.788,0.00620398,100.0,0.0,280.053,1.36552,-5.10147,0.0120847,5.28108,1.32848e-14,1.0843e-15,5.28108,9.71699,164.999,284.985,0.13111,-9999,0.405069,1.05322,423.426,0.0109922,-0.148788,-0.026915,0,51.0821,-7.7519,17.5348,43.6642,66.5907,93.3943,139.922,-0.200965,1.01513,-12.9421,1.03635,5.46069,16.8617,-0.414901,1.03996,0.121935,16.8617,0.0345589,1.04851,800000009,800010009,800000009,800000009,800000009,800000009,800010019,800010019,80000,80000,80,80,0,0,0,0,0,0,0,1.26192,0.643297,0.201223,0.0112498,1.65835,0.0394324,0.000123197,-0.0102994,-0.00962925,0.00282993,0.000802061
B20151972030.slt,2015-07-16,21:00,197.875,1,36000,36000,-0.221747,1,-15.825,1,115.592,2,0.339703,1,2.581,2,0.0386765,1,-0.19032,-0.216764,0.0181088,-0.00484001,0.000251814,-3.72675e-11,-9.51905e-13,-1.89605e-13,16.6975,387.394,391.266,3.95,0,426.496,9.89501,9.9939,15.25,0,0.0849517,1.97094,1.99063,4.0,0,280.898,279.393,100121.0,1.24377,1010.64,0.0232007,0.167249,0.00768546,990.964,948.29,0.00617919,100.0,0.0,279.997,1.00593,-5.33099,-0.00661583,5.42507,1.20019e-13,-2.23192e-15,5.42507,10.0952,169.194,280.686,-0.0698718,-9999,0.42224,1.12715,415.223,0.0112094,-0.136904,-0.029816,0,51.8421,-7.86725,17.7957,44.3139,67.5815,94.784,142.004,-0.21835,1.01556,-14.9098,1.03734,6.73838,17.1543,0.329839,1.0299,0.150458,17.1543,0.0372383,1.03862,800000009,800010009,800000009,800000009,800000009,800000009,800010019,800010019,80000,80000,80,80,0,0,0,0,0,0,0,1.36558,0.678096,0.210631,0.00912057,1.65869,0.0402556,0.00012968,-0.0118614,0.0076525,0.00349073,0.000863953
B20151972100.slt,2015-07-16,21:30,197.896,1,36000,36000,-0.231394,1,-14.4927,1,93.558,1,0.589596,1,2.08891,1,0.0414406,1,-0.190359,-0.0351479,0.0321986,-0.000784761,0.00058717,-5.51905e-11,-1.40784e-12,-2.81285e-13,16.7123,387.657,391.529,3.65,0,426.308,9.8886,9.98736,22.5,0,0.0851761,1.97573,1.99547,3.95,0,280.887,279.34,100123.0,1.24403,1010.63,0.0231959,0.135361,0.00768208,990.338,944.805,0.00617517,100.0,0.0,279.988,0.755007,-5.10734,0.0248072,5.1629,-2.26547e-14,-3.30239e-15,5.1629,8.85486,171.33,278.409,0.275301,-9999,0.431282,1.02717,483.158,0.00963328,-0.154906,-0.0267277,0,53.8508,-8.17207,18.4852,46.0308,70.1999,98.4564,147.506,-0.228045,1.01468,-13.7019,1.03533,5.82476,16.0621,0.575593,1.02433,0.130052,16.0621,0.0401378,1.03246,800000009,800010009,800000009,800000009,800000009,800000009,800010019,800010019,80000,80000,80,80,0,0,0,0,0,0,0,1.23554,0.618802,0.199999,0.00891701,1.67933,0.039028,0.000141612,-0.0108982,0.0133514,0.00301666,0.000931032
B20151972130.slt,2015-07-16,22:00,197.917,1,36000,36000,-0.150522,1,-11.2181,1,52.112,1,-0.49967,1,1.16359,1,0.0375822,1,0.202246,0.465188,0.0314471,0.010387,0.000376111,1.26175e-10,3.244e-12,6.43634e-13,16.7224,387.914,391.822,10.55,0,429.94,9.97347,10.0739,9.4,0,0.0853032,1.97881,1.99874,4.0,0,280.953,279.397,100137.0,1.24391,1010.68,0.0231973,0.0754004,0.00774752,998.978,948.509,0.00622837,100.0,0.0,280.115,1.0486,-4.66593,-0.0268892,4.78238,-8.75939e-15,7.54525e-15,4.78238,8.61512,167.473,282.666,-0.32215,-9999,0.347862,0.804439,327.569,0.0142089,-0.215269,-0.0256513,0,49.9131,-7.57451,17.1336,42.665,65.0668,91.2572,136.72,-0.148445,1.01399,-10.6951,1.03354,3.31077,15.7401,-0.483167,1.03416,0.0739248,15.7401,0.0360637,1.04211,800000009,800010009,800000009,800000009,800000009,800000009,800010019,800010019,80000,80000,80,80,0,0,0,0,0,0,0,0.890779,0.560679,0.157418,0.010252,1.65043,0.0397759,0.000162313,-0.00850709,-0.0112082,0.00171486,0.000836581
B20151972200.slt,2015-07-16,22:30,197.937,1,36000,36000,-0.212536,1,-19.8301,1,-74.1277,2,0.712167,1,-1.6552,2,0.0364045,1,0.0713881,-0.701434,0.0320976,-0.0156623,-0.00142885,6.43742e-11,1.63276e-12,3.26225e-13,16.7356,388.176,392.036,4.15,0,424.474,9.8455,9.9434,37.4,0,0.08481,1.96713,1.98669,4.2,0,280.985,279.417,100156.0,1.24412,1010.61,0.0231946,-0.107257,0.00764902,986.348,949.819,0.00614816,100.0,0.0,279.929,1.23467,-5.23794,0.02275,5.38154,-2.11646e-14,3.84654e-15,5.38154,10.7006,166.629,283.263,0.242214,-9999,0.413319,1.05524,310.872,0.0149721,0.267513,-0.0381588,0,50.2837,-7.63075,17.2608,42.9818,65.5499,91.9347,137.735,-0.209227,1.01581,-19.4115,1.03779,-4.16254,17.8083,0.686846,1.03686,-0.0929454,17.8083,0.0348058,1.04593,800000009,800010009,800000009,800000009,800000009,800000009,800000019,800010019,80000,80000,80,80,0,0,0,0,0,0,0,1.22419,0.66852,0.217772,0.0108347,1.63116,0.0406591,0.000118952,-0.0154387,0.0159311,-0.00215583,0.000807307
B20151972230.slt,2015-07-16,23:00,197.958,1,36000,36000,-0.265943,1,-30.2703,1,160.756,2,1.11249,1,3.58941,2,0.0432005,1,-0.0952071,-0.431138,0.0253687,-0.00962664,2.40805e-05,-1.13123e-10,-2.84476e-12,-5.73017e-13,16.7489,388.384,392.214,4.1,1,421.191,9.76687,9.8632,6.3,0,0.0848401,1.96733,1.98673,4.2,0,280.938,279.39,100172.0,1.24447,1010.57,0.0231887,0.232594,0.00758987,978.626,948.072,0.00609887,100.0,0.0,279.815,1.2556,-5.31104,0.0326072,5.45754,1.68345e-14,-6.75408e-15,5.45754,10.9283,166.618,283.301,0.342328,-9999,0.462276,1.22156,284.961,0.0163335,-0.1883,-0.052067,0,52.4576,-7.96065,18.007,44.84,68.3838,95.9093,143.69,-0.261725,1.01611,-28.7236,1.03846,8.83834,18.1884,1.07269,1.0371,0.197346,18.1884,0.0412859,1.04637,800000009,800010009,800000009,800000009,800000009,800000009,800000019,800010019,80000,80000,80,80,0,0,1,0,0,0,0,1.50712,0.690993,0.244993,0.0204742,1.67845,0.0437412,0.000138098,-0.0228395,0.0248743,0.0045762,0.000957366
B20151972300.slt,2015-07-16,23:30,197.979,1,36000,36000,-0.209351,1,-27.4943,1,77.1468,1,1.11285,1,1.72252,1,0.037015,1,-0.0952246,-0.48032,-0.0055366,-0.0107245,-0.000131326,-1.50722e-10,-3.75674e-12,-7.63148e-13,16.7502,388.338,392.134,4.05,0,417.497,9.67929,9.77389,11.2,0,0.0848107,1.96626,1.98548,4.1,1,280.96,279.363,100182.0,1.24476,1010.52,0.0231841,0.111619,0.0075233,969.951,946.328,0.00604398,100.0,0.0,279.685,1.53511,-5.37097,0.0241436,5.5861,-5.08853e-14,-8.99825e-15,5.5861,9.43543,163.947,285.951,0.247638,-9999,0.410105,1.0188,219.06,0.0212471,-0.35639,-0.0532986,0,49.2188,-7.46915,16.8952,42.0715,64.1617,89.9877,134.818,-0.205861,1.01695,-26.2818,1.04024,3.94627,19.5493,1.06509,1.04484,0.0881119,19.5493,0.0350904,1.05485,800000009,800010009,800000009,800000009,800000009,800000009,800000019,800010019,80000,80000,80,80,0,0,0,0,0,0,0,1.09663,0.715038,0.225931,0.0194073,1.65637,0.0367431,0.000111681,-0.0208941,0.0246932,0.00204279,0.000813538
B20151972330.slt,2015-07-17,00:00,198.0,0,36000,36000,-0.177988,1,-21.5274,1,65.3888,1,1.15982,1,1.45987,1,0.0360953,1,-0.321504,0.195688,0.0362089,0.00436892,0.000791015,-2.93111e-11,-7.3271e-13,-1.48784e-13,16.7692,388.634,392.447,4.25,0,419.192,9.71495,9.81026,5.9,0,0.0851209,1.97272,1.99207,4.1,1,280.883,279.273,100187.0,1.24521,1010.54,0.0231754,0.0945995,0.00755383,973.573,940.463,0.00606633,100.0,0.0,279.74,1.2485,-4.80251,0.017935,4.96218,-5.98078e-14,-1.74791e-15,4.96218,8.73515,165.325,284.573,0.207087,-9999,0.378072,0.960714,219.215,0.0212321,-0.329221,-0.0452504,0,50.6562,-7.68727,17.3886,43.3002,66.0355,92.6157,138.755,-0.175343,1.01509,-20.6269,1.03588,3.75358,17.4204,1.11426,1.04089,0.0838023,17.4204,0.034385,1.04974,800000009,800010009,800000009,800000009,800000009,800000009,800000019,800010019,80000,80000,80,80,0,0,0,0,0,0,0,1.14601,0.596398,0.179011,0.018424,1.69711,0.0385152,0.000136387,-0.0163922,0.0258235,0.00194216,0.000796889
B20151980000.slt,2015-07-17,00:30,198.021,0,36000,36000,-0.205418,1,-22.0932,1,63.2645,1,1.81898,1,1.41233,1,0.0478865,1,-0.297803,0.239227,0.0666278,0.00534055,-0.000186347,-8.26334e-11,-2.07202e-12,-4.18541e-13,16.799,389.178,393.013,4.1,1,421.232,9.75854,9.8547,47.0,0,0.0850875,1.97119,1.99062,4.0,0,280.798,279.19,100195.0,1.24566,1010.56,0.0231667,0.0915189,0.00759059,978.019,935.061,0.00609365,100.0,0.0,279.806,1.52347,-4.85065,0.0169867,5.0843,1.04773e-13,-4.91895e-15,5.0843,9.17781,162.462,287.436,0.191426,-9999,0.406088,0.943705,264.707,0.0175832,-0.349219,-0.0432194,0,52.2389,-7.92746,17.9319,44.653,68.0987,95.5094,143.091,-0.202353,1.01514,-21.1767,1.03614,3.63694,17.395,1.73665,1.04741,0.0811917,17.395,0.0453366,1.05624,800000009,800010009,800000009,800000009,800000009,800000009,800000019,800010019,80000,80000,80,80,0,0,0,0,0,0,0,1.13078,0.565411,0.191223,0.0133946,1.73963,0.0389976,0.000159093,-0.0168228,0.0402325,0.00188094,0.0010503
B20151980030.slt,2015-07-17,01:00,198.042,0,36000,36000,-0.273378,1,-28.1199,1,-68.9822,1,1.6149,1,-1.53971,1,0.0442225,1,-0.631697,-0.381141,0.0625499,-0.00850722,-0.00133329,1.05007e-10,2.6109e-12,5.2824e-13,16.8307,389.688,393.501,3.9,0,418.478,9.68915,9.78395,19.0,0,0.0846669,1.96032,1.9795,4.15,0,280.684,279.013,100189.0,1.24641,1010.52,0.0231533,-0.0997733,0.00754097,971.01,923.7,0.00605016,100.0,0.0,279.701,1.64823,-5.16107,0.0380231,5.41801,3.49957e-14,6.23904e-15,5.41801,9.51168,162.253,287.711,0.4021,-9999,0.46833,1.09126,318.994,0.0145909,0.40764,-0.0476714,0,54.6357,-8.29118,18.7547,46.7018,71.2232,99.8915,149.656,-0.269105,1.01588,-27.3987,1.03796,-3.82513,18.034,1.54158,1.04756,-0.0853786,18.034,0.0418479,1.05674,800000009,800010009,800000009,800000009,800000009,800000009,800000019,800010019,80000,80000,80,80,0,0,0,0,0,0,0,1.32473,0.630604,0.227188,0.0253061,1.67736,0.0383204,0.000113761,-0.0217533,0.0356928,-0.0019768,0.000968918
B20151980100.slt,2015-07-17,01:30,198.062,1,36000,36000,-0.151455,1,-15.2306,1,-67.8207,1,1.09574,1,-1.51368,1,0.0347875,1,-0.274213,-0.477464,0.0365638,-0.0106564,0.000723599,1.57798e-11,3.88532e-13,7.95582e-14,16.8488,389.986,393.767,4.25,0,414.853,9.60227,9.69537,48.1,0,0.0849479,1.96622,1.98528,4.05,0,280.374,278.937,100193.0,1.24683,1010.47,0.0231462,-0.0980862,0.00747565,962.335,918.807,0.00599571,100.0,0.0,279.571,1.45234,-4.72921,0.0138578,4.94721,2.29703e-14,9.36553e-16,4.94721,9.5172,162.922,287.072,0.160493,-9999,0.348527,1.01976,242.738,0.0191746,0.224572,-0.0346856,0,47.917,-7.27159,16.4484,40.9587,62.4647,87.6076,131.252,-0.149229,1.01491,-14.9824,1.03553,-3.93308,17.2437,1.04694,1.04661,-0.0877816,17.2437,0.0329626,1.05536,800000009,800010009,800000009,800000009,800000009,800000009,800010019,800010019,80000,80000,80,80,0,0,0,0,0,0,0,1.30442,0.560257,0.174838,0.0110801,1.70733,0.0389502,0.000165197,-0.0118919,0.0242327,-0.00203181,0.000762958
B20151980130.slt,2015-07-17,02:00,198.083,1,36000,36000,-0.231559,1,-21.563,1,-82.5862,2,1.76019,1,-1.84308,2,0.0407614,1,-0.286224,-0.772044,0.00509333,-0.0172298,-0.000839823,8.49986e-11,2.06201e-12,4.27006e-13,16.8563,390.028,393.753,4.25,0,408.923,9.46184,9.55222,19.6,0,0.0846807,1.95938,1.97809,4.1,1,280.331,278.857,100198.0,1.24732,1010.39,0.0231384,-0.119432,0.0073688,948.308,913.727,0.00590771,100.0,0.0,279.358,1.40512,-5.17191,0.00834139,5.35939,-1.98048e-14,5.04254e-15,5.35939,9.97346,164.735,285.199,0.0891756,-9999,0.430866,1.10798,323.942,0.014368,0.261097,-0.03971,0,51.5533,-7.82341,17.6966,44.0669,67.2049,94.2558,141.212,-0.227981,1.0157,-21.1173,1.03753,-4.66019,17.7216,1.69021,1.04141,-0.104002,17.7216,0.0388047,1.05042,800000009,800010009,800000009,800000009,800000009,800000009,800000019,800010019,80000,80000,80,80,0,0,0,0,0,0,0,1.28507,0.708526,0.22238,0.0136147,1.66743,0.0394424,0.000124494,-0.016756,0.0391087,-0.00240644,0.000897879
B20151980200.slt,2015-07-17,02:30,198.104,1,36000,36000,-0.234418,1,-17.3007,1,-71.3835,1,1.35772,1,-1.59285,1,0.0401252,1,-0.525111,-0.059712,0.0103532,-0.00133241,-8.7998e-05,-1.86492e-11,-4.51802e-13,-9.36333e-14,16.8718,390.112,393.834,4.55,0,408.741,9.45099,9.54116,11.9,0,0.0847092,1.95866,1.97735,4.05,0,280.178,278.71,100215.0,1.2482,1010.38,0.0231222,-0.103217,0.00736552,947.388,904.476,0.00590091,100.0,0.0,279.344,1.69848,-4.98171,0.0550561,5.26358,2.1879e-15,-1.10535e-15,5.26358,9.16198,161.143,288.826,0.599314,-9999,0.433364,0.993528,410.863,0.0113284,0.242363,-0.031655,0,52.7562,-8.00596,18.1095,45.0952,68.7731,96.4552,144.508,-0.230919,1.01515,-16.9875,1.03636,-4.17902,17.0814,1.29381,1.0494,-0.0932505,17.0814,0.0379231,1.05807,800000009,800010009,800000009,800000009,800000009,800000009,800000019,800010019,80000,80000,80,80,0,0,0,0,0,0,0,1.11983,0.654742,0.212474,0.00811538,1.682,0.03667,0.000115526,-0.0134697,0.0299157,-0.00215615,0.000876864
B20151980230.slt,2015-07-17,03:00,198.125,1,36000,36000,-0.154618,1,-16.683,1,88.8388,2,1.10878,1,1.98223,2,0.040048,1,-0.214872,0.00842167,0.0514537,0.00018791,0.000799861,-8.07887e-11,-1.95543e-12,-4.06532e-13,16.8942,390.531,394.258,4.05,0,408.911,9.45252,9.54272,35.45,0,0.0850123,1.96517,1.98392,4.1,1,280.287,278.65,100219.0,1.24851,1010.39,0.0231163,0.128449,0.00736857,947.576,900.716,0.00590187,100.0,0.0,279.347,1.45384,-4.39648,0.00821028,4.63063,1.01556e-13,-4.78204e-15,4.63063,8.48085,161.601,288.298,0.101588,-9999,0.351912,0.952585,228.162,0.0203996,-0.18779,-0.0375802,0,49.6727,-7.53802,17.051,42.4594,64.7533,90.8175,136.061,-0.152479,1.01403,-15.8751,1.03344,5.43899,16.3337,1.0562,1.04978,0.121359,16.3337,0.0378509,1.05805,800000009,800010009,800000009,800000009,800000009,800000009,800010019,800010019,80000,80000,80,80,0,0,0,0,0,0,0,1.10391,0.638195,0.163057,0.019311,1.76356,0.0406708,0.000166095,-0.0125845,0.0244156,0.00280536,0.000874974
B20151980300.slt,2015-07-17,03:30,198.146,1,36000,36000,-0.121756,1,-15.3481,1,-70.1631,2,1.08028,1,-1.5655,2,0.0371073,1,-0.0596965,-0.734684,0.0449959,-0.0163925,0.00138129,8.11702e-11,1.93512e-12,4.10406e-13,16.9131,390.897,394.574,4.55,0,403.212,9.31906,9.40672,25.25,0,0.0855146,1.97642,1.99501,4.15,0,280.036,278.633,100232.0,1.24881,1010.31,0.023112,-0.101445,0.00726589,934.315,899.674,0.00581825,100.0,0.0,279.143,1.39686,-3.74409,0.0731878,3.99685,-3.83461e-14,4.79925e-15,3.99685,8.00013,159.615,290.46,1.04922,-9999,0.312245,0.661686,173.252,0.0268649,0.218749,-0.0389588,0,49.1573,-7.45981,16.8741,42.0189,64.0815,89.8752,134.649,-0.12023,1.01269,-15.2125,1.0301,-4.61449,15.205,1.02298,1.05602,-0.10296,15.205,0.0348862,1.06367,800000009,800010009,800000009,800000009,800000009,800000009,800010019,800010019,80000,80000,80,80,0,0,0,0,0,0,0,0.754568,0.436868,0.131935,0.0100028,1.70922,0.0410281,0.00015494,-0.0120573,0.0236432,-0.00237962,0.000806292
B20151980330.slt,2015-07-17,04:00,198.167,1,36000,36000,-0.105058,1,-15.8567,1,-102.401,4,0.968886,1,-2.28459,4,0.026641,2,-0.358335,-0.835929,-0.0330214,-0.0186497,-0.000667632,1.04234e-10,2.44617e-12,5.25932e-13,16.9093,390.628,394.243,4.15,0,396.829,9.1673,9.25212,20.6,0,0.085319,1.97098,1.98922,4.0,0,279.961,278.533,100242.0,1.24946,1010.23,0.0231014,-0.148041,0.00715087,919.195,893.444,0.00572317,100.0,0.0,278.907,1.73471,-3.89513,0.0701514,4.26452,-5.30483e-14,6.1643e-15,4.26452,7.6459,156.262,294.006,0.942558,-9999,0.289969,0.702661,134.311,0.034654,0.154849,-0.0433229,0,45.4225,-6.89305,15.5921,38.8265,59.2129,83.0469,124.419,-0.103602,1.01405,-15.7375,1.03307,-5.90714,17.3351,0.908073,1.06697,-0.13179,17.3351,0.0247647,1.07576,800000009,800010009,800000009,800000009,800000009,800000009,800010019,800010019,80000,80000,80,80,0,0,1,0,0,0,0,0.802468,0.464407,0.138446,0.010669,1.75163,0.0443292,0.000155336,-0.0124679,0.0209777,-0.00304452,0.000572097
B20151980400.slt,2015-07-17,04:30,198.187,1,36000,36000,-0.12462,1,-14.3267,1,-63.5014,1,1.01452,1,-1.41672,1,0.0310398,1,-0.0238893,-0.398183,-0.0165143,-0.0088835,-0.000704822,-1.10559e-10,-2.57504e-12,-5.56414e-13,16.9039,390.494,394.078,3.5,0,393.71,9.09501,9.17849,2.9,0,0.0850728,1.96525,1.98329,4.05,0,279.935,278.527,100242.0,1.24952,1010.19,0.0231008,-0.0918036,0.00709465,911.947,893.03,0.00567788,100.0,0.0,278.793,1.92696,-4.027,0.0693833,4.46483,-7.02946e-15,-6.54045e-15,4.46483,7.90352,154.355,295.572,0.890411,-9999,0.315808,0.717785,192.035,0.0242372,0.225612,-0.0359399,0,46.8761,-7.11363,16.091,40.069,61.1077,85.7044,128.401,-0.122913,1.01389,-14.1308,1.03298,-3.80401,16.6933,0.949188,1.06883,-0.0848678,16.6933,0.0288133,1.07727,800000009,800010009,800000009,800000009,800000009,800000009,800000019,800010019,80000,80000,80,80,0,0,0,0,0,0,0,0.783126,0.500637,0.151807,0.00817431,1.69812,0.0394253,0.00013465,-0.0111949,0.021927,-0.00196052,0.000665611
B20151980430.slt,2015-07-17,05:00,198.208,1,36000,36000,-0.120597,1,-11.9418,1,82.7965,1,0.685137,2,1.84713,1,0.040657,1,-0.13141,0.538144,-0.00324002,0.0120056,0.000636255,-1.29954e-10,-3.05948e-12,-6.55791e-13,16.905,390.468,394.09,4.15,0,397.991,9.19269,9.27798,9.7,0,0.0853081,1.97043,1.98871,4.0,0,279.865,278.49,100242.0,1.24964,1010.24,0.0230978,0.119694,0.00717179,921.741,890.756,0.00573908,100.0,0.0,278.947,1.93741,-3.46814,0.0699817,3.97322,-2.25496e-14,-7.68732e-15,3.97322,7.32861,150.878,299.189,1.00922,-9999,0.310653,0.715534,219.292,0.0212247,-0.144231,-0.0304498,0,49.7923,-7.55618,17.0921,42.5617,64.9093,91.0363,136.389,-0.119147,1.01217,-11.3089,1.02906,5.67249,14.5961,0.637012,1.07555,0.126549,14.5961,0.0375461,1.08286,800000009,800010009,800000009,800000009,800000009,800000009,800010019,800010019,80000,80000,80,80,0,0,0,0,0,0,0,0.94182,0.362715,0.126533,0.0066514,1.71783,0.0381261,0.000203813,-0.00895802,0.0147136,0.00292301,0.000867231
B20151980500.slt,2015-07-17,05:30,198.229,1,36000,36000,-0.116481,1,-8.76803,1,86.8463,4,0.297932,1,1.93751,4,0.0396927,1,0.0597284,-0.0189803,-0.0490939,-0.000423444,-0.000194245,-1.01176e-10,-2.3835e-12,-5.10678e-13,16.8867,390.068,393.686,10.15,0,397.818,9.18925,9.27447,22.5,0,0.0852346,1.96885,1.98711,4.05,0,279.884,278.507,100242.0,1.24957,1010.24,0.0230991,0.125551,0.00716867,921.395,891.789,0.00573692,100.0,0.0,278.942,1.8677,-3.40031,0.0473858,3.87978,-6.70356e-14,-5.99144e-15,3.87978,7.21383,151.296,298.779,0.699801,-9999,0.305314,0.601743,283.533,0.0164157,-0.10096,-0.0227495,0,50.0905,-7.60142,17.1944,42.8166,65.298,91.5814,137.206,-0.115147,1.01158,-8.18647,1.0278,6.35455,13.6668,0.277696,1.07287,0.141768,13.6668,0.0367635,1.07968,800000009,800010009,800000009,800000009,800000009,800000009,800010019,800010019,80000,80000,80,80,0,0,0,0,0,0,0,0.692495,0.39051,0.120481,0.00396221,1.68615,0.0401337,0.000184751,-0.00648504,0.00641454,0.00327471,0.000849206
B20151980530.slt,2015-07-17,06:00,198.25,1,36000,36000,-0.0826722,1,-4.87835,1,36.607,1,0.254006,1,0.816698,1,0.0369158,1,0.0477811,0.507462,-0.0465478,0.0113214,0.000954918,-5.08389e-12,-1.21085e-13,-2.57869e-14,16.8695,389.69,393.34,5.95,0,401.787,9.28137,9.36832,27.55,0,0.0855668,1.97662,1.99513,3.95,0,279.903,278.52,100242.0,1.24946,1010.29,0.0231003,0.052922,0.00724019,930.633,892.616,0.00579464,100.0,0.0,279.086,1.55747,-3.17745,0.0526153,3.53902,-4.68246e-14,-3.01366e-16,3.53902,6.04703,153.841,296.112,0.851859,-9999,0.257228,0.460971,304.756,0.0152725,-0.133263,-0.015024,0,48.5351,-7.36539,16.6605,41.4871,63.2704,88.7376,132.945,-0.0818062,1.01059,-4.59946,1.02545,2.9561,12.3835,0.238194,1.06638,0.0659504,12.3835,0.0344202,1.0725,800000009,800010009,800000009,800000009,800000009,800000009,800010019,800010019,80000,80000,80,80,0,0,0,0,0,0,0,0.534604,0.294712,0.0926271,0.0023717,1.65421,0.0377455,0.000196852,-0.00364366,0.00550234,0.00152347,0.000795116
B20151980600.slt,2015-07-17,06:30,198.271,1,36000,36000,-0.086192,1,-5.54141,1,40.0791,2,-0.514955,2,0.894115,2,0.0418023,1,-0.20311,-0.210466,-0.0611015,-0.00469523,-6.72953e-05,-1.98649e-10,-4.71784e-12,-1.00861e-12,16.8514,389.192,392.823,4.3,0,400.214,9.24317,9.3294,9.35,0,0.0855605,1.97607,1.9945,4.2,0,279.914,278.463,100242.0,1.24974,1010.27,0.0230956,0.0579387,0.00721186,926.803,889.105,0.0057707,100.0,0.0,279.026,1.34313,-2.97578,0.0584678,3.26538,6.59458e-14,-1.17883e-14,3.26538,5.92228,155.719,294.292,1.02596,-9999,0.262618,0.378988,285.51,0.016302,-0.138262,-0.0167125,0,50.5257,-7.66747,17.3438,43.1886,65.8654,92.3771,138.398,-0.0853469,1.0099,-5.22693,1.02381,3.467,11.5602,-0.484876,1.06203,0.0773443,11.5602,0.0391514,1.06771,800000009,800010009,800000009,800000009,800000009,800000009,800010019,800010019,80000,80000,80,80,0,0,0,0,0,0,0,0.424808,0.245789,0.0873782,0.00286072,1.69049,0.0380262,0.000172008,-0.00413992,-0.0111985,0.00178631,0.000904222
B20151980630.slt,2015-07-17,07:00,198.292,1,36000,36000,-0.0751758,1,-2.02645,1,73.2117,1,-0.997875,1,1.63347,1,0.0397135,1,0.477701,-0.186537,-0.0625136,-0.00416193,-0.000818965,5.53844e-11,1.31225e-12,2.80625e-13,16.8222,388.684,392.296,4.65,0,398.578,9.2093,9.2949,7.75,0,0.0852357,1.9694,1.98771,4.05,0,279.971,278.597,100247.0,1.24922,1010.25,0.0231054,0.105849,0.00718238,923.455,897.385,0.00574948,100.0,0.0,278.974,1.53323,-2.93419,0.0656058,3.31128,2.8831e-14,3.29234e-15,3.31128,5.56168,152.623,297.589,1.13527,-9999,0.245312,0.371722,636.369,0.007314,-0.0276793,-0.00654555,0,49.3813,-7.49381,16.951,42.2104,64.3735,90.2848,135.263,-0.0744712,1.00946,-1.59112,1.02299,6.80135,10.7643,-0.93584,1.06629,0.151749,10.7643,0.0370624,1.07153,800000009,800010009,800000009,800000009,800000009,800000009,800010019,800010019,80000,80000,80,80,0,0,0,0,0,0,0,0.422773,0.2399,0.0807713,0.00152776,1.75139,0.0421937,0.000182507,-0.00126076,-0.0216229,0.00350621,0.00085634
B20151980700.slt,2015-07-17,07:30,198.312,1,36000,36000,-0.0735054,1,3.72908,2,68.5835,1,-1.79774,1,1.53047,1,0.0371836,1,0.656421,0.0521353,-0.0956771,0.00116342,-0.000177251,2.66254e-11,6.32768e-13,1.35079e-13,16.7777,387.904,391.514,4.15,0,398.732,9.21877,9.30455,8.5,0,0.0851186,1.96796,1.98627,4.1,1,280.079,278.78,100249.0,1.24842,1010.25,0.0231202,0.0991747,0.00718516,924.421,908.881,0.00575542,100.0,0.0,278.989,1.4019,-2.82228,0.0536053,3.15174,-3.62715e-14,1.58695e-15,3.15174,5.37471,153.619,296.415,0.974542,-9999,0.24265,0.394313,-334.678,-0.0139071,0.0543729,0.0121852,0,51.0694,-7.74998,17.5305,43.6534,66.5742,93.3712,139.887,-0.0729813,1.00718,4.21489,1.01919,9.3685,7.32065,-1.70008,1.05744,0.209062,7.32065,0.0350291,1.06151,800000009,800010009,800000009,800000009,800000009,800000009,800010019,800010019,80000,80000,80,80,0,0,0,0,0,0,0,0.494369,0.221433,0.0728223,0.00603852,2.01166,0.0519676,0.000223987,0.0033419,-0.0393061,0.00483356,0.00080988
B20151980730.slt,2015-07-17,08:00,198.333,1,36000,36000,-0.0862687,1,9.69157,1,106.901,1,-3.15984,1,2.38612,1,0.0413546,1,0.906388,-0.354652,-0.0802934,-0.00791614,-0.000307483,-5.52815e-11,-1.30681e-12,-2.80577e-13,16.7372,387.25,390.828,4.15,0,395.653,9.15426,9.23883,5.95,0,0.0849483,1.96545,1.98361,3.95,0,280.26,279.033,100267.0,1.24754,1010.23,0.0231371,0.15462,0.00712968,918.116,924.98,0.005715,99.2579,6.86383,278.89,1.3918,-2.79052,0.0554681,3.11884,-5.94579e-14,-3.30291e-15,3.11884,5.68244,153.601,296.508,1.01905,-9999,0.262966,0.446307,-163.927,-0.0283931,0.0906594,0.0292429,0,51.855,-7.8692,17.8001,44.3249,67.5982,94.8075,142.039,-0.0856602,1.0071,10.5323,1.019,17.0581,6.26687,-3.00048,1.05311,0.380751,6.26687,0.0391202,1.05712,800000009,800010009,800000009,800000009,800000009,800000009,800010019,800010019,80000,80000,80,80,0,0,0,0,0,0,0,0.450005,0.360277,0.0823311,0.00809611,2.11563,0.049862,0.000192888,0.00835695,-0.0694222,0.00880945,0.000905127
B20151980800.slt,2015-07-17,08:30,198.354,1,36000,36000,-0.0983608,1,19.8123,1,118.864,2,-4.17143,1,2.65404,2,0.036555,1,1.2628,0.236756,0.0154716,0.00528637,-0.000864243,2.49935e-10,5.93415e-12,1.26356e-12,16.7243,387.376,390.972,4.2,0,397.082,9.19739,9.28276,4.85,0,0.0845508,1.9584,1.97658,4.05,0,280.5,279.387,100284.0,1.24615,1010.26,0.0231624,0.171982,0.00715542,922.598,947.854,0.00574202,97.3355,25.2558,278.961,1.78225,-2.68964,0.0390528,3.22678,-5.94888e-14,1.49444e-14,3.22678,5.70075,146.324,303.53,0.693452,-9999,0.280948,0.476638,-97.8014,-0.0475903,0.16668,0.0560153,0,52.8863,-8.0257,18.1542,45.2064,68.9426,96.693,144.864,-0.0976424,1.00736,21.0041,1.01962,25.9949,4.57258,-3.93712,1.05951,0.580423,4.57258,0.0343665,1.06368,800000009,800010009,800000009,800000009,800000009,800000009,800000019,800010019,80000,80000,80,80,0,0,0,0,0,0,0,0.506823,0.357013,0.0894387,0.0235211,2.40045,0.0620164,0.000148036,0.016684,-0.0911933,0.013444,0.000796012
B20151980830.slt,2015-07-17,09:00,198.375,1,36000,36000,-0.0854929,1,22.1006,1,110.111,2,-4.00562,2,2.459,2,0.0398553,2,0.607234,0.117081,0.0229052,0.00261466,0.000554635,-5.46633e-10,-1.30024e-11,-2.76859e-12,16.7229,387.563,391.169,4.05,0,397.778,9.21873,9.30451,5.5,0,0.0846981,1.96293,1.98119,4.1,1,280.604,279.557,100288.0,1.24543,1010.28,0.0231756,0.159343,0.00716795,924.776,959.036,0.00575539,96.4276,34.2602,278.995,1.56213,-2.5521,0.0481161,2.99262,2.80661e-14,-3.26877e-14,2.99262,5.55602,148.349,301.471,0.921256,-9999,0.262003,0.467947,-71.1102,-0.0654533,0.200712,0.0670408,0,52.3181,-7.93948,17.9591,44.7208,68.202,95.6542,143.307,-0.0849146,1.00681,23.4911,1.01827,29.5294,3.72886,-3.79249,1.0562,0.65945,3.72886,0.0375974,1.06005,800000009,800010009,800000009,800000009,800000009,800000009,800000019,800010019,80000,80000,80,80,0,0,0,0,0,0,0,0.43882,0.417117,0.0799555,0.0226713,2.28385,0.0672474,0.000154179,0.01867,-0.0878931,0.0152831,0.000871343
B20151980900.slt,2015-07-17,09:30,198.396,1,36000,36000,-0.0657714,1,22.0083,1,89.5051,1,-3.18734,1,1.99868,1,0.034331,1,-0.285821,0.634204,0.0668395,0.014162,-0.000553301,-9.30961e-11,-2.23904e-12,-4.69768e-13,16.7498,388.109,391.766,4.0,0,402.847,9.33432,9.42227,6.15,0,0.0845204,1.95841,1.97687,3.95,0,280.453,279.477,100280.0,1.24563,1010.34,0.0231709,0.129514,0.0072593,936.294,953.76,0.00582781,98.1687,17.466,279.174,2.07109,-2.50975,0.0134575,3.25399,4.86587e-14,-5.55804e-15,3.25399,5.7307,141.224,309.53,0.236958,-9999,0.229786,0.560277,-48.1711,-0.0966222,0.245888,0.0761037,0,48.6287,-7.37959,16.6927,41.5671,63.3924,88.9088,133.202,-0.0652869,1.00742,22.6193,1.01978,16.6928,5.3619,-2.98648,1.06726,0.372755,5.3619,0.0320404,1.07149,800000009,800010009,800000009,800000009,800000009,800000009,800000019,800010019,80000,80000,80,80,0,0,0,0,0,0,0,0.479549,0.567212,0.0737937,0.028966,2.15021,0.052889,0.000154637,0.0179731,-0.0691995,0.00863706,0.000742405
B20151980930.slt,2015-07-17,10:00,198.417,1,36000,36000,-0.0838859,1,26.8863,1,131.194,1,-3.66319,1,2.9292,1,0.033434,1,-0.512329,1.62564,-0.0521883,0.0362961,0.000419215,-4.66404e-12,-1.1586e-13,-2.3602e-14,16.7383,387.683,391.453,4.1,1,415.797,9.63045,9.7241,5.2,0,0.0847028,1.96183,1.98091,3.85,0,280.432,279.333,100269.0,1.246,1010.5,0.0231614,0.189812,0.00749267,965.898,944.37,0.00601337,100.0,0.0,279.625,1.45286,-2.74117,0.0244108,3.10249,4.59139e-14,-2.78645e-16,3.10249,6.10772,152.651,297.924,0.450816,-9999,0.259469,0.524039,-56.7694,-0.0819878,0.204936,0.0822986,0,50.0719,-7.5986,17.188,42.8007,65.2737,91.5473,137.155,-0.0832974,1.00707,27.535,1.0189,18.2826,7.17588,-3.4911,1.04929,0.4082,7.17588,0.0317432,1.05326,800000009,800010009,800000009,800000009,800000009,800000009,800000019,800010019,80000,80000,80,80,0,0,0,0,0,0,0,0.598522,0.362069,0.087487,0.0433601,2.2687,0.0644947,0.000167977,0.0218692,-0.0808587,0.00945447,0.000735217
B20151981000.slt,2015-07-17,10:30,198.437,1,36000,36000,-0.0407704,1,24.9347,2,66.241,1,-3.102,1,1.47912,1,0.032666,1,0.369198,-0.109208,-0.0303834,-0.00243854,-0.000429179,-5.01178e-11,-1.2432e-12,-2.53326e-13,16.7206,387.435,391.195,4.05,0,414.764,9.61054,9.7038,5.75,0,0.084516,1.95833,1.97733,4.2,0,280.587,279.437,100264.0,1.24549,1010.49,0.0231711,0.0958471,0.00747405,963.853,951.131,0.0060009,100.0,0.0,279.594,1.02244,-2.48298,-0.00849361,2.68526,-1.59662e-13,-2.99737e-15,2.68526,5.07134,159.219,292.381,-0.181229,-9999,0.180926,0.582338,-20.7527,-0.22428,0.376424,0.109505,0,-9999.0,-9999.0,-9999.0,-9999.0,-9999.0,-9999.0,-9999.0,-0.0405228,1.00611,25.2133,1.01653,10.429,6.35162,-2.98839,1.03802,0.232874,6.35162,0.0313669,1.04142,800000009,800010009,800000009,800000009,800000009,800000009,800010019,800010019,80000,80000,80,81,0,0,0,0,0,0,0,0.441009,0.669261,0.054406,0.0684074,2.25465,0.0661302,0.000191269,0.0200336,-0.0692443,0.00539594,0.000726806
B20151981030.slt,2015-07-17,11:00,198.458,1,36000,36000,-0.0529679,1,20.5343,1,126.066,2,-4.17251,2,2.81574,2,0.0354322,1,1.01136,0.276249,-0.0952907,0.00617015,0.000369128,-9.40648e-11,-2.3503e-12,-4.77152e-13,16.671,386.657,390.428,4.2,0,416.541,9.66095,9.7552,7.9,0,0.0845652,1.96135,1.98048,4.0,0,280.862,279.72,100270.0,1.24427,1010.53,0.0231933,0.18246,0.00750606,968.964,969.89,0.00603249,99.9045,0.926174,279.671,1.02419,-1.8689,0.0438706,2.13159,-4.59762e-14,-5.64242e-15,2.13159,3.69437,150.877,298.724,1.1793,-9999,0.206323,0.24314,-37.3735,-0.124537,0.162886,0.0791532,0,52.3505,-7.94439,17.9702,44.7484,68.2442,95.7134,143.396,-0.0527087,1.00492,21.7097,1.0135,23.7221,5.31427,-3.96751,1.05167,0.529845,5.31427,0.033604,1.0544,800000009,800010009,800000009,800000009,800000009,800000009,800010019,800010019,80000,80000,80,80,0,0,0,0,0,0,0,0.238135,0.198545,0.0495997,0.0286513,2.47326,0.0623037,0.000192258,0.017266,-0.0920196,0.0122889,0.000779387
B20151981100.slt,2015-07-17,11:30,198.479,1,36000,36000,-0.0544475,5,20.7346,5,121.588,5,-4.50507,5,2.71637,5,0.0353254,5,0.879758,0.714607,-0.0670524,0.0159648,0.000393619,6.09574e-11,1.54584e-12,3.10158e-13,16.6333,386.108,389.926,4.05,0,421.811,9.79149,9.88832,6.1,0,0.0846322,1.96456,1.98399,3.8,0,281.168,279.967,100273.0,1.24316,1010.59,0.023213,0.176021,0.00760104,982.089,986.486,0.00611431,99.5543,4.39701,279.866,1.37467,-1.6227,0.0391703,2.12707,2.5239e-14,3.66478e-15,2.12707,5.33601,139.603,310.269,1.05517,-9999,0.20928,0.464713,-38.6282,-0.120492,0.170531,0.0788613,0,52.6127,-7.98418,18.0602,44.9725,68.5859,96.1927,144.114,-0.0541816,1.00491,21.93,1.01347,24.043,5.05712,-4.21432,1.06899,0.537137,5.05712,0.03296,1.07177,800000009,800010009,800000009,800000009,800000009,800000009,800000019,800010019,80000,80000,80,81,0,0,0,0,0,0,0,0.52449,0.354538,0.0503985,0.0616996,2.76667,0.073772,0.000206638,0.0174555,-0.097827,0.0124686,0.000765099
B20151981130.slt,2015-07-17,12:00,198.5,1,36000,36000,-0.0609511,1,41.793,1,167.237,1,-5.85457,1,3.73787,1,0.0425842,1,1.68545,0.855745,-0.0418471,0.0191266,-0.000701494,-1.36361e-10,-3.51651e-12,-6.9241e-13,16.591,385.765,389.642,4.1,1,427.851,9.94815,10.0481,6.3,0,0.084245,1.95882,1.9785,4.0,0,281.544,280.44,100277.0,1.24103,1010.69,0.0232515,0.242214,0.00770987,997.835,1019.04,0.0062125,97.9194,21.2018,280.098,1.4903,-2.11059,0.0472529,2.58415,-1.8881e-13,-8.219e-15,2.58415,5.12315,145.231,305.226,1.04775,-9999,0.221615,0.527165,-22.7584,-0.204514,0.249903,0.150349,0,47.5153,-7.21062,16.3105,40.6153,61.9409,86.8731,130.152,-0.0605944,1.00589,43.5345,1.01596,38.6689,4.32483,-5.51873,1.06085,0.864283,4.32483,0.0400153,1.0642,800000009,800000009,800000009,800000009,800000009,800000009,800000019,800000019,80000,80000,80,80,0,0,1,0,0,0,0,0.509595,0.471893,0.0728422,0.103239,2.88864,0.0922112,0.000174821,0.0347083,-0.128319,0.0200958,0.000930415
B20151981200.slt,2015-07-17,12:30,198.521,1,36000,36000,-0.0902857,1,45.0481,1,166.821,1,-5.53679,1,3.7292,1,0.0304897,1,0.628745,-0.180764,0.0313365,-0.0040409,-0.000701004,4.74332e-11,1.21833e-12,2.39988e-13,16.5934,386.022,389.888,4.05,0,426.203,9.91503,10.0143,5.45,0,0.083954,1.95307,1.97263,4.1,1,281.765,280.617,100287.0,1.24039,1010.68,0.0232636,0.241652,0.00768018,994.619,1031.43,0.00619174,96.4314,36.8071,280.051,2.07363,-2.33182,0.00419167,3.12047,-1.48973e-14,2.85856e-15,3.12047,6.24889,137.852,311.646,0.0769642,-9999,0.269793,0.670495,-38.097,-0.122172,0.270039,0.133191,0,52.6202,-7.98532,18.0628,44.9789,68.5957,96.2065,144.135,-0.0896485,1.00711,46.8618,1.01901,42.8326,3.89471,-5.16477,1.07203,0.957505,3.89471,0.0283332,1.07611,800000009,800000009,800000009,800000009,800000009,800000009,800000019,800000019,80000,80000,80,80,0,0,3,0,0,0,0,0.63831,0.619134,0.0835447,0.131905,2.73611,0.101265,0.000133719,0.0373807,-0.120151,0.022275,0.000659134
B20151981230.slt,2015-07-17,13:00,198.542,1,36000,36000,-0.0741384,1,37.0024,1,138.747,1,-5.00207,1,3.10237,1,0.0350502,1,0.900801,0.271613,-0.0535743,0.00607326,0.000178265,-1.48149e-10,-3.8287e-12,-7.50974e-13,16.5597,385.583,389.464,4.2,0,427.961,9.96485,10.0651,5.45,0,0.0839417,1.95454,1.97421,4.15,0,281.876,280.87,100288.0,1.23926,1010.71,0.0232845,0.201034,0.00771186,999.623,1049.42,0.00622296,95.2544,49.8018,280.124,2.05222,-2.60614,-0.00812389,3.31717,-5.34754e-14,-8.94638e-15,3.31717,5.80042,142.497,308.219,-0.14032,-9999,0.244592,0.824588,-34.5604,-0.134674,0.26669,0.120781,0,48.5714,-7.3709,16.673,41.5181,63.3177,88.804,133.045,-0.0735813,1.00757,38.8093,1.02015,41.2429,3.36414,-4.695,1.0654,0.922191,3.36414,0.032766,1.06971,800000009,800000009,800000009,800000009,800000009,800000009,800000019,800010019,80000,80000,80,81,0,0,0,0,0,0,0,0.515435,1.04989,0.0838438,0.0802164,2.83239,0.117317,0.000141039,0.0309848,-0.109321,0.0214727,0.000762939
B20151981300.slt,2015-07-17,13:30,198.562,1,36000,36000,-0.107599,1,62.0685,1,153.996,2,-6.64856,1,3.44438,2,0.0397218,1,1.11292,0.113292,-0.122405,0.00253396,-2.65361e-06,5.4434e-11,1.41339e-12,2.76646e-13,16.4981,384.578,388.457,4.05,0,428.377,9.98565,10.0864,5.3,0,0.0838472,1.95452,1.97423,3.9,0,282.13,281.183,100288.0,1.23787,1010.72,0.0233104,0.223196,0.00771935,1001.71,1072.07,0.00623601,93.4371,70.3584,280.154,1.85,-2.87731,0.0369554,3.42094,2.08678e-13,3.29941e-15,3.42094,6.94736,148.804,302.739,0.618962,-9999,0.294827,0.927153,-36.0841,-0.128988,0.403052,0.168267,0,50.9247,-7.72801,17.4808,43.5296,66.3854,93.1065,139.491,-0.106764,1.00782,64.4199,1.02075,58.1513,2.6482,-6.29773,1.05571,1.30065,2.6482,0.0374695,1.06011,800000009,800000009,800000009,800000009,800000009,800000009,800000019,800000019,80000,80000,80,81,0,0,4,0,0,0,0,0.968766,0.777335,0.108205,0.11345,2.69262,0.111797,0.00012459,0.0514888,-0.146803,0.0303188,0.00087343
B20151981330.slt,2015-07-17,14:00,198.583,1,36000,36000,-0.124977,1,68.8303,1,164.034,2,-6.78971,1,3.66944,2,0.0397235,2,0.544311,0.57522,-0.0020529,0.0128677,0.00031314,-1.08369e-11,-2.84374e-13,-5.51506e-14,16.4877,384.561,388.481,3.95,0,432.659,10.0914,10.1942,4.75,0,0.0839084,1.95709,1.97704,3.95,0,282.117,281.337,100284.0,1.23709,1010.79,0.0233241,0.23778,0.00779651,1012.27,1083.31,0.00630228,93.4432,71.0307,280.307,2.54758,-2.47108,0.03487,3.54932,-3.74334e-13,-6.57271e-16,3.54932,7.05312,135.338,315.873,0.562907,-9999,0.317843,0.922141,-40.7702,-0.114162,0.419609,0.173183,0,53.6055,-8.13484,18.401,45.8212,69.8802,98.008,146.834,-0.123969,1.00813,71.0964,1.02151,59.4755,2.75801,-6.3117,1.07573,1.33047,2.75801,0.0367678,1.08039,800000009,800000009,800000009,800000009,800000009,800000009,800000019,800000019,80000,80000,80,80,0,0,0,0,0,0,0,0.903475,0.830222,0.110586,0.181897,2.93355,0.177202,0.000130423,0.0568571,-0.147215,0.0310319,0.000857576
B20151981400.slt,2015-07-17,14:30,198.604,1,36000,36000,-0.0850615,1,46.2942,1,274.072,1,-4.61945,1,6.12729,1,0.0253061,1,-2.25346,2.27194,0.00277036,0.0507924,0.00082727,3.29725e-11,9.00889e-13,1.68374e-13,16.5259,384.584,388.668,4.1,1,451.528,10.5077,10.6193,5.4,0,0.0843894,1.96387,1.98472,4.0,0,281.841,280.703,100284.0,1.23969,1011.01,0.0232715,0.397048,0.00813654,1054.04,1037.55,0.00656335,100.0,0.0,280.899,1.79965,-2.95261,-0.000322222,3.45784,3.71248e-13,1.9952e-15,3.45784,6.49472,150.104,301.363,-0.00533916,-9999,0.261945,0.82978,-33.9323,-0.137167,0.168912,0.141009,0,47.8914,-7.26771,16.4396,40.9369,62.4313,87.5608,131.182,-0.0843941,1.00791,47.5485,1.02097,34.948,7.84229,-4.38427,1.05364,0.781313,7.84229,0.0239169,1.05808,800000009,800000009,800000009,800000009,800000009,800000009,800000019,800000019,80000,80000,80,81,0,0,0,0,0,0,0,0.657067,0.902912,0.0995794,0.0963867,2.39401,0.0923017,0.00011707,0.0379374,-0.102029,0.0181823,0.000556582
B20151981430.slt,2015-07-17,15:00,198.625,1,36000,36000,-0.0936191,1,47.204,1,215.156,1,-7.13419,1,4.81239,1,0.0409828,1,1.76376,-2.08986,-0.0533961,-0.0467439,-0.000161095,-6.36314e-11,-1.67695e-12,-3.25084e-13,16.4761,384.145,388.074,4.0,0,434.214,10.1238,10.2274,5.35,0,0.0841741,1.96255,1.98262,3.85,0,282.275,281.2,100273.0,1.23754,1010.8,0.0233153,0.311843,0.00782454,1015.42,1073.28,0.00632264,94.6086,57.8646,280.353,1.62396,-2.36262,0.0450101,2.86727,-2.00183e-13,-3.86204e-15,2.86727,7.4782,147.705,304.503,0.899461,-9999,0.275044,1.17667,-38.5191,-0.120834,0.219395,0.137199,0,49.2591,-7.47525,16.909,42.1059,64.2142,90.0613,134.928,-0.0930124,1.00652,51.0799,1.01756,77.1615,2.78838,-6.74851,1.05715,1.72588,2.78838,0.0386321,1.06085,800000009,800000009,800000009,800000009,800000009,800000009,800000019,800000019,80000,80000,80,81,0,0,6,0,0,0,0,0.988314,1.26254,0.102466,0.16268,2.70718,0.150097,0.000127274,0.0408341,-0.157344,0.0402393,0.00090072
B20151981500.slt,2015-07-17,15:30,198.646,1,36000,36000,-0.122322,1,50.0457,1,130.972,1,-5.61812,1,2.93016,1,0.0351272,1,0.88705,-0.05394,-0.0597869,-0.00120677,0.000565233,5.19088e-11,1.36843e-12,2.66164e-13,16.441,383.654,387.574,4.1,1,433.421,10.1139,10.2173,4.95,0,0.0843018,1.96719,1.98729,3.95,0,282.39,281.45,100277.0,1.2365,1010.8,0.0233351,0.189874,0.00781024,1014.47,1091.68,0.00631642,92.9272,77.2122,280.339,2.15138,-2.8511,0.0667844,3.57235,1.43131e-14,3.15728e-15,3.57235,6.44144,143.394,307.037,1.0712,-9999,0.314525,0.856531,-54.3333,-0.0856639,0.38211,0.127306,0,51.9203,-7.87911,17.8226,44.3807,67.6834,94.9269,142.218,-0.121329,1.00818,52.1474,1.02164,51.0128,2.56743,-5.27921,1.0642,1.14128,2.56743,0.032865,1.06883,800000009,800000009,800000009,800000009,800000009,800000009,800000019,800000019,80000,80000,80,80,0,0,0,0,0,0,0,0.646836,0.948943,0.117285,0.106294,2.57609,0.0994734,0.000123006,0.0417228,-0.123191,0.0266319,0.000766907
B20151981530.slt,2015-07-17,16:00,198.667,1,36000,36000,-0.0937168,1,42.59,1,93.9806,2,-5.68641,1,2.10302,2,0.0320119,1,0.803676,-1.0383,0.0583111,-0.0232343,-0.000223415,-9.77647e-11,-2.52542e-12,-5.00196e-13,16.4502,384.133,387.983,3.95,0,424.935,9.92281,10.0223,4.45,0,0.0841645,1.96535,1.98505,3.9,0,282.483,281.677,100288.0,1.23573,1010.7,0.0233513,0.136276,0.00765733,995.405,1108.59,0.00619661,89.7899,113.189,280.062,2.23398,-2.32644,0.0417414,3.22564,-1.18489e-13,-5.94307e-15,3.22564,5.52467,136.866,313.838,0.741457,-9999,0.275389,0.561151,-42.8567,-0.108604,0.453178,0.123827,0,51.8444,-7.86758,17.7965,44.3158,67.5844,94.788,142.01,-0.0930326,1.00735,44.9784,1.01962,52.2126,1.79996,-5.29725,1.07346,1.16837,1.79996,0.0297043,1.07769,800000009,800000009,800000009,800000009,800000009,800000009,800000019,800000019,80000,80000,80,80,0,0,0,0,0,0,0,0.473083,0.558901,0.0903177,0.112509,2.7257,0.119711,0.000124975,0.036013,-0.123698,0.0272831,0.000693636
B20151981600.slt,2015-07-17,16:30,198.687,1,36000,36000,-0.0979263,1,67.0216,1,112.111,1,-7.51338,1,2.5098,1,0.0364696,1,1.55761,-0.991267,0.0592149,-0.0221911,0.000446128,-2.0713e-10,-5.24525e-12,-1.06038e-12,16.4454,384.621,388.404,4.2,0,416.455,9.73999,9.83579,4.75,0,0.0841904,1.96903,1.9884,3.95,0,282.744,282.117,100288.0,1.23389,1010.6,0.0233878,0.162635,0.00750453,977.066,1142.09,0.00608202,85.5506,165.026,279.792,1.84032,-2.64243,0.0526278,3.22056,2.28739e-14,-1.2595e-14,3.22056,6.46282,145.517,304.855,0.936323,-9999,0.281717,0.622672,-29.154,-0.159649,0.597812,0.190786,0,50.1191,-7.60577,17.2043,42.8411,65.3353,91.6337,137.284,-0.0972125,1.00734,70.7289,1.01959,81.2309,1.38016,-7.083,1.06076,1.81849,1.38016,0.0342461,1.06493,800000009,800000009,800000009,800000009,800000009,800000009,800000119,800000119,80000,80000,80,80,0,0,0,0,0,0,0,0.618969,0.523512,0.102862,0.127931,3.04136,0.14854,0.000116705,0.0567205,-0.165656,0.0425305,0.000800941
B20151981630.slt,2015-07-17,17:00,198.708,1,36000,36000,-0.0914635,1,45.6063,1,112.661,1,-5.90512,1,2.52068,1,0.0378533,1,-2.10514,2.33181,-0.00752186,0.0521718,0.00116789,9.07019e-11,2.39842e-12,4.66678e-13,16.4787,384.559,388.51,4.0,0,435.744,10.1689,10.2733,4.95,0,0.084786,1.97863,1.99896,4.0,0,282.37,281.523,100296.0,1.23638,1010.84,0.0233368,0.16334,0.00785211,1020.17,1097.13,0.00635086,92.9857,76.956,280.421,1.68374,-2.59766,0.0555722,3.09611,-2.53783e-13,5.50419e-15,3.09611,6.86554,147.91,302.95,1.02846,-9999,0.271987,0.676921,-38.5609,-0.120703,0.404809,0.134166,0,51.4228,-7.80361,17.6518,43.9554,67.0348,94.0173,140.855,-0.0908231,1.00705,47.6985,1.01887,47.4047,2.37658,-5.58694,1.05695,1.06063,2.37658,0.035679,1.06094,800000009,800000009,800000009,800000009,800000009,800000009,800000019,800000019,80000,80000,80,80,0,0,0,0,0,0,0,0.713353,0.550545,0.0899436,0.113248,2.53099,0.147582,0.000123321,0.0381655,-0.130381,0.0247517,0.000832633
B20151981700.slt,2015-07-17,17:30,198.729,1,36000,36000,-0.0686142,1,47.1472,1,64.461,1,-5.53173,1,1.44294,1,0.0257666,1,1.77065,-1.23052,0.0240274,-0.0275448,0.00024954,-2.31938e-10,-5.99321e-12,-1.19399e-12,16.4566,384.757,388.621,4.05,0,425.234,9.94201,10.0418,4.8,0,0.0847168,1.98069,2.00058,4.1,1,282.747,282.023,100288.0,1.2342,1010.72,0.0233801,0.0935025,0.00766272,997.332,1134.91,0.00620865,87.8774,137.581,280.091,1.96156,-1.6071,0.0287197,2.53601,-1.99186e-13,-1.40939e-14,2.53601,4.75105,129.348,320.672,0.648876,-9999,0.235784,0.62726,-24.2983,-0.191553,0.731407,0.160297,0,51.3225,-7.78839,17.6174,43.8697,66.9041,93.834,140.58,-0.0682199,1.00578,49.1314,1.01569,43.495,1.48203,-5.10844,1.08286,0.973621,1.48203,0.0237215,1.08621,800000009,800000009,800000009,800000009,800000009,800000009,800000019,800000019,80000,80000,80,81,0,0,0,0,0,0,0,0.359646,0.826865,0.0680093,0.109891,2.82922,0.0926843,0.000127081,0.0393862,-0.119436,0.0227634,0.000554611
B20151981730.slt,2015-07-17,18:00,198.75,1,36000,36000,-0.0921838,1,58.5385,1,73.2468,1,-6.53919,1,1.63975,1,0.0375721,1,0.342252,1.32446,-0.0699169,0.0296503,0.000668146,-1.46751e-10,-3.89099e-12,-7.58693e-13,16.4277,384.181,388.135,4.0,0,435.568,10.1863,10.2911,4.55,0,0.0849302,1.98619,2.00663,4.0,0,282.823,282.12,100296.0,1.23377,1010.85,0.0233862,0.106256,0.00784894,1021.92,1142.35,0.00636177,89.4577,120.43,280.446,2.11022,-1.7677,0.040815,2.75308,9.50952e-14,-8.93313e-15,2.75308,6.17331,129.065,320.048,0.849453,-9999,0.273345,0.719991,-30.495,-0.152628,0.799195,0.171715,0,52.8443,-8.01933,18.1398,45.1705,68.8879,96.6163,144.749,-0.09161,1.00626,60.3373,1.01691,43.8022,1.67222,-6.03622,1.08332,0.980588,1.67222,0.0345661,1.08696,800000009,800000009,800000009,800000009,800000009,800000009,800000019,800000019,80000,80000,80,81,0,0,0,0,0,0,0,0.762529,0.592529,0.0849239,0.130975,2.9992,0.106314,0.00014377,0.0483799,-0.141164,0.0229322,0.000808367
B20151981800.slt,2015-07-17,18:30,198.771,1,36000,36000,-0.076369,5,29.397,5,68.1273,5,-5.07523,5,1.52486,5,0.0185502,5,-0.696815,0.108741,0.0144272,0.0024339,-9.8032e-05,2.28403e-10,6.06598e-12,1.17999e-12,16.4448,384.3,388.263,4.15,0,436.744,10.2063,10.3115,5.2,0,0.0849577,1.98538,2.00586,4.05,0,282.738,281.923,100300.0,1.23466,1010.86,0.0233691,0.098811,0.00787012,1023.96,1127.26,0.00637433,90.8361,103.302,280.475,1.05034,-0.819875,0.0301467,1.33279,5.44612e-14,1.38891e-14,1.33279,4.93178,124.499,322.025,1.2961,-9999,0.248706,0.869742,-45.7405,-0.101757,0.431501,0.094706,0,61.94,-9.39963,21.262,52.9454,80.745,113.246,169.663,-0.0761102,1.0034,31.9428,1.00953,46.2561,1.47283,-4.66572,1.08777,1.03533,1.47283,0.0170257,1.08954,800000009,800010009,800000009,800000009,800000009,800000009,800110019,801110019,80000,80000,80,81,0,0,0,0,0,0,0,1.28373,0.408343,0.0474007,0.0696501,2.75839,0.114926,0.000192094,0.0255938,-0.109034,0.0241947,0.000397875
B20151981830.slt,2015-07-17,19:00,198.792,1,36000,36000,-0.0655109,1,47.1711,1,55.3381,1,-5.97832,1,1.23909,1,0.0347032,1,1.45041,-1.67953,0.00639592,-0.0376068,0.000326442,-2.19805e-10,-5.65951e-12,-1.13695e-12,16.4221,384.353,388.194,4.1,1,422.834,9.89626,9.99517,4.4,0,0.0849437,1.98807,2.00795,3.9,0,283.017,282.333,100293.0,1.23293,1010.7,0.0234046,0.0802931,0.00761946,992.792,1158.91,0.00617997,85.6658,166.121,280.024,1.50799,-2.14868,0.0290861,2.62521,3.2153e-14,-1.33847e-14,2.62521,5.59836,145.05,305.062,0.634824,-9999,0.230509,0.430208,-22.693,-0.205103,0.852417,0.164221,0,51.5166,-7.81785,17.684,44.0356,67.1571,94.1888,141.112,-0.0651216,1.00598,49.0266,1.01619,41.6656,1.32815,-5.63379,1.06116,0.932946,1.32815,0.0325988,1.06455,800000009,800000009,800000009,800000009,800000009,800000009,800000019,800100019,80000,80000,80,80,0,0,0,0,0,0,0,0.40516,0.390879,0.0643774,0.092444,2.96522,0.0996286,0.000135695,0.0393435,-0.131857,0.0218352,0.000762962
B20151981900.slt,2015-07-17,19:30,198.812,1,36000,36000,-0.0808156,1,38.8704,1,51.0699,1,-4.91786,1,1.14337,1,0.0362888,1,-0.483805,1.00108,-0.0369516,0.0224125,0.000611802,5.40804e-11,1.41956e-12,2.80664e-13,16.42,384.048,387.959,4.05,0,431.009,10.0809,10.1836,4.6,0,0.0852156,1.99311,2.01341,3.9,0,282.959,282.197,100311.0,1.23366,1010.8,0.0233891,0.0740907,0.00776678,1011.5,1148.28,0.00629572,88.0883,136.78,280.296,2.30072,-1.95734,0.0509378,3.02111,-7.84974e-14,3.29357e-15,3.02111,5.14108,130.648,319.61,0.966089,-9999,0.255946,0.381429,-37.7052,-0.123442,0.76112,0.12179,0,53.5408,-8.12502,18.3788,45.7658,69.7958,97.8896,146.656,-0.0802637,1.00688,40.2052,1.01843,32.445,1.57405,-4.54711,1.08153,0.726391,1.57405,0.0334299,1.08552,800000009,800000009,800000009,800000009,800000009,800000009,800000019,800010019,80000,80000,80,80,0,0,0,0,0,0,0,0.375775,0.315068,0.0720155,0.058782,2.46186,0.0759261,0.000129097,0.0322421,-0.106353,0.0169896,0.000781896
B20151981930.slt,2015-07-17,20:00,198.833,1,36000,36000,-0.0525278,1,19.5226,1,41.8943,1,-3.55301,1,0.937829,1,0.0358453,1,-0.460427,0.49015,-0.0325058,0.0109723,0.00129037,-6.31666e-11,-1.67409e-12,-3.29796e-13,16.4163,383.781,387.724,4.25,0,435.077,10.1713,10.2758,4.8,0,0.0857102,2.00374,2.02433,4.0,0,282.957,282.067,100312.0,1.2342,1010.84,0.0233781,0.0607713,0.00784009,1020.57,1138.24,0.00635237,89.6624,117.667,280.427,1.55639,-1.93255,0.0563811,2.48199,-4.43343e-14,-3.8478e-15,2.48199,4.42906,140.864,308.846,1.30165,-9999,0.206302,0.306284,-39.3142,-0.11839,0.465998,0.0758521,0,49.663,-7.53656,17.0477,42.4512,64.7408,90.7999,136.035,-0.0522321,1.00566,20.8217,1.0154,25.9604,1.61378,-3.32879,1.06736,0.581139,1.61378,0.0334818,1.07059,800000009,800010009,800000009,800000009,800000009,800000009,800010019,800010019,80000,80000,80,80,0,0,0,0,0,0,0,0.290808,0.26523,0.0565308,0.0317588,2.19621,0.061142,0.000169122,0.0166896,-0.0778208,0.0135859,0.000782739
B20151982000.slt,2015-07-17,20:30,198.854,1,36000,36000,-0.0299844,5,9.53749,5,22.6869,5,-1.95613,5,0.507796,5,0.035186,5,-0.460646,-0.323767,0.0666686,-0.00724681,0.000352885,-1.29389e-11,-3.40419e-13,-6.75561e-14,16.4477,384.329,388.255,4.1,1,432.736,10.1116,10.2149,5.35,0,0.0858763,2.00665,2.02714,3.9,0,282.867,281.937,100315.0,1.23483,1010.81,0.0233667,0.0329052,0.00779791,1014.62,1128.28,0.00631497,89.9257,113.666,280.341,0.964479,-1.57612,0.0274257,1.84801,-9.74373e-14,-7.86667e-16,1.84801,4.24554,148.074,301.464,0.85034,-9999,0.155827,0.279812,-34.6803,-0.134209,0.420396,0.0490358,0,-9999.0,-9999.0,-9999.0,-9999.0,-9999.0,-9999.0,-9999.0,-0.0298547,1.00435,10.357,1.01202,15.2921,1.48357,-1.85238,1.05601,0.34228,1.48357,0.0332448,1.05839,800000009,800010009,800000009,800000009,800000009,800000009,800110019,810110019,80000,80000,80,81,0,0,3,0,0,0,0,0.310554,0.219467,0.0296033,0.0149556,2.18123,0.0611345,0.000265638,0.00829771,-0.0432841,0.00799795,0.00077682
B20151982030.slt,2015-07-17,21:00,198.875,1,36000,36000,-0.0247166,1,3.75723,1,16.7557,2,-1.03716,2,0.37494,2,0.0327887,1,-0.981412,0.407396,0.0255915,0.00911626,0.000467997,-3.16287e-11,-8.37856e-13,-1.65365e-13,16.4744,384.54,388.497,4.1,1,436.413,10.1866,10.2914,5.15,0,0.0861335,2.01049,2.03118,4.15,0,282.683,281.66,100324.0,1.23612,1010.85,0.0233416,0.0242961,0.00786416,1022.23,1107.34,0.00636197,92.314,85.1103,280.45,0.772621,-1.84757,0.0208169,2.00272,-2.08133e-13,-1.91987e-15,2.00272,4.23587,158.402,292.694,0.595563,-9999,0.141405,0.270266,-65.7874,-0.0707491,0.224236,0.0212646,0,-9999.0,-9999.0,-9999.0,-9999.0,-9999.0,-9999.0,-9999.0,-0.0246021,1.00465,4.27617,1.01282,9.40393,1.78178,-0.99818,1.03905,0.210431,1.78178,0.0314796,1.04159,800000009,800010009,800000009,800000009,800000009,800000009,800010019,800010019,80000,80000,80,81,0,0,2,0,0,0,0,0.317594,0.195187,0.0277519,0.00425751,1.82566,0.0519352,0.000281619,0.00342223,-0.0232991,0.00491178,0.000734785
B20151982100.slt,2015-07-17,21:30,198.896,1,36000,36000,-0.0405563,5,4.52564,5,9.59897,5,-1.02589,5,0.214796,5,0.0443328,5,0.0236516,0.437829,0.0010322,0.00979732,0.00372552,-1.12506e-10,-3.0038e-12,-5.97162e-13,16.4768,384.548,388.537,4.25,0,439.916,10.2671,10.3736,5.5,0,0.0874561,2.04112,2.06229,4.25,0,282.68,281.667,100338.0,1.23623,1010.89,0.0233388,0.0139188,0.00792729,1030.46,1107.84,0.00641247,93.0152,77.3809,280.568,0.17192,-1.61426,0.0421057,1.62394,2.06815e-14,-6.82813e-15,1.62394,3.32486,173.439,276.079,1.48574,-9999,0.181125,0.210145,-114.794,-0.0405456,0.471471,0.019994,0,-9999.0,-9999.0,-9999.0,-9999.0,-9999.0,-9999.0,-9999.0,-0.040398,1.00392,4.8247,1.0109,5.65085,1.69868,-1.01277,1.01295,0.126449,1.69868,0.0436795,1.01496,800000009,800010009,800000009,800000009,800000009,800000009,800010019,800110019,80000,80000,80,81,0,0,2,219,0,0,0,0.286361,0.10833,0.0255981,0.0140522,1.85472,0.0616613,0.000583677,0.0038607,-0.0236368,0.00295118,0.00101943
B20151982130.slt,2015-07-17,22:00,198.917,1,36000,36000,-0.0191343,5,0.316892,5,12.0059,5,-0.376289,5,0.268537,5,0.0536757,5,-1.65852,1.02422,0.0596657,0.0229087,0.00346962,2.56518e-11,6.96536e-13,1.37879e-13,16.5263,385.038,389.106,3.9,0,448.747,10.4551,10.5656,7.05,0,0.0888295,2.0696,2.09146,4.25,0,282.28,281.2,100345.0,1.23828,1010.99,0.0232985,0.0174012,0.00808641,1049.4,1073.28,0.00653036,97.7751,23.88,280.834,-0.521686,-1.43392,0.042605,1.52646,-5.99639e-14,1.55218e-15,1.52646,3.30746,202.273,250.008,1.59939,-9999,0.124307,0.167365,-529.997,-0.00878193,0.0263947,0.00203634,0,-9999.0,-9999.0,-9999.0,-9999.0,-9999.0,-9999.0,-9999.0,-0.019063,1.00374,0.553508,1.01043,4.05784,2.9587,-0.358959,1.04828,0.090762,2.9587,0.0511085,1.05023,800000009,800010009,800000009,800000009,800000009,800000009,800110019,810110019,80000,80000,80,81,0,0,0,0,0,0,0,0.157222,0.161467,0.0160405,0.00232168,1.6531,0.0439569,0.00101242,0.000442139,-0.0083632,0.00211462,0.00119075
B20151982200.slt,2015-07-17,22:30,198.937,1,36000,36000,-0.001666,5,-0.724466,5,13.4192,5,0.11486,5,0.300101,5,0.0228717,5,-0.580804,-0.426021,0.0715876,-0.00952735,0.0048741,-1.1963e-11,-3.2192e-13,-6.54443e-14,16.5609,385.625,389.669,4.0,0,445.647,10.377,10.4858,5.1,0,0.0905972,2.10957,2.1317,4.4,0,282.175,281.037,100344.0,1.23902,1010.94,0.0232852,0.0194466,0.00803056,1041.55,1061.42,0.00648135,98.1284,19.8653,280.724,-0.748141,-0.402509,0.0515319,0.851107,-1.91031e-16,-7.22366e-16,0.851107,1.29784,241.445,208.281,3.47121,-9999,0.0366688,0.0166333,5.9506,0.782174,-0.0539873,-0.0157731,0,-9999.0,-9999.0,-9999.0,-9999.0,-9999.0,-9999.0,-9999.0,-0.00163629,1.01815,-0.651679,1.03832,0.822138,16.3223,0.0747068,1.53747,0.0183859,16.3223,0.0147542,1.55018,800000009,800110009,800000009,800000009,800000009,800000009,811110019,811110019,80000,80000,80,80,0,0,0,0,0,0,0,0.0130535,0.0183161,0.00189701,0.0025711,1.78014,0.0428589,0.00140844,-0.000520268,0.00173956,0.00042812,0.000343555
B20151982230.slt,2015-07-17,23:00,198.958,1,36000,36000,-0.00151697,5,1.10012,6,-1.88388,6,-0.0820017,5,-0.0421332,6,-0.0201844,6,0.260693,-1.70378,0.0613746,-0.0381053,-0.00913146,-5.24587e-11,-1.36732e-12,-2.76424e-13,16.5786,386.129,390.054,10.55,0,432.117,10.0644,10.1667,12.8,0,0.0873588,2.03466,2.05534,12.55,0,282.331,281.11,100346.0,1.23887,1010.77,0.0232908,-0.00273023,0.00778675,1010.19,1066.73,0.00628535,94.6999,56.538,280.277,-0.652352,-0.413114,0.0502822,0.773793,7.48391e-14,-3.16424e-15,0.773793,1.11848,238.542,212.345,3.72579,-9999,0.0349925,0.0146792,-3.40533,-1.3668,-0.583964,0.0251065,0,-9999.0,-9999.0,-9999.0,-9999.0,-9999.0,-9999.0,-9999.0,-0.00151308,1.00257,1.0268,1.00728,-1.17059,1.60934,-0.0751867,1.09064,-0.0261804,1.60934,-0.0184894,1.09167,800000009,811110009,800000009,800000009,800000009,800000009,811110019,811110019,80000,80000,80,81,0,0,0,0,0,0,0,0.017794,0.0109416,0.000622857,0.0125572,1.64999,0.0461223,0.00343148,0.000819988,-0.00175116,-0.000609763,-0.000430634
B20151982300.slt,2015-07-17,23:30,198.979,1,36000,36000,-0.0331451,5,7.82536,6,-24.1342,6,-7.66746,7,-0.539842,6,-0.222361,6,0.544778,-0.507886,0.369636,-0.0113606,0.0053638,2.91669e-10,7.4731e-12,1.55793e-12,16.6997,389.163,393.082,4.1,1,427.878,9.9711,10.0715,2.6,0,0.0892003,2.07869,2.09962,4.1,1,282.387,281.263,100346.0,1.23824,1010.72,0.0233036,-0.0349818,0.00771036,1000.83,1077.92,0.00622689,92.8483,77.0896,280.142,0.270275,-0.208847,0.0300917,0.342887,-1.51512e-13,1.74655e-14,0.342887,1.46298,143.863,322.306,5.03474,-9999,0.163609,0.145047,-48.9309,-0.0951219,-0.324244,0.0382175,0,-9999.0,-9999.0,-9999.0,-9999.0,-9999.0,-9999.0,-9999.0,-0.0330726,1.00219,6.63082,1.00616,-19.9017,1.21267,-7.22178,1.06171,-0.445169,1.21267,-0.209348,1.06216,800000009,800110009,800000009,800000009,800000009,810100009,811110019,811110019,80000,80000,80,81,0,0,37,302,0,0,137,0.237204,0.0479067,0.00498437,0.0219306,20.8415,0.0912735,0.0138371,0.00529825,-0.168293,-0.010374,-0.00487856
B20151982330.slt,2015-07-18,00:00,199.0,0,36000,36000,-0.00877937,1,-1.93012,4,-7.97477,4,1.84432,1,-0.178322,4,0.0820907,2,-1.28081,1.76148,0.102153,0.0393879,0.0143516,1.08829e-11,2.87251e-13,6.12882e-14,16.758,390.0,394.057,4.2,0,442.324,10.294,10.4011,21.1,0,0.0943747,2.19634,2.21918,4.2,0,282.061,280.903,100351.0,1.23974,1010.89,0.0232725,-0.0115552,0.00797067,1033.29,1051.81,0.00642932,98.2392,18.5199,280.608,1.26522,-0.723147,0.0102622,1.45734,-3.79907e-14,6.49413e-16,1.45734,2.61511,118.952,330.25,0.403467,-9999,0.0841524,0.0727073,26.9972,0.172403,0.242029,-0.0183014,0,-9999.0,-9999.0,-9999.0,-9999.0,-9999.0,-9999.0,-9999.0,-0.00869217,1.01003,-1.94281,1.02234,-0.827545,9.63667,1.5024,1.22758,-0.0185045,9.63667,0.0664905,1.23462,800000009,800010009,800000009,800000009,800000009,800000009,800110019,811110019,80000,80000,80,80,0,0,0,0,0,0,0,0.0766642,0.0572621,0.0114882,0.0257705,4.77868,0.0449737,0.0100156,-0.00155022,0.0349646,-0.000430646,0.0015474
B20151990000.slt,2015-07-18,00:30,199.021,0,36000,36000,-0.00130441,7,-1.01673,4,-66.1171,4,-0.422543,6,-1.47768,4,0.0118798,7,-1.88944,0.242769,0.115678,0.00542575,-0.00225149,1.1108e-11,2.93746e-13,6.18814e-14,16.8325,390.947,395.031,10.4,0,445.127,10.3384,10.4464,16.75,0,0.0937719,2.17792,2.20067,4.25,0,281.579,280.373,100364.0,1.24222,1010.91,0.0232257,-0.0957534,0.00802119,1037.88,1014.4,0.00645715,100.0,0.0,280.673,0.884672,-1.15532,0.00799417,1.45516,-1.00022e-13,6.59914e-16,1.45516,2.43267,143.804,307.443,0.314767,-9999,0.0324048,0.0930949,2.92661,1.59037,0.0153777,-0.0249854,0,-9999.0,-9999.0,-9999.0,-9999.0,-9999.0,-9999.0,-9999.0,-0.0012519,1.04195,-0.995555,1.08637,-0.964325,68.5631,-0.263294,1.60483,-0.0215521,68.5631,0.00723924,1.64103,800000009,800010009,800000009,800000009,800000009,800100009,811110019,811110019,80000,80000,80,81,0,0,4,0,0,0,0,0.10332,0.0777992,0.0050701,0.0542811,5.40232,0.0399856,0.005722,-0.000792786,-0.0061152,-0.000500562,0.000168136
B20151990030.slt,2015-07-18,01:00,199.042,0,36000,36000,-0.00748141,5,-3.31739,5,-9.17565,5,1.33003,5,-0.20501,5,-0.0580486,6,-1.09447,0.429656,0.587239,0.00959974,0.00863586,4.31229e-11,1.13508e-12,2.4501e-13,17.0579,395.746,399.912,4.3,0,448.999,10.4168,10.5265,22.05,0,0.0969172,2.24849,2.27216,11.45,0,281.364,280.067,100365.0,1.24355,1010.94,0.0232001,-0.0132847,0.00809096,1045.76,993.286,0.00650634,100.0,0.0,280.783,-0.842782,-0.900996,0.0410594,1.23441,-2.6424e-14,2.52803e-15,1.23441,1.90507,223.156,226.912,1.90615,-9999,0.077564,0.105903,12.3007,0.378385,0.361543,-0.0340209,0,-9999.0,-9999.0,-9999.0,-9999.0,-9999.0,-9999.0,-9999.0,-0.00737866,1.01393,-3.25872,1.03003,-0.466198,19.6819,1.05407,1.2618,-0.0104162,19.6819,-0.0456443,1.27176,800000009,800010009,800000009,800000009,800000009,800000009,811110019,811110019,80000,80000,80,81,0,0,0,0,0,0,0,0.0278249,0.180486,0.00349494,0.02188,4.14118,0.0390232,0.014456,-0.00259213,0.0244545,-0.000241657,-0.00105895
B20151990100.slt,2015-07-18,01:30,199.062,1,36000,36000,-0.003033,5,-1.804,5,-33.8754,5,0.986985,5,-0.756762,5,0.0340936,5,-0.559419,0.663698,-0.235858,0.0148267,-0.0164821,1.35717e-10,3.63156e-12,7.28473e-13,16.9833,393.819,398.013,4.3,0,454.445,10.5379,10.6502,33.4,0,0.0911595,2.11386,2.13638,4.35,0,281.308,279.91,100358.0,1.24411,1011.0,0.0231886,-0.0490382,0.00818909,1057.85,982.651,0.00658229,100.0,0.0,280.952,-1.10769,-0.212887,0.0454206,1.12888,-1.50986e-13,7.99119e-15,1.12888,1.85709,260.747,190.879,2.30593,-9999,0.0493749,0.0664275,5.83469,0.797712,0.0532538,-0.0290481,0,-9999.0,-9999.0,-9999.0,-9999.0,-9999.0,-9999.0,-9999.0,-0.00296761,1.02203,-1.78168,1.04632,-0.88318,38.3562,0.587038,1.6813,-0.0197298,38.3562,0.0200418,1.70112,800000009,800010009,800000009,800000009,800000009,800000009,800110019,811110019,80000,80000,80,81,0,0,0,0,0,0,0,0.0638472,0.065359,0.00364908,0.0154152,3.96098,0.0445653,0.00408546,-0.00141651,0.0136126,-0.000457507,0.000464742
B20151990130.slt,2015-07-18,02:00,199.083,1,36000,36000,-0.00462009,5,-2.49689,5,-20.1602,5,1.75684,5,-0.450534,5,0.0627018,5,1.36694,1.1341,-0.3985,0.0253446,-0.00572835,-5.61272e-11,-1.5442e-12,-2.9705e-13,16.8192,390.56,394.802,4.15,0,462.739,10.7453,10.862,37.6,0,0.0890146,2.06701,2.08946,4.15,0,281.652,280.293,100356.0,1.24228,1011.12,0.023221,-0.0291946,0.00833855,1078.64,1008.85,0.00671231,100.0,0.0,281.238,-1.22672,0.0626189,0.0435172,1.22908,-2.00322e-15,-3.33709e-15,1.22908,2.0617,273.485,177.078,2.02905,-9999,0.060984,0.0477243,7.94312,0.585966,0.123853,-0.0325956,0,-9999.0,-9999.0,-9999.0,-9999.0,-9999.0,-9999.0,-9999.0,-0.00453648,1.01843,-2.44871,1.03912,-0.639973,31.5016,1.13758,1.54437,-0.0143019,31.5016,0.040179,1.56056,800000009,800010009,800000009,800000009,800000009,800000009,801110019,811110019,80000,80000,80,80,0,0,0,0,0,0,0,0.0531289,0.0368886,0.00543138,0.00787193,4.18628,0.0400168,0.00191608,-0.00194945,0.0264156,-0.000332105,0.000932997
B20151990200.slt,2015-07-18,02:30,199.104,1,36000,36000,-0.00512541,5,-1.39318,5,-6.5982,5,0.728148,5,-0.147456,5,0.0401275,5,0.0356663,0.03989,0.201191,0.000891459,0.0031766,9.18192e-11,2.51727e-12,4.89989e-13,16.8934,392.205,396.468,4.15,0,463.142,10.7525,10.8694,17.95,0,0.0901508,2.09299,2.11574,4.25,0,281.586,280.303,100379.0,1.24251,1011.14,0.0232165,-0.00955515,0.00834582,1079.62,1009.54,0.00671688,100.0,0.0,281.251,-0.720487,-0.272992,0.0372708,0.771373,-5.09805e-14,5.43521e-15,0.771373,1.63499,248.303,200.752,2.76947,-9999,0.0642264,0.0529343,16.6322,0.279842,0.211145,-0.0172656,0,-9999.0,-9999.0,-9999.0,-9999.0,-9999.0,-9999.0,-9999.0,-0.00507564,1.00981,-1.40306,1.02139,-0.585821,11.2632,0.555734,1.31025,-0.0130919,11.2632,0.0305007,1.31563,800000009,800010009,800000009,800000009,800000009,800000019,811110019,811110019,80000,80000,80,81,0,0,0,0,0,0,3,0.0431742,0.0586783,0.00401638,0.006899,4.92809,0.0395735,0.00486801,-0.00111678,0.0129022,-0.000303948,0.000708121
B20151990230.slt,2015-07-18,03:00,199.125,1,36000,36000,-0.007859,5,-2.02599,5,8.98246,5,1.70762,5,0.200723,5,0.0708271,5,-0.297335,-0.180833,0.117039,-0.00404092,0.00422478,-1.62317e-11,-4.42555e-13,-8.78347e-14,16.9413,393.162,397.422,4.25,0,461.903,10.7195,10.8357,43.2,0,0.0916748,2.12752,2.15058,4.25,0,281.528,280.22,100389.0,1.24302,1011.12,0.0232073,0.0130069,0.00832349,1076.41,1003.79,0.00669616,100.0,0.0,281.207,-0.924853,0.388104,0.0300122,1.00343,2.18502e-14,-9.58112e-16,1.00343,1.7356,292.0,157.235,1.71395,-9999,0.0795141,0.0448217,21.7039,0.21445,-0.22555,-0.0202728,0,-9999.0,-9999.0,-9999.0,-9999.0,-9999.0,-9999.0,-9999.0,-0.00778826,1.00908,-1.94703,1.02009,0.782048,11.4858,1.35301,1.26209,0.0174758,11.4858,0.0558743,1.26762,800000009,800010009,800000009,800000009,800000009,800000009,811110019,811110019,80000,80000,80,81,0,0,0,0,0,0,0,0.0503841,0.0326203,0.00663896,0.00572191,3.53741,0.0413049,0.00397982,-0.00154915,0.0313996,0.000405565,0.00129669
B20151990300.slt,2015-07-18,03:30,199.146,1,36000,36000,-0.00656758,5,-1.92192,5,10.6078,5,0.923302,5,0.237038,5,0.0283467,5,-0.0713628,-0.0180042,-0.231892,-0.000402316,-0.00811821,-4.38461e-11,-1.20088e-12,-2.30978e-13,16.8602,391.266,395.504,4.3,0,461.777,10.7162,10.8323,19.3,0,0.0888183,2.06116,2.08349,4.15,0,281.526,280.2,100385.0,1.24307,1011.11,0.0232065,0.01536,0.00832122,1076.04,1002.42,0.0066941,100.0,0.0,281.202,-0.892296,0.202082,0.0254136,0.915246,-2.52198e-14,-2.60057e-15,0.915246,1.75323,280.919,167.239,1.59113,-9999,0.0726868,0.057177,17.4768,0.266318,-0.18118,-0.0210371,0,-9999.0,-9999.0,-9999.0,-9999.0,-9999.0,-9999.0,-9999.0,-0.00650381,1.00981,-1.83773,1.02149,0.855947,12.393,0.703542,1.31236,0.0191267,12.393,0.0215016,1.31835,800000009,800010009,800000009,800000009,800000009,800000019,811110019,811110019,80000,80000,80,80,0,0,3,0,0,0,6,0.0728287,0.0362042,0.00532118,0.00584757,2.59345,0.0398977,0.00148605,-0.00146213,0.0163267,0.000443864,0.000498977
B20151990330.slt,2015-07-18,04:00,199.167,1,36000,36000,-0.00364937,5,-2.02423,2,-31.8864,4,0.8372,2,-0.712524,4,0.0236259,1,0.0,0.0929297,-0.138003,0.00207658,-0.000664679,-1.05378e-10,-2.89909e-12,-5.55263e-13,16.8125,390.138,394.371,4.2,0,462.533,10.7332,10.8496,48.7,0,0.0885889,2.05573,2.07803,4.2,0,281.492,280.2,100390.0,1.24313,1011.12,0.0232053,-0.0461715,0.00833484,1077.8,1002.42,0.00670475,100.0,0.0,281.226,-0.810834,0.316482,0.0213176,0.870671,-1.38451e-14,-6.26786e-15,0.870671,1.9213,290.928,158.678,1.40298,-9999,0.0541815,0.0811563,6.87294,0.677207,0.0634826,-0.0297229,0,-9999.0,-9999.0,-9999.0,-9999.0,-9999.0,-9999.0,-9999.0,-0.00358536,1.01785,-2.03065,1.03773,-1.25016,25.5059,0.53505,1.56471,-0.0279358,25.5059,0.0149753,1.57766,800000009,800010009,800000009,800000009,800000009,800000009,811110019,811110019,80000,80000,80,81,0,0,6,0,0,0,0,0.141801,0.0149223,0.00558934,0.00517827,1.99349,0.0413459,0.0010732,-0.00161554,0.012416,-0.000648257,0.000347505
B20151990400.slt,2015-07-18,04:30,199.187,1,36000,36000,-0.000721778,1,0.0679097,7,1.28421,1,-0.15771,4,0.0287004,1,-0.00500787,7,0.499356,0.580196,-0.130579,0.0129666,0.00332953,1.9485e-11,5.42841e-13,1.04317e-13,16.759,389.07,393.334,9.75,0,466.896,10.8392,10.958,16.6,0,0.0897225,2.08296,2.10578,4.1,1,281.677,280.34,100396.0,1.24253,1011.18,0.0232155,0.00185978,0.00841346,1088.51,1012.08,0.00677126,100.0,0.0,281.372,-0.322608,0.279659,0.0137571,0.42717,-2.69399e-14,1.16266e-15,0.42717,0.858836,310.706,139.079,1.84554,-9999,0.0241018,0.0290464,-18.0341,-0.258089,0.0528807,0.00224258,0,-9999.0,-9999.0,-9999.0,-9999.0,-9999.0,-9999.0,-9999.0,-0.000720167,1.00224,0.104137,1.00631,0.620398,2.06997,-0.146026,1.08001,0.0138651,2.06997,-0.00463445,1.08058,800000009,800110009,800000009,800000009,800000009,800000009,811110019,811110019,80000,80000,80,81,0,0,2,0,0,0,70,0.00561131,0.0514001,0.00108136,0.0109175,2.45088,0.043671,0.00569233,8.2884e-05,-0.00339008,0.000321885,-0.000107591
B20151990430.slt,2015-07-18,05:00,199.208,1,36000,36000,-0.00268961,5,-0.610403,5,-3.01435,5,-0.0730629,5,-0.0673785,5,0.0593012,5,0.653496,0.0670284,0.129378,0.00149826,0.0124467,3.48444e-11,9.692e-13,1.95136e-13,16.7937,390.129,394.409,12.4,0,467.118,10.8515,10.9705,43.45,0,0.0940483,2.18481,2.20878,4.35,0,281.77,280.523,100396.0,1.24171,1011.19,0.0232307,-0.00436613,0.00841747,1089.74,1024.86,0.00677895,100.0,0.0,281.389,0.0826442,0.566664,-0.000215,0.572659,-1.65186e-14,2.07485e-15,0.572659,1.25809,10.7473,81.7023,-0.0215112,-9999,0.0465409,0.0408637,14.4466,0.322181,0.202499,-0.0104455,0,-9999.0,-9999.0,-9999.0,-9999.0,-9999.0,-9999.0,-9999.0,-0.00266304,1.00998,-0.622611,1.02162,-0.392488,7.68011,-0.0688257,1.06156,-0.00877313,7.68011,0.0556744,1.06514,800000009,800010009,800000009,800000009,800000009,800000009,811110019,811110019,80000,80000,80,81,0,0,3,0,0,0,0,0.0462882,0.0326753,0.00276418,0.00676745,1.86954,0.0400584,0.0088106,-0.000495865,-0.00159887,-0.000203806,0.00129336
B20151990500.slt,2015-07-18,05:30,199.229,1,36000,36000,-0.0103094,5,0.462705,6,6.12639,5,-0.585596,5,0.13698,5,0.0596353,5,1.08009,0.305362,-0.0761039,0.00682762,-0.00912681,-6.70142e-11,-1.87662e-12,-3.63032e-13,16.7487,389.506,393.801,4.15,0,469.019,10.9074,11.0277,6.4,0,0.0907317,2.11004,2.13331,4.2,0,281.977,280.827,100396.0,1.24034,1011.23,0.0232558,0.00887633,0.00845172,1095.36,1046.33,0.00681403,100.0,0.0,281.464,-0.140981,0.878249,0.0108642,0.889559,1.11482e-14,-4.00116e-15,0.889559,2.30881,351.188,99.1196,0.69977,-9999,0.0911687,0.0845602,-143.258,-0.0324897,0.0755265,0.00404639,0,-9999.0,-9999.0,-9999.0,-9999.0,-9999.0,-9999.0,-9999.0,-0.0102814,1.00272,0.585492,1.00769,2.12114,2.88825,-0.575845,1.01693,0.0474267,2.88825,0.0585787,1.01804,800000009,800010009,800000009,800000009,800000009,800000009,801110019,811110019,80000,80000,80,81,0,0,1,0,0,0,0,0.122671,0.0366872,0.00976253,0.00372144,2.25408,0.0412923,0.00149627,0.0004668,-0.0133918,0.00110295,0.0013623
B20151990530.slt,2015-07-18,06:00,199.25,1,36000,36000,-0.040424,5,6.57873,5,26.4243,5,0.629399,7,0.590905,5,0.0655756,5,0.510173,0.0855046,0.586703,0.00191207,-0.00266673,6.56798e-11,1.81943e-12,3.47824e-13,16.9488,394.314,398.668,11.75,0,469.507,10.9231,11.0437,12.5,0,0.0897566,2.08819,2.11125,4.3,0,282.036,280.97,100408.0,1.23984,1011.24,0.023265,0.0382906,0.00846052,1097.06,1056.6,0.00682386,100.0,0.0,281.487,-0.772661,1.63006,0.0208117,1.80403,-3.74789e-14,3.87519e-15,1.80403,3.6443,334.685,115.361,0.66099,-9999,0.180566,0.189481,-78.2873,-0.0594528,0.248965,0.0290592,0,-9999.0,-9999.0,-9999.0,-9999.0,-9999.0,-9999.0,-9999.0,-0.0402525,1.00426,6.85125,1.01179,5.55108,4.76022,0.60217,1.04522,0.124134,4.76022,0.0626008,1.04752,800000009,800010009,800000009,800000009,800000009,800000009,800010019,800010019,80000,80000,80,80,0,0,0,0,0,0,0,0.232311,0.115501,0.0311501,0.0196709,30.8822,0.0529718,0.000962911,0.00546447,0.0140095,0.00288798,0.00145641
B20151990600.slt,2015-07-18,06:30,199.271,1,36000,36000,-0.0501041,5,17.9859,5,54.3126,5,-2.36739,5,1.21431,5,0.0732214,5,-0.724374,-0.478345,0.158685,-0.0106947,0.000555318,1.00528e-10,2.75337e-12,5.31778e-13,17.02,395.613,399.947,4.15,0,466.164,10.8355,10.9542,4.6,0,0.0900334,2.09274,2.11566,4.2,0,281.812,280.767,100426.0,1.24101,1011.18,0.023244,0.0786874,0.00840028,1088.46,1042.05,0.00676893,100.0,0.0,281.371,-0.380611,1.69092,0.0295558,1.73348,-6.67522e-14,5.90645e-15,1.73348,3.47282,347.665,102.685,0.976941,-9999,0.200932,0.196963,-39.4627,-0.117944,0.331155,0.0713307,0,58.8512,-8.93089,20.2017,50.3051,76.7184,107.599,161.202,-0.0498983,1.00412,18.549,1.01144,11.9983,4.52669,-2.31466,1.02278,0.268255,4.52669,0.0714393,1.02495,800000009,800010009,800000009,800000009,800000009,800000009,800000019,800110019,80000,80000,80,81,0,0,0,0,0,0,0,0.226295,0.132497,0.0351349,0.02546,6.17701,0.0579591,0.000595419,0.0147814,-0.0538019,0.00623531,0.00166054
B20151990630.slt,2015-07-18,07:00,199.292,1,36000,36000,-0.0253952,5,12.9433,1,39.1252,1,-1.24008,4,0.875001,1,0.0567694,1,1.05582,-0.237398,-0.488667,-0.00530919,-0.00219484,-1.066e-10,-2.9377e-12,-5.64769e-13,16.8309,391.608,395.88,4.25,0,463.83,10.792,10.9098,4.85,0,0.0891706,2.07475,2.09738,4.2,0,282.068,281.063,100432.0,1.23979,1011.17,0.0232672,0.0567001,0.00835822,1084.15,1063.35,0.00674164,100.0,0.0,281.313,-0.191294,1.23533,0.0229669,1.25026,6.96561e-15,-6.33358e-15,1.25026,2.47301,351.397,98.8025,1.05257,-9999,0.143121,0.134178,-19.8177,-0.234861,0.330818,0.072139,0,-9999.0,-9999.0,-9999.0,-9999.0,-9999.0,-9999.0,-9999.0,-0.0253126,1.00326,13.5118,1.00916,10.9086,3.58664,-1.22065,1.01592,0.243961,3.58664,0.0557948,1.01747,800000009,800010009,800000009,800000009,800000009,800000009,800010019,800010019,80000,80000,80,80,0,0,0,0,0,0,0,0.109639,0.132637,0.0260797,0.0332045,4.3719,0.044919,0.000482163,0.010778,-0.028401,0.00567628,0.00129819
B20151990700.slt,2015-07-18,07:30,199.312,1,36000,36000,-0.032566,2,30.5158,1,52.5769,1,-4.74048,1,1.17642,1,0.0406972,1,1.84767,0.226824,-0.568415,0.00507524,-0.00429315,-4.9882e-11,-1.39661e-12,-2.6292e-13,16.6032,386.942,391.179,4.45,0,464.861,10.8337,10.9523,6.45,0,0.0875128,2.0395,2.06184,4.25,0,282.574,281.583,100453.0,1.23775,1011.21,0.0233052,0.0762319,0.0083768,1088.57,1101.6,0.00676777,98.8172,13.0297,281.373,0.341368,0.635852,0.0259617,0.722159,-4.60624e-14,-3.00436e-15,0.722159,2.41971,32.9819,61.7701,2.06023,-9999,0.162205,0.218947,-12.2387,-0.380301,0.580403,0.15031,0,-9999.0,-9999.0,-9999.0,-9999.0,-9999.0,-9999.0,-9999.0,-0.0324844,1.00251,31.7746,1.00711,23.2214,2.26416,-4.4846,1.05706,0.519584,2.26416,0.0384665,1.05799,800000009,800010009,800000009,800000009,800000009,800000009,800010019,810110019,80000,80000,81,81,0,0,0,0,0,0,1,0.198479,0.20276,0.0366543,0.0716162,4.17009,0.0523334,0.000364772,0.0253868,-0.104514,0.012109,0.000896468
B20151990730.slt,2015-07-18,08:00,199.333,1,36000,36000,-0.0226082,4,24.0822,1,56.1267,4,-4.86308,2,1.25626,4,0.0284914,4,1.21853,-0.212145,-0.318572,-0.00474835,-0.0016493,9.48795e-12,2.66492e-13,5.00153e-14,16.472,384.323,388.517,4.05,0,462.655,10.7947,10.9124,5.7,0,0.0868314,2.02595,2.04806,4.25,0,282.729,281.927,100460.0,1.23635,1011.19,0.023332,0.0814058,0.00833704,1084.73,1127.52,0.00674329,96.2046,42.7937,281.321,0.79365,-0.40998,-0.000246111,0.893288,-1.1724e-13,5.76005e-16,0.893288,2.62423,114.216,332.68,-0.0157856,-9999,0.135227,0.398725,-8.98628,-0.517945,0.429069,0.142449,0,-9999.0,-9999.0,-9999.0,-9999.0,-9999.0,-9999.0,-9999.0,-0.0225467,1.00273,25.69,1.0077,28.9671,1.9376,-4.4321,1.09724,0.648359,1.9376,0.0259381,1.09844,800000009,800010009,800000009,800000009,800000009,800000009,810110019,811110019,80000,80000,80,81,0,0,0,0,0,0,0,0.244338,0.524986,0.0281243,0.0515617,2.78987,0.087719,0.000230387,0.0205491,-0.10341,0.0151275,0.000605187
B20151990800.slt,2015-07-18,08:30,199.354,1,36000,36000,-0.0236593,5,30.9416,1,54.6829,2,-5.48288,1,1.2243,2,0.019391,4,1.08724,0.560995,-0.155495,0.0125602,0.00110421,-2.54168e-10,-7.23132e-12,-1.35034e-12,16.3993,383.044,387.264,4.2,0,466.576,10.898,11.0181,5.05,0,0.087126,2.03503,2.05745,2.25,0,283.042,282.233,100460.0,1.23495,1011.26,0.0233574,0.0793348,0.00840771,1095.11,1151.12,0.00680812,95.1341,56.0124,281.461,0.353604,-0.707977,0.0566081,0.793392,1.56587e-14,-1.54987e-14,0.793392,2.2195,156.677,296.54,4.0915,-9999,0.138412,0.133845,-7.5003,-0.620562,0.565836,0.179002,0,-9999.0,-9999.0,-9999.0,-9999.0,-9999.0,-9999.0,-9999.0,-0.023598,1.0026,32.8425,1.00734,34.1709,1.60028,-5.26528,1.04133,0.765057,1.60028,0.0186034,1.04234,800000009,800010009,800000009,800000009,800000009,800000009,801010019,801110019,80000,80000,80,81,0,0,1,0,0,0,0,0.0872777,0.145846,0.0345648,0.052322,2.74436,0.0761059,0.000152629,0.0262982,-0.122983,0.0178697,0.000434527
B20151990830.slt,2015-07-18,09:00,199.375,1,36000,36000,-0.0246263,4,33.1407,1,40.2401,2,-5.80715,1,0.901289,2,0.00517601,2,1.42813,-1.50776,-0.0651591,-0.0337705,-0.00175498,-3.93774e-10,-1.09326e-11,-2.08009e-12,16.356,382.507,386.613,4.25,0,454.103,10.6198,10.7338,5.45,0,0.0863999,2.02058,2.04226,3.5,0,283.257,282.637,100479.0,1.23355,1011.11,0.0233863,0.0584035,0.00818294,1067.36,1182.83,0.00663362,90.2377,115.471,281.083,-0.340601,-0.29305,0.0633681,0.453765,-1.11494e-13,-2.40752e-14,0.453765,1.81565,228.792,220.708,8.02756,-9999,0.141293,0.223757,-7.44965,-0.624781,0.823575,0.188056,0,-9999.0,-9999.0,-9999.0,-9999.0,-9999.0,-9999.0,-9999.0,-0.0245709,1.00226,35.0331,1.00636,33.6439,1.19606,-5.37998,1.0794,0.753549,1.19606,0.00479261,1.08,800000009,800010009,800000009,800000009,800000009,800000009,800010019,811110019,80000,80000,81,81,0,0,0,0,0,0,0,0.191655,0.21097,0.0448885,0.052,2.64706,0.0657897,0.000110784,0.0280882,-0.125818,0.0176227,0.000112081
B20151990900.slt,2015-07-18,09:30,199.396,1,36000,36000,0.021576,4,25.9214,1,23.7818,1,-4.10411,1,0.532794,1,0.0399901,2,0.931528,-0.312196,-0.0271293,-0.00699427,-4.27126e-05,-1.00165e-10,-2.76746e-12,-5.29333e-13,16.331,382.284,386.364,3.95,0,451.211,10.5621,10.6749,5.0,0,0.0863033,2.02022,2.04179,4.1,1,283.431,282.9,100478.0,1.23242,1011.08,0.0234084,0.0345251,0.00813082,1061.55,1203.94,0.00659746,88.1726,142.395,281.003,-0.155107,0.441548,-0.00945472,0.468094,-3.13296e-14,-6.1334e-15,0.468094,2.24571,341.985,109.355,-1.15736,-9999,0.132314,0.379345,-7.82143,-0.595083,1.08996,0.157221,0,-9999.0,-9999.0,-9999.0,-9999.0,-9999.0,-9999.0,-9999.0,0.0215272,1.00227,27.1143,1.0064,21.4643,1.10797,-3.97663,1.03206,0.480873,1.10797,0.0387258,1.03265,800000009,800010009,800000009,800000009,800000009,800010009,810010019,810110019,80000,80000,80,81,0,0,0,0,0,0,0,0.36104,0.355352,0.0422989,0.048193,2.57278,0.0580256,0.000173789,0.0217599,-0.0930867,0.0112565,0.000906509
B20151990930.slt,2015-07-18,10:00,199.417,1,36000,36000,-0.0179178,1,60.9359,2,44.9331,1,-7.50942,1,1.00704,1,0.00739167,2,1.40118,-0.17727,-0.0563838,-0.00397297,-0.00134809,-3.87747e-10,-1.06928e-11,-2.04029e-12,16.2878,381.818,385.881,4.25,0,449.164,10.5293,10.6414,4.35,0,0.0857047,2.00909,2.03047,4.1,1,283.802,283.297,100475.0,1.23067,1011.06,0.023442,0.0652559,0.00809394,1058.21,1236.37,0.00657688,85.5903,178.158,280.957,0.0749042,-0.432923,0.0407375,0.44124,3.03995e-14,-2.3806e-14,0.44124,2.06826,170.142,279.816,5.29738,-9999,0.120662,0.280768,-2.52325,-1.84461,1.35615,0.405867,0,-9999.0,-9999.0,-9999.0,-9999.0,-9999.0,-9999.0,-9999.0,-0.0178776,1.00225,63.2678,1.00634,42.3579,1.0608,-7.37869,1.01772,0.949323,1.0608,0.00725907,1.01827,800000009,800000009,800000009,800000009,800000009,800010009,800000019,801110019,80000,80000,81,81,0,0,0,0,0,0,0,0.286232,0.225855,0.0494493,0.122789,3.04642,0.0816633,9.94376e-05,0.0508468,-0.172971,0.022254,0.000170167
B20151991000.slt,2015-07-18,10:30,199.437,1,36000,36000,-0.00741139,1,63.8477,2,69.7323,2,-8.96141,2,1.56369,2,0.0143143,4,2.02129,-0.282471,-0.0778721,-0.00633421,-0.00056492,-2.29907e-10,-6.31923e-12,-1.20898e-12,16.2286,381.174,385.209,4.2,0,446.059,10.4769,10.5878,4.35,0,0.0853389,2.00442,2.02564,2.3,0,284.203,283.87,100482.0,1.22829,1011.05,0.0234877,0.101327,0.00803798,1053.02,1284.6,0.00654402,81.9726,231.581,280.885,-0.134697,0.253586,0.00865917,0.28727,1.80687e-13,-1.41668e-14,0.28727,1.898,323.838,117.976,1.72732,-9999,0.0776782,0.288477,-0.64253,-7.24386,0.915611,0.661872,0,-9999.0,-9999.0,-9999.0,-9999.0,-9999.0,-9999.0,-9999.0,-0.0073953,1.00218,67.52,1.00609,64.7398,1.07712,-8.44046,1.06172,1.45174,1.07712,0.0134774,1.06209,800000009,800000009,800000009,800000009,800000009,800010009,800010019,811110019,80000,80000,81,81,0,0,0,0,0,0,0,0.269881,0.250342,0.0567307,0.132463,3.42365,0.0921171,0.000105837,0.0543699,-0.198247,0.0340981,0.000316553
B20151991030.slt,2015-07-18,11:00,199.458,1,36000,36000,-0.133511,5,74.0783,5,69.8009,5,-9.06832,5,1.5659,5,0.0074794,5,1.57241,0.300742,-0.0870773,0.0067468,-0.000356434,-1.71075e-10,-4.73621e-12,-8.99983e-13,16.1738,380.452,384.502,4.3,0,447.771,10.5328,10.6449,4.5,1,0.0850863,2.00146,2.02277,4.05,0,284.542,284.317,100490.0,1.22644,1011.09,0.0235227,0.10147,0.00806884,1058.73,1323.32,0.00657907,80.0055,264.591,280.964,-0.334849,0.291627,0.0749815,0.450325,-4.38346e-14,-1.05773e-14,0.450325,2.78059,299.306,138.947,9.58469,-9999,0.32994,0.418421,-42.4416,-0.109666,1.06128,0.181059,0,62.3856,-9.46725,21.4149,53.3262,81.3259,114.061,170.884,-0.133211,1.00225,77.5991,1.00636,62.8564,1.11048,-8.30008,1.09256,1.41011,1.11048,0.00684201,1.09316,800000009,800000009,800000009,800000009,800000009,800000009,800000019,810010019,80000,80000,81,81,0,0,4,0,0,0,0,0.527551,0.227257,0.0820347,0.152319,3.70366,0.0972467,0.000122459,0.0625782,-0.195241,0.0331697,0.000160943
B20151991100.slt,2015-07-18,11:30,199.479,1,36000,36000,-0.0457915,1,85.1215,2,69.9373,1,-8.70325,1,1.56935,1,-0.00771939,4,0.902869,-0.386527,-0.0401781,-0.00867341,-0.000426426,1.41936e-10,3.90609e-12,7.46024e-13,16.1476,380.119,384.137,4.0,0,444.382,10.4609,10.5715,4.6,0,0.0848726,1.99793,2.01905,11.7,0,284.909,284.573,100506.0,1.22556,1011.05,0.0235403,0.101694,0.00800777,1051.66,1346.03,0.00653397,78.1308,294.366,280.866,0.73222,-0.154449,0.0391006,0.749353,-1.56993e-13,8.78993e-15,0.749353,3.05719,94.3833,348.089,2.991,-9999,0.193297,0.551966,-7.4278,-0.626619,1.21711,0.355391,0,-9999.0,-9999.0,-9999.0,-9999.0,-9999.0,-9999.0,-9999.0,-0.0456753,1.00254,88.4877,1.00719,61.9388,1.12914,-7.8645,1.10665,1.38987,1.12914,-0.00696908,1.10766,800000009,800000009,800000009,800000009,800000009,800000009,800000019,800100019,80000,80000,81,81,0,0,0,0,0,0,0,0.375535,0.66428,0.0641163,0.194266,3.3717,0.101752,0.000106412,0.0714128,-0.185133,0.0327179,-0.000164054
B20151991130.slt,2015-07-18,12:00,199.5,1,36000,36000,-0.0548366,1,72.4688,1,76.1424,1,-8.78442,1,1.70886,1,0.0266014,2,0.597743,0.0712016,-0.011542,0.00159798,0.000150419,-4.06144e-11,-1.11941e-12,-2.13659e-13,16.1364,380.023,384.046,4.2,0,444.749,10.4742,10.585,4.55,0,0.0848882,1.99918,2.02034,3.8,0,285.045,284.743,100522.0,1.22501,1011.06,0.0235507,0.110734,0.00801438,1053.16,1361.26,0.00654229,77.3667,308.099,280.887,1.50351,-0.219303,0.0196592,1.51955,2.37725e-14,-2.51694e-15,1.51955,3.79625,95.8878,351.701,0.741286,-9999,0.211575,0.701107,-11.4423,-0.40677,0.951753,0.276547,0,46.4963,-7.05599,15.9607,39.7443,60.6126,85.01,127.361,-0.054633,1.00373,75.9212,1.0104,66.3621,1.14738,-7.93657,1.10683,1.48937,1.14738,0.0239894,1.10888,800000009,800000009,800000009,800000009,800000009,800000009,800000019,800000019,80000,80000,80,81,0,0,0,0,0,0,0,0.650725,0.68125,0.0702398,0.171513,3.57649,0.111384,0.000114466,0.0612979,-0.186912,0.0350756,0.000564967
B20151991200.slt,2015-07-18,12:30,199.521,1,36000,36000,-0.0287366,1,91.1796,1,88.022,1,-9.79755,1,1.97571,1,0.0202363,1,0.421744,0.488524,-0.00615805,0.0109652,0.000150667,-1.81444e-10,-5.04504e-12,-9.55238e-13,16.1266,379.972,384.029,3.95,0,448.4,10.5652,10.678,4.5,1,0.084901,2.00043,2.02179,4.2,0,285.211,284.863,100516.0,1.22439,1011.12,0.0235619,0.128026,0.00808018,1062.26,1372.1,0.00659936,77.4182,309.846,281.013,0.385352,-0.974007,0.0305303,1.04791,-8.96736e-15,-1.12512e-14,1.04791,3.6131,153.7,291.586,1.66952,-9999,0.1532,0.656876,-3.4526,-1.34809,1.03587,0.480748,0,-9999.0,-9999.0,-9999.0,-9999.0,-9999.0,-9999.0,-9999.0,-0.0286522,1.00295,95.63,1.0083,82.0244,1.07312,-9.36267,1.04645,1.84109,1.07312,0.0193134,1.04779,800000009,800000009,800000009,800000009,800000009,800000009,800000019,800000019,80000,80000,80,81,0,0,0,0,0,0,0,0.502807,0.746349,0.0645953,0.247025,3.96137,0.140375,0.000127521,0.0772459,-0.220602,0.0433794,0.000455059
B20151991230.slt,2015-07-18,13:00,199.542,1,36000,36000,-0.0665722,1,69.7169,1,81.1127,1,-9.38161,1,1.82067,1,0.029613,1,0.0937202,1.04271,-0.0998444,0.0234048,0.000588048,-8.35085e-11,-2.36983e-12,-4.41681e-13,16.0907,379.143,383.267,4.1,1,456.627,10.7594,10.8764,4.35,0,0.0851047,2.00531,2.02712,4.0,0,285.262,284.89,100522.0,1.22425,1011.22,0.0235628,0.117979,0.00822841,1081.84,1374.52,0.0067212,78.7071,292.676,281.282,0.481012,-1.10436,0.0426807,1.20533,5.14103e-14,-5.18986e-15,1.20533,3.54731,156.851,293.536,2.02927,-9999,0.233191,0.602587,-15.9255,-0.292261,0.859506,0.241495,0,50.6909,-7.69254,17.4006,43.3298,66.0807,92.6792,138.85,-0.0663605,1.00319,73.8264,1.00896,75.2156,1.0784,-9.00991,1.04125,1.6883,1.0784,0.0283979,1.04279,800000009,800000009,800000009,800000009,800000009,800000009,800000019,800110019,80000,80000,80,80,0,0,3,0,0,0,0,0.585617,0.550767,0.0687908,0.137994,3.54471,0.107852,0.000124968,0.0596342,-0.212299,0.0397812,0.000669134
B20151991300.slt,2015-07-18,13:30,199.562,1,36000,36000,-0.0776802,5,54.1411,5,61.6881,5,-7.8182,5,1.38486,5,0.0264563,5,0.515191,-0.407684,0.00497618,-0.00915224,4.35901e-05,4.13351e-10,1.16461e-11,2.18639e-12,16.0842,379.185,383.279,4.05,0,453.168,10.6834,10.7988,4.2,0,0.0850762,2.00567,2.02733,3.95,0,285.412,285.037,100522.0,1.22365,1011.19,0.023575,0.0897387,0.00816608,1074.2,1387.9,0.00667353,77.398,313.692,281.177,0.387156,0.0460208,0.0447556,0.392442,-2.672e-13,2.56992e-14,0.392442,3.04652,66.7334,6.77888,6.54847,-9999,0.251957,0.593279,-25.8667,-0.179938,0.877659,0.173665,0,59.3116,-9.00077,20.3598,50.6987,77.3187,108.441,162.464,-0.0775084,1.00222,57.3149,1.00624,55.6671,1.10816,-7.12236,1.0977,1.24969,1.10816,0.0240901,1.09822,800000009,800000009,800000009,800000009,800000009,800000009,800000019,801110019,80000,80000,81,81,0,0,0,0,0,0,0,0.398027,0.734248,0.054282,0.105857,3.43391,0.105585,0.000146778,0.0463211,-0.167909,0.0294614,0.000567924
B20151991330.slt,2015-07-18,14:00,199.583,1,36000,36000,-0.0244171,4,100.351,2,80.7274,2,-9.10715,1,1.81369,2,0.0103315,1,2.8605,-0.388258,0.0156429,-0.00872296,-0.000743658,-3.83243e-10,-1.07207e-11,-2.02018e-12,16.0438,379.315,383.383,4.15,0,448.802,10.6108,10.7246,4.35,0,0.0845715,1.99948,2.02092,3.15,0,285.769,285.853,100522.0,1.2202,1011.15,0.0236424,0.117527,0.00808741,1066.9,1464.48,0.00662796,72.852,397.577,281.077,0.129052,0.443572,0.00383917,0.46198,-1.84643e-15,-2.38873e-14,0.46198,2.43904,13.6097,73.7783,0.476147,-9999,0.14146,0.408922,-2.46983,-1.8845,1.24309,0.574965,0,-9999.0,-9999.0,-9999.0,-9999.0,-9999.0,-9999.0,-9999.0,-0.024362,1.00226,104.743,1.00638,78.3437,1.03043,-8.89062,1.02435,1.76014,1.03043,0.0100802,1.02493,800000009,800000009,800000009,800000009,800000009,800010009,800000019,810010019,80000,80000,81,81,0,0,0,1,0,0,0,0.287343,0.4553,0.0752015,0.238299,3.1919,0.0978908,0.000102838,0.0848941,-0.210196,0.041614,0.00023832
B20151991400.slt,2015-07-18,14:30,199.604,1,36000,36000,-0.123536,5,108.172,5,100.942,5,-9.33102,5,2.26908,5,0.0114731,5,1.96935,0.740027,-0.0862131,0.0166351,-0.000166709,-1.975e-11,-5.60766e-13,-1.04233e-13,15.9819,378.596,382.71,4.05,0,453.779,10.7496,10.8664,4.2,0,0.0843465,1.99809,2.0198,3.2,0,286.215,286.417,100522.0,1.21773,1011.25,0.023689,0.147036,0.0081771,1080.86,1519.45,0.00671503,71.135,438.59,281.268,0.457759,-0.578835,0.0544353,0.739971,-1.02686e-13,-1.23577e-15,0.739971,3.70813,143.948,308.338,4.21872,-9999,0.31851,0.701871,-26.1555,-0.177951,1.07162,0.275791,0,60.4116,-9.1677,20.7374,51.6389,78.7526,110.452,165.477,-0.123224,1.00253,113.432,1.00716,94.3468,1.0699,-8.7879,1.0618,2.12083,1.0699,0.0107955,1.06276,800000009,800000009,800000009,800000009,800000009,800000009,800000019,800100019,80000,80000,81,81,0,0,0,0,0,0,0,0.853647,0.467271,0.0828248,0.281865,3.20159,0.116126,9.1023e-05,0.0921147,-0.208177,0.0502403,0.000255735
B20151991430.slt,2015-07-18,15:00,199.625,1,36000,36000,-0.18016,5,164.558,5,139.685,5,-11.8064,5,3.14114,5,0.0205258,5,1.32652,0.361281,-0.0451294,0.00812421,-0.000614446,-2.03556e-10,-5.82193e-12,-1.0726e-12,15.9427,378.218,382.355,3.9,0,455.978,10.8175,10.9358,4.2,0,0.0840068,1.99295,2.01474,2.75,0,286.771,286.797,100508.0,1.21592,1011.29,0.0237237,0.203546,0.00821672,1087.54,1557.55,0.00675761,69.8238,470.008,281.359,0.428448,0.352755,0.0503183,0.557257,-8.8686e-14,-1.2768e-14,0.557257,3.91328,44.3211,39.4657,5.18066,-9999,0.384925,1.01596,-30.3445,-0.153385,1.17807,0.347667,0,64.4634,-9.78257,22.1282,55.1023,84.0346,117.86,176.575,-0.179739,1.00234,171.829,1.00662,129.473,1.07887,-10.9969,1.07361,2.91148,1.07887,0.0191055,1.07434,800000009,800000009,800000009,800000009,800000009,800000009,800000019,800000019,80000,80000,81,80,0,0,0,0,0,0,0,1.19157,0.737488,0.102865,0.527324,3.6706,0.172956,0.000112013,0.139738,-0.260886,0.0690711,0.000453252
B20151991500.slt,2015-07-18,15:30,199.646,1,36000,36000,-0.120042,5,123.697,5,105.538,5,-9.92653,5,2.37461,5,-0.00579009,7,2.05502,-0.0187037,-0.0198721,-0.000420833,-0.000606879,-7.94587e-11,-2.27287e-12,-4.17809e-13,15.9,378.052,382.185,4.05,0,454.811,10.8139,10.9322,4.2,0,0.0836053,1.98787,2.0096,10.45,0,287.14,287.387,100490.0,1.21321,1011.3,0.0237768,0.153875,0.00819569,1086.99,1618.36,0.0067554,67.1659,531.374,281.351,0.648068,-1.03177,0.0772231,1.22087,1.93323e-13,-4.9974e-15,1.22087,4.80714,148.995,302.133,3.62653,-9999,0.314557,0.954274,-22.0273,-0.211302,1.17206,0.320511,0,55.4088,-8.4085,19.0201,47.3626,72.231,101.305,151.773,-0.119657,1.00322,128.998,1.00903,99.3214,1.06259,-9.41615,1.0542,2.23473,1.06259,-0.00548421,1.05577,800000009,800000009,800000009,800000009,800000009,800000009,800000019,800000019,80000,80000,80,81,0,0,1,0,0,0,0,0.727488,1.08085,0.100201,0.325546,3.28817,0.158388,0.000108351,0.10514,-0.223886,0.0531348,-0.000130397
B20151991530.slt,2015-07-18,16:00,199.667,1,36000,35785,-0.080178,1,80.8259,1,87.3219,1,-9.37185,1,1.96377,1,0.0355722,2,-1.80266,0.0916285,-0.0271403,0.00206062,0.000158679,9.19177e-11,2.63502e-12,4.83932e-13,15.9177,377.825,381.962,4.1,1,456.315,10.8312,10.9498,4.1,0,0.0838042,1.98919,2.01098,3.75,0,287.05,286.87,100481.0,1.21527,1011.31,0.0237362,0.127252,0.00822279,1088.62,1564.99,0.00676621,69.5606,476.374,281.373,2.14985,-1.30412,0.0352623,2.51473,-1.25888e-13,5.77456e-15,2.51473,4.99555,120.502,328.759,0.803446,-9999,0.256856,0.585122,-18.3532,-0.253602,0.925608,0.256038,0,49.7884,-7.55559,17.0908,42.5584,64.9042,91.0291,136.378,-0.0797209,1.00573,84.5728,1.01558,78.2487,1.11595,-8.57778,1.09257,1.75972,1.11595,0.0324586,1.09593,800000009,800000009,800000009,800000009,800000009,800000009,800000019,800000019,80000,80000,80,80,0,0,0,0,0,0,0,0.547385,0.535784,0.0870746,0.183842,3.34894,0.119439,0.000124517,0.068814,-0.203604,0.0417691,0.000770444
B20151991600.slt,2015-07-18,16:30,199.687,1,36000,36000,-0.0850763,1,56.5051,1,70.0863,1,-7.72914,1,1.57591,1,0.0339811,1,-0.58191,0.842815,-0.097009,0.0189509,0.000585572,3.56159e-11,1.03816e-12,1.88378e-13,15.8943,377.015,381.204,3.95,0,463.299,10.9895,11.1116,4.15,0,0.0840673,1.99409,2.01624,3.95,0,287.054,286.703,100491.0,1.21602,1011.39,0.0237201,0.102119,0.00834865,1104.64,1548.11,0.00686554,71.3541,443.471,281.589,2.25164,-1.1682,0.0490869,2.53713,1.05897e-13,2.2408e-15,2.53713,4.78735,117.339,332.579,1.1086,-9999,0.264504,0.441334,-28.671,-0.162338,0.806222,0.173698,0,52.4743,-7.96317,18.0127,44.8542,68.4055,95.9397,143.735,-0.0845872,1.00578,59.5781,1.0157,62.3039,1.12491,-7.05508,1.09554,1.40092,1.12491,0.0309219,1.09893,800000009,800000009,800000009,800000009,800000009,800000009,800000119,800000119,80000,80000,80,80,0,0,0,0,0,0,0,0.421113,0.380588,0.0809676,0.12016,3.06359,0.101536,0.00011959,0.0484427,-0.167347,0.03323,0.000733472
B20151991630.slt,2015-07-18,17:00,199.708,1,36000,36000,-0.033749,1,52.4773,1,63.2138,1,-7.19567,1,1.4214,1,0.0257747,1,0.0465491,0.207629,-0.00968685,0.00466866,-2.42122e-05,1.91584e-10,5.60549e-12,1.01343e-12,15.8895,376.934,381.137,4.0,0,464.904,11.0285,11.1515,4.35,0,0.0840515,1.99388,2.01612,3.9,0,287.113,286.717,100487.0,1.2159,1011.41,0.0237222,0.0921066,0.00837757,1108.52,1549.46,0.00689001,71.5424,440.938,281.64,1.71075,-1.01492,-0.00344069,1.98916,-1.04605e-13,1.20573e-14,1.98916,4.45951,119.034,329.321,-0.0991059,-9999,0.166603,0.490509,-7.71433,-0.603345,0.830154,0.256132,0,-9999.0,-9999.0,-9999.0,-9999.0,-9999.0,-9999.0,-9999.0,-0.0335936,1.00463,55.4068,1.01275,56.5807,1.11723,-6.5793,1.09368,1.27225,1.11723,0.0235098,1.09634,800000009,800000009,800000009,800000009,800000009,800000009,800000019,800100019,80000,80000,80,81,0,0,1,0,0,0,0,0.437806,0.479056,0.0641558,0.12381,3.41233,0.111314,0.000131286,0.0450546,-0.156075,0.0301805,0.000557704
B20151991700.slt,2015-07-18,17:30,199.729,1,36000,36000,-0.0805709,5,54.8731,5,67.1403,5,-7.3124,5,1.50994,5,0.0241462,5,0.616318,0.200341,-0.00400762,0.00450553,-0.000112233,9.86633e-11,2.89688e-12,5.21707e-13,15.8761,376.9,381.118,4.1,1,466.142,11.0662,11.19,4.2,0,0.0839488,1.99295,2.01525,3.85,0,287.205,286.893,100473.0,1.21497,1011.43,0.02374,0.0978444,0.00839987,1112.15,1567.37,0.00691365,70.9567,455.216,281.689,1.81705,-0.469524,0.0178075,1.87682,3.8323e-14,6.21458e-15,1.87682,4.35842,105.241,345.512,0.543638,-9999,0.257517,0.392999,-27.2422,-0.170853,0.81729,0.173401,0,57.2857,-8.69332,19.6643,48.9669,74.6776,104.736,156.914,-0.0802178,1.0044,58.0027,1.01216,59.7046,1.12454,-6.62543,1.10369,1.34272,1.12454,0.0218278,1.10621,800000009,800000009,800000009,800000009,800000009,800000009,800000019,800100019,80000,80000,80,80,0,0,0,0,0,0,0,0.487207,0.237074,0.061717,0.10763,3.07799,0.107047,0.000127428,0.0472005,-0.157288,0.0318762,0.000518193
B20151991730.slt,2015-07-18,18:00,199.75,1,36000,36000,-0.0629785,5,39.1546,5,63.759,5,-6.78715,5,1.43383,5,0.026569,5,-0.174443,0.213056,-0.0369132,0.00479126,8.22535e-05,5.84149e-11,1.72275e-12,3.09242e-13,15.8643,376.591,380.821,3.95,0,467.863,11.1063,11.231,4.25,0,0.0839838,1.99363,2.01602,4.0,0,287.274,286.843,100463.0,1.21504,1011.45,0.0237383,0.0929122,0.00843088,1116.07,1562.28,0.00693878,71.4382,446.216,281.741,1.30802,-0.784815,0.0642917,1.52676,4.40223e-14,3.68216e-15,1.52676,3.69148,121.692,329.036,2.41344,-9999,0.227668,0.337762,-26.3799,-0.176437,0.614103,0.139942,0,55.9937,-8.49727,19.2208,47.8626,72.9935,102.374,153.376,-0.0627438,1.00374,42.3539,1.01043,57.5112,1.10864,-6.22201,1.09083,1.29333,1.10864,0.0243114,1.09286,800000009,800000009,800000009,800000009,800000009,800000009,800000019,800100019,80000,80000,80,80,0,0,0,0,0,0,0,0.310164,0.314257,0.0511031,0.0649541,3.05904,0.101359,0.000138154,0.0344634,-0.1477,0.0307015,0.000577112
B20151991800.slt,2015-07-18,18:30,199.771,1,36000,36000,-0.0527099,5,15.0913,5,35.0787,5,-3.1775,5,0.788864,5,0.020445,5,0.0232606,0.272539,-0.0286926,0.00612897,0.000294588,-2.84173e-10,-8.42472e-12,-1.50719e-12,15.8551,376.352,380.598,4.2,0,470.048,11.1575,11.2834,4.35,0,0.0840923,1.9961,2.01862,4.05,0,287.299,286.85,100471.0,1.21508,1011.48,0.023737,0.0511184,0.00847026,1121.3,1562.96,0.00697093,71.7424,441.655,281.81,0.627204,-0.0246803,0.0477878,0.629505,9.0436e-14,-1.79231e-14,0.629505,3.01286,91.5832,357.747,4.35369,-9999,0.208278,0.565535,-52.406,-0.0888143,0.430213,0.0589553,0,61.3047,-9.30323,21.0439,52.4024,79.9169,112.085,167.923,-0.0525831,1.00241,16.9395,1.00682,31.4716,1.11462,-2.87072,1.10687,0.707747,1.11462,0.0184569,1.10772,800000009,800010009,800000009,800000009,800000009,800000009,800010019,800110019,80000,80000,80,81,0,0,0,0,0,0,0,0.423223,0.673701,0.0341444,0.0361738,2.60329,0.0892689,0.000167739,0.0137828,-0.0681422,0.0167998,0.000438112
B20151991830.slt,2015-07-18,19:00,199.792,1,36000,36000,-0.0442246,5,14.83,5,42.3787,5,-3.88035,5,0.952862,5,0.0315363,5,-0.640051,-0.0279115,0.0308957,-0.000627576,0.000560514,-3.49746e-10,-1.03568e-11,-1.85806e-12,15.8756,376.61,380.857,4.05,0,470.112,11.1523,11.2781,4.65,0,0.0843407,2.00078,2.02335,4.05,0,287.219,286.667,100467.0,1.21582,1011.47,0.0237226,0.0617454,0.00847141,1120.74,1544.42,0.00696764,72.5671,423.679,281.802,1.10355,-0.731177,0.048391,1.32468,1.38139e-14,-2.20304e-14,1.32468,3.1067,122.713,326.473,2.0935,-9999,0.19072,0.322204,-40.9466,-0.11367,0.349941,0.0632297,0,-9999.0,-9999.0,-9999.0,-9999.0,-9999.0,-9999.0,-9999.0,-0.0440753,1.00339,17.0483,1.00949,38.2656,1.10749,-3.56104,1.08967,0.86038,1.10749,0.0288945,1.09143,800000009,800010009,800000009,800000009,800000009,800000009,800110019,811110019,80000,80000,80,81,0,0,3,0,0,0,0,0.319869,0.295551,0.0289874,0.0227228,2.73171,0.100808,0.000245922,0.013863,-0.0844771,0.0204105,0.000685452
B20151991900.slt,2015-07-18,19:30,199.812,1,36000,36000,-0.0263321,1,13.4418,1,43.8262,1,-4.15244,1,0.985361,1,0.0434154,1,-0.174618,0.412457,-0.0249161,0.00927343,0.000609647,-9.90983e-11,-2.95655e-12,-5.28104e-13,15.8719,376.402,380.676,3.9,0,473.531,11.2297,11.3573,4.7,0,0.0845828,2.00587,2.02865,4.15,0,287.237,286.617,100482.0,1.21618,1011.52,0.0237149,0.0638514,0.00853302,1128.69,1539.4,0.00701625,73.3205,410.703,281.907,1.15934,-0.266429,0.0251572,1.18983,-3.41497e-14,-6.24363e-15,1.18983,2.55902,103.281,347.058,1.21153,-9999,0.147144,0.128568,-20.749,-0.224319,0.306706,0.0742575,0,-9999.0,-9999.0,-9999.0,-9999.0,-9999.0,-9999.0,-9999.0,-0.026249,1.00317,15.7242,1.0089,39.0558,1.12214,-3.76046,1.10424,0.878106,1.12214,0.0392601,1.10584,800000009,800010009,800000009,800000009,800000009,800000009,801110019,811110019,80000,80000,80,80,0,0,0,0,0,0,0,0.14717,0.0866184,0.0233472,0.0198108,2.89565,0.105648,0.000316207,0.0127819,-0.0891791,0.0208242,0.000931049
B20151991930.slt,2015-07-18,20:00,199.833,1,36000,36000,-0.0431732,5,22.4078,5,58.5175,5,-5.28398,5,1.31584,5,0.0321278,5,0.453893,0.352156,-0.00930488,0.00791864,-0.000721741,4.3202e-10,1.29677e-11,2.29582e-12,15.8645,376.324,380.623,4.05,0,476.195,11.2959,11.425,4.3,0,0.0843062,1.99984,2.02269,3.95,0,287.309,286.747,100501.0,1.21583,1011.56,0.0237212,0.0852661,0.00858103,1135.56,1552.49,0.00705777,73.1446,416.927,281.997,0.845318,-0.623985,0.0603017,1.0524,4.75569e-15,2.72319e-14,1.0524,2.48018,129.059,323.567,3.28479,-9999,0.18844,0.201332,-26.146,-0.178016,0.382925,0.0966863,0,-9999.0,-9999.0,-9999.0,-9999.0,-9999.0,-9999.0,-9999.0,-0.0430461,1.00295,25.5169,1.00832,53.3164,1.09755,-4.88182,1.08238,1.19888,1.09755,0.0296445,1.08377,800000009,800010009,800000009,800000009,800000009,800000009,801110019,811110019,80000,80000,80,81,0,0,0,0,0,0,0,0.187906,0.185503,0.029254,0.0363002,2.94668,0.118754,0.000196423,0.0207475,-0.115803,0.0284389,0.000703204
B20151992000.slt,2015-07-18,20:30,199.854,1,36000,36000,-0.00713978,2,5.29364,1,25.1904,1,-2.38077,1,0.566411,1,0.0267686,1,-0.162966,0.0416835,0.024885,0.00093726,0.000586626,3.559e-11,1.06843e-12,1.89489e-13,15.8762,376.532,380.837,4.05,0,476.613,11.3037,11.433,4.6,0,0.0845285,2.00474,2.02766,3.75,0,287.241,286.7,100504.0,1.21605,1011.56,0.0237168,0.0367034,0.00858857,1136.37,1547.78,0.00706268,73.4197,411.404,282.007,-0.254789,-0.616813,0.0363706,0.668356,-1.63074e-13,2.24172e-15,0.668356,1.60518,204.629,247.556,3.11946,-9999,0.0766243,0.0774549,-7.44113,-0.625496,0.210145,0.0561622,0,-9999.0,-9999.0,-9999.0,-9999.0,-9999.0,-9999.0,-9999.0,-0.00712231,1.00245,6.71762,1.00693,23.9203,1.0531,-2.28162,1.04346,0.537853,1.0531,0.0256328,1.04431,800000009,800010009,800000009,800000009,800000009,800010019,801110019,811110019,80000,80000,80,81,0,0,0,30,0,0,0,0.0581037,0.0841093,0.0126968,0.00739545,2.3496,0.0796154,0.000309746,0.005461,-0.0541126,0.0127562,0.000607927
B20151992030.slt,2015-07-18,21:00,199.875,1,36000,36000,-0.00769076,5,0.24637,5,6.37841,5,-0.182544,7,0.143397,5,-2.8125e-06,9,-0.570759,0.205453,0.00851289,0.00461892,0.00309525,-1.55217e-10,-4.67474e-12,-8.36908e-13,15.8896,376.603,380.923,3.95,0,478.553,11.3423,11.4724,4.5,1,0.0856743,2.03059,2.05388,4.1,1,287.183,286.537,100512.0,1.21683,1011.58,0.0237012,0.00929214,0.00862353,1140.35,1531.39,0.00708688,74.4648,391.043,282.059,-0.405426,-0.556701,0.0504021,0.690526,4.24039e-14,-9.76848e-15,0.690526,1.32061,215.668,233.935,4.18579,-9999,0.0795005,0.0357005,-178.584,-0.0260628,0.0386256,0.00251761,0,-9999.0,-9999.0,-9999.0,-9999.0,-9999.0,-9999.0,-9999.0,-0.00767176,1.00248,0.603686,1.007,5.94525,1.07286,-0.172018,1.06119,0.133659,1.07286,-2.64809e-06,1.06209,800000009,800110009,800000009,800000009,800010009,800110019,811110019,811110019,80000,80000,80,80,0,0,14,0,0,0,8,0.0516198,0.0153371,0.00444393,0.00170353,1.89197,0.0727014,0.00178027,0.000490435,-0.00407705,0.00316788,-6.27629e-08
B20151992100.slt,2015-07-18,21:30,199.896,1,36000,36000,-0.00161539,5,0.00335061,7,4.26582,6,-0.288911,6,0.0958723,6,0.000959895,7,-1.15472,2.47388,0.0506707,0.0555992,0.0114564,-1.8961e-10,-5.93731e-12,-1.06924e-12,15.9277,377.025,381.53,3.35,0,498.749,11.8059,11.9469,34.8,0,0.0898191,2.12611,2.15151,4.1,1,287.006,286.207,100525.0,1.21817,1011.83,0.023671,0.00621253,0.00898745,1187.1,1498.75,0.00737784,79.2062,311.647,282.655,-0.394192,-0.468737,0.0452047,0.614122,1.62347e-14,-1.19044e-14,0.614122,0.870057,220.858,229.937,4.22129,-9999,0.0364153,0.0107935,-1262.18,-0.0036876,0.000785456,7.46492e-05,0,-9999.0,-9999.0,-9999.0,-9999.0,-9999.0,-9999.0,-9999.0,-0.00161153,1.0024,0.239,1.00677,3.91411,1.08986,-0.270309,1.06882,0.0879678,1.08986,0.000897419,1.06962,800000009,811110009,800000009,800000009,800000009,800000009,811110019,811110019,80000,80000,80,81,0,0,0,0,0,0,0,0.00827077,0.0121919,0.00112442,0.0029351,1.98258,0.108178,0.00371639,0.000193902,-0.0063985,0.00208229,2.12428e-05
B20151992130.slt,2015-07-18,22:00,199.917,1,36000,36000,-0.00102515,5,0.625432,6,-0.365675,6,-0.0703325,6,-0.00821646,6,-0.00112014,7,-0.852302,-0.701315,0.12285,-0.015758,-0.00236482,-6.29243e-11,-1.94319e-12,-3.50602e-13,15.9871,378.049,382.514,2.2,0,493.703,11.6746,11.8125,5.85,0,0.0890771,2.10641,2.13129,2.15,0,286.866,285.963,100541.0,1.21946,1011.76,0.0236471,-0.000532426,0.00889654,1174.09,1475.07,0.00729545,79.5957,300.979,282.491,-0.194599,-0.802661,0.0197461,0.82615,-1.53608e-14,-3.93594e-15,0.82615,1.12272,194.22,256.372,1.36958,-9999,0.028994,0.0115064,-3.41331,-1.3636,-1.71035,0.0174835,0,-9999.0,-9999.0,-9999.0,-9999.0,-9999.0,-9999.0,-9999.0,-0.00102245,1.00264,0.602259,1.00746,-0.346778,1.05449,-0.0685755,1.02562,-0.00779185,1.05449,-0.00109106,1.02666,800000009,811110009,800000009,800000009,800000019,800000019,811110019,811110019,80000,80000,80,81,0,0,7,0,0,0,1,0.0139474,0.0086305,0.000434873,0.007664,1.71691,0.0496541,0.00196401,0.000488135,-0.00162161,-0.000184254,-2.58003e-05
B20151992200.slt,2015-07-18,22:30,199.937,1,36000,36000,-0.000992654,5,-0.531492,7,-0.856662,5,0.00645101,9,-0.0192428,5,0.0156136,7,-1.09875,-0.07133,0.0387223,-0.00160225,0.00882783,-4.18721e-11,-1.29049e-12,-2.41232e-13,16.0194,378.371,382.835,4.1,1,493.713,11.6613,11.7989,2.95,0,0.0922903,2.17986,2.20558,4.1,1,286.665,285.65,100548.0,1.22089,1011.74,0.0236196,-0.00124693,0.00889672,1172.83,1445.07,0.00728708,81.1608,272.241,282.475,-0.1488,-0.848996,0.0133864,0.862041,3.18951e-14,-2.61384e-15,0.862041,1.23053,190.767,260.059,0.889766,-9999,0.0285141,0.0194956,3.82059,1.21824,0.620423,-0.0150901,0,-9999.0,-9999.0,-9999.0,-9999.0,-9999.0,-9999.0,-9999.0,-0.000966191,1.02739,-0.536432,1.05694,-0.527441,1.62419,0.00565305,1.14116,-0.0118477,1.62419,0.0135236,1.15454,800000009,811110009,800000009,800000009,800000009,800000019,811110019,811110019,80000,80000,80,81,0,0,3,0,0,0,43,0.0222791,0.0163479,0.000364256,0.020713,3.62228,0.0665821,0.039223,-0.00043428,0.000133523,-0.000279837,0.000319422
B20151992230.slt,2015-07-18,23:00,199.958,1,36000,36000,-0.00401107,6,2.79205,6,-4.70411,6,-1.25484,6,-0.105619,6,-0.114318,6,-1.63899,0.922825,0.283057,0.0207197,0.0329241,1.26313e-10,3.92602e-12,8.13963e-13,16.1437,380.722,385.281,12.15,0,501.772,11.8334,11.9751,26.55,0,0.10403,2.45337,2.48275,8.1,0,286.272,285.183,100538.0,1.22269,1011.83,0.0235833,-0.00684409,0.00904194,1190.03,1401.38,0.00739512,84.9181,211.355,282.692,-0.388238,-0.893194,0.0181983,0.974092,-5.01889e-14,7.82431e-15,0.974092,1.40093,204.482,246.507,1.07048,-9999,0.0572759,0.0411114,-5.89413,-0.789666,-0.593536,0.039403,0,-9999.0,-9999.0,-9999.0,-9999.0,-9999.0,-9999.0,-9999.0,-0.00399971,1.00284,2.53043,1.00801,-4.16576,1.12923,-1.20267,1.04338,-0.0935316,1.12923,-0.109435,1.04462,800000009,811110009,800000009,800000009,800000009,800000019,811110019,811110019,80000,80000,80,81,0,0,0,0,0,0,15,0.0467744,0.0348901,0.000558174,0.0267555,8.05498,0.0864201,0.093911,0.00204537,-0.0283629,-0.00220578,-0.00258082
B20151992300.slt,2015-07-18,23:30,199.979,1,36000,36000,0.00114381,5,-0.51503,5,-3.24902,5,0.884043,5,-0.0729307,5,0.0213901,5,-0.902251,0.49099,1.09464,0.0110212,-0.00833082,-4.96191e-11,-1.51793e-12,-3.03489e-13,16.5436,389.808,394.512,4.2,0,506.096,11.9249,12.0688,47.85,0,0.101187,2.38422,2.413,4.1,1,286.148,284.927,100536.0,1.22372,1011.87,0.0235625,-0.00472591,0.00911986,1199.2,1377.85,0.00745255,87.0342,178.65,282.806,-0.953537,-1.07614,0.041625,1.43842,6.45645e-14,-2.99929e-15,1.43842,1.91052,221.104,228.457,1.65826,-9999,0.0305728,0.0274975,4.85959,0.957777,0.158519,-0.0136047,0,-9999.0,-9999.0,-9999.0,-9999.0,-9999.0,-9999.0,-9999.0,0.00111094,1.02959,-0.533556,1.06168,-0.777171,4.18057,0.590862,1.49619,-0.0174451,4.18057,0.0140528,1.52212,800000009,810110009,800000009,800000009,800000009,801000019,811110019,811110019,80000,80000,80,80,0,0,0,0,0,0,0,0.0299456,0.0243806,0.000668517,0.0582648,42.519,0.0557404,0.0407596,-0.000430894,0.0139222,-0.000411051,0.000331118
B20151992330.slt,2015-07-19,00:00,200.0,0,36000,36000,-0.00125789,5,-0.303075,5,2.54126,5,-0.57772,5,0.0570228,5,-0.0163903,5,-1.34947,0.935097,1.45251,0.0209824,0.00633361,1.66996e-11,5.02794e-13,1.01264e-13,17.0788,401.846,406.768,10.3,0,514.21,12.0988,12.247,49.3,0,0.103563,2.43672,2.46656,10.35,0,285.724,284.543,100544.0,1.22539,1011.96,0.0235289,0.00369507,0.00926606,1216.79,1343.36,0.00756173,90.5781,126.57,283.023,-1.0147,-0.775148,0.0564056,1.27815,-1.73525e-15,9.77799e-16,1.27815,1.66751,231.922,217.377,2.52933,-9999,0.0320395,0.0333659,9.50533,0.489662,-0.119261,-0.00762826,0,-9999.0,-9999.0,-9999.0,-9999.0,-9999.0,-9999.0,-9999.0,-0.00123919,1.01509,-0.254353,1.03242,0.673987,3.7705,-0.435435,1.32676,0.0151234,3.7705,-0.0122466,1.33836,800000009,800110009,800000009,800000009,800000009,800000009,811110019,811110019,80000,80000,80,80,0,0,0,0,0,0,0,0.0284951,0.0371946,0.00104211,0.0332019,24.7628,0.0531432,0.0224889,-0.000205115,-0.0102453,0.000355837,-0.000288149
B20152000000.slt,2015-07-19,00:30,200.021,0,36000,36000,-0.0009278,5,-0.925682,5,-4.93846,5,0.957007,7,-0.110791,5,0.0260898,7,-0.728145,0.510736,-0.000298899,0.011458,-0.00374761,-4.45553e-11,-1.35201e-12,-2.66736e-13,17.0926,401.844,406.804,4.05,0,518.666,12.1937,12.3442,41.1,0,0.102327,2.40568,2.43538,4.15,0,285.543,284.337,100553.0,1.22635,1012.01,0.0235097,-0.00717925,0.00934635,1226.44,1325.08,0.00762131,92.5561,98.6373,283.141,-0.695974,-0.555289,0.0396978,0.891236,-3.43882e-14,-2.6067e-15,0.891236,1.42246,232.385,218.585,2.55294,-9999,0.0275056,0.0298932,1.96923,2.36356,0.187443,-0.027117,0,-9999.0,-9999.0,-9999.0,-9999.0,-9999.0,-9999.0,-9999.0,-0.000888662,1.04404,-0.874505,1.0903,-0.370737,13.3207,0.450052,2.12644,-0.0083172,13.3207,0.0120716,2.16126,800000009,800110009,800000009,800000009,800000009,801000009,811110019,811110019,80000,80000,80,80,0,0,3,0,0,0,0,0.0384599,0.0199991,0.00132782,0.0290491,64.1153,0.0445375,0.060853,-0.000704633,0.0105806,-0.000195535,0.000283799
B20152000030.slt,2015-07-19,01:00,200.042,0,36000,36000,-0.00135403,5,1.38913,5,1.60131,5,-1.39328,5,0.0359199,5,-0.0406068,5,-0.446556,1.03239,-0.542697,0.0231582,-0.0183604,6.66844e-11,2.07854e-12,3.78224e-13,16.9114,397.352,402.335,5.75,0,527.125,12.3854,12.5407,9.6,0,0.095919,2.25372,2.28198,4.1,1,285.501,284.21,100567.0,1.22697,1012.12,0.0234961,0.00232761,0.00949879,1245.89,1313.98,0.00774167,94.8177,68.0946,283.376,-0.522734,-0.471084,0.0360328,0.704606,2.73448e-14,3.94316e-15,0.704606,0.913126,228.43,222.025,2.93132,-9999,0.0332197,0.0142513,-2.31203,-2.01312,0.867497,0.033673,0,-9999.0,-9999.0,-9999.0,-9999.0,-9999.0,-9999.0,-9999.0,-0.00135066,1.00249,1.44627,1.00705,1.02652,1.55994,-1.29117,1.07908,0.0230264,1.55994,-0.0375985,1.08001,800000009,811110009,800000009,800000009,800000009,801000019,811110019,811110019,80000,80000,80,80,0,0,0,0,0,0,0,0.00591481,0.0218153,0.000772495,0.0374283,43.1451,0.0518104,0.0395047,0.00116462,-0.0303373,0.00054103,-0.000883417
B20152000100.slt,2015-07-19,01:30,200.062,0,36000,36000,-0.00278661,6,-1.58223,6,-11.3707,5,-0.452929,5,-0.255031,5,-0.0118962,5,-0.446756,0.146091,-0.537792,0.00327665,-0.0200206,-1.19827e-10,-3.78556e-12,-6.36827e-13,16.7295,392.903,397.841,2.45,0,528.514,12.4125,12.5685,42.75,0,0.0889095,2.08809,2.11434,2.25,0,285.292,284.083,100567.0,1.2275,1012.14,0.0234856,-0.016526,0.00952382,1248.62,1302.97,0.00775869,95.8284,54.3542,283.409,-0.479562,-0.477781,0.0311792,0.677662,-9.11626e-14,-7.16264e-15,0.677662,1.02806,227.438,224.893,2.6371,-9999,0.047646,0.0230274,5.98909,0.777146,0.13915,-0.026729,0,-9999.0,-9999.0,-9999.0,-9999.0,-9999.0,-9999.0,-9999.0,-0.00273618,1.01843,-1.60933,1.03878,-1.3406,8.48179,-0.307721,1.47188,-0.0300681,8.48179,-0.00802543,1.48231,800000009,811110009,800000009,800000009,800000009,800000019,811110019,811110019,80000,80000,80,81,0,0,0,0,0,0,9,0.0274075,0.0179469,0.000700465,0.0236384,3.69178,0.0458247,0.001114,-0.00129534,-0.00722701,-0.000706168,-0.000188482
B20152000130.slt,2015-07-19,02:00,200.083,1,36000,36000,-0.00432683,5,-1.45012,5,-25.1593,6,-3.71557,6,-0.564207,6,-0.0431099,6,-0.564692,2.99514,1.64913,0.0671671,0.0208269,3.35724e-11,1.0709e-12,1.86657e-13,17.3198,406.538,411.879,7.35,0,552.47,12.9678,13.1382,21.65,0,0.0962956,2.26029,2.28999,5.8,0,285.354,283.923,100566.0,1.22793,1012.44,0.0234725,-0.0365606,0.0099555,1304.48,1289.17,0.00810754,100.0,0.0,284.066,-0.193199,0.168366,0.00957972,0.256446,-2.74486e-14,1.93838e-15,0.256446,0.756902,298.922,138.929,2.14082,-9999,0.0593605,0.0537577,12.638,0.368285,0.0576377,-0.01965,0,-9999.0,-9999.0,-9999.0,-9999.0,-9999.0,-9999.0,-9999.0,-0.00428058,1.0108,-1.67729,1.02312,-4.24919,5.92096,-2.70833,1.37191,-0.0952898,5.92096,-0.0313671,1.37437,800000009,800110009,800000009,800000009,800000009,800000009,811110019,811110019,80000,80000,80,81,0,0,0,0,0,0,0,0.030459,0.0761208,0.000935558,0.030983,43.5378,0.0936703,0.00927436,-0.00134916,-0.0635712,-0.00223668,-0.000736264
B20152000200.slt,2015-07-19,02:30,200.104,1,36000,36000,-0.00400199,5,-2.32872,5,25.5195,5,2.54914,5,0.572392,5,0.0722329,5,0.681881,0.0573965,0.534289,0.00128738,0.0125487,4.15917e-11,1.31351e-12,2.39265e-13,17.4963,410.959,416.363,4.6,0,552.551,12.9785,13.1491,35.45,0,0.100651,2.36412,2.39521,4.45,0,285.419,284.117,100567.0,1.2271,1012.45,0.0234883,0.037091,0.00995697,1305.56,1305.86,0.00811423,99.9767,0.304165,284.078,-0.626455,0.922477,0.0161617,1.1152,-2.07015e-14,2.37717e-15,1.1152,2.76368,326.737,124.18,0.830369,-9999,0.0571082,0.0820048,7.00767,0.664187,-0.0912526,-0.032822,0,-9999.0,-9999.0,-9999.0,-9999.0,-9999.0,-9999.0,-9999.0,-0.00392888,1.01861,-2.18881,1.03941,1.01867,25.0518,1.9803,1.28725,0.0228483,25.0518,0.0555564,1.30017,800000009,800010009,800000009,800000009,800000009,801100019,800110019,811110019,80000,80000,80,81,0,0,227,0,0,0,30,0.139697,0.0205352,0.00377745,0.0210062,18.2081,0.0807719,0.0157859,-0.00176179,0.0465139,0.000536667,0.00130492
B20152000230.slt,2015-07-19,03:00,200.125,1,36000,36000,-0.0170028,5,-9.63577,5,-25.9601,5,2.62661,5,-0.582155,5,0.0579021,5,-0.741166,-1.80456,-1.46837,-0.0404674,-0.0246855,-2.07432e-11,-6.5763e-13,-1.12347e-13,16.992,398.819,403.926,4.15,0,538.705,12.6439,12.8058,45.0,0,0.09203,2.16003,2.18769,4.25,0,285.201,283.907,100567.0,1.22816,1012.26,0.0234709,-0.0377237,0.00970746,1271.9,1287.74,0.00790405,98.7696,15.8442,283.686,-1.17674,1.03062,0.0371883,1.5647,5.95305e-14,-1.22076e-15,1.5647,2.72591,310.932,138.787,1.36188,-9999,0.117661,0.0793226,14.8107,0.314259,0.371177,-0.0658729,0,-9999.0,-9999.0,-9999.0,-9999.0,-9999.0,-9999.0,-9999.0,-0.0167641,1.01424,-9.47885,1.03089,-1.57353,16.498,2.07993,1.26283,-0.0352864,16.498,0.045448,1.27403,800000009,800010009,800000009,800000009,800000019,800000019,800000019,800100019,80000,80000,80,80,0,0,0,0,0,0,0,0.0827253,0.0581422,0.0177774,0.0277419,9.81494,0.0452889,0.00308654,-0.00762444,0.0488179,-0.000828204,0.00106671
B20152000300.slt,2015-07-19,03:30,200.146,1,36000,36000,-0.0137878,5,-7.1386,5,-57.78,5,1.92424,5,-1.29554,5,0.0391907,5,-0.51799,2.04647,-0.670715,0.0458857,-0.005259,3.08264e-13,1.02079e-14,1.65904e-15,16.7663,393.277,398.466,4.45,0,555.2,13.023,13.1949,6.85,0,0.0902342,2.11658,2.1445,4.35,0,285.18,283.76,100577.0,1.22874,1012.47,0.0234565,-0.0839508,0.0100047,1310.17,1275.22,0.00814223,100.0,0.0,284.131,-0.87863,1.19754,0.0328151,1.48565,-1.65258e-14,1.83859e-17,1.48565,3.04462,323.416,126.267,1.26565,-9999,0.10593,0.0910047,14.5904,0.319004,0.123548,-0.0541693,0,-9999.0,-9999.0,-9999.0,-9999.0,-9999.0,-9999.0,-9999.0,-0.0135969,1.01404,-7.12621,1.03044,-2.83875,20.354,1.59516,1.2063,-0.0636502,20.354,0.032212,1.21665,800000009,800010009,800000009,800000009,800000009,800000009,800100019,810110019,80000,80000,80,80,0,0,3,0,0,0,0,0.0700979,0.0999654,0.0119463,0.0494511,6.45267,0.0900144,0.000573765,-0.00572819,0.0374167,-0.00149301,0.00075558
B20152000330.slt,2015-07-19,04:00,200.167,1,36000,36000,-0.0187226,5,-7.75767,5,33.8608,5,1.49076,5,0.759192,5,0.0367664,5,-0.153059,-0.326828,-0.311627,-0.00732778,-0.00373883,-3.54005e-12,-1.17449e-13,-1.88978e-14,16.6585,390.703,395.834,4.2,0,552.685,12.9625,13.1327,22.65,0,0.088928,2.08569,2.11308,4.3,0,285.179,283.717,100574.0,1.22892,1012.43,0.0234537,0.0491956,0.00995939,1304.04,1271.55,0.00810419,100.0,0.0,284.06,-1.16777,1.16846,0.0422819,1.65251,-6.24424e-14,-2.12507e-16,1.65251,2.65979,315.03,134.983,1.46616,-9999,0.12343,0.0874338,21.2395,0.219139,-0.229105,-0.0505149,0,-9999.0,-9999.0,-9999.0,-9999.0,-9999.0,-9999.0,-9999.0,-0.0185017,1.01194,-7.47413,1.02633,1.93989,17.455,1.24349,1.19885,0.0434941,17.455,0.0304448,1.20764,800000009,800010009,800000009,800000009,800000009,800000009,800000019,800010019,80000,80000,80,80,0,0,0,0,0,0,0,0.0852733,0.0724692,0.0171251,0.0249552,2.53593,0.0609142,0.000413797,-0.0060072,0.0291643,0.00102009,0.000714042
B20152000400.slt,2015-07-19,04:30,200.187,1,36000,36000,-0.017748,5,-6.54456,5,27.1203,5,1.40698,5,0.607946,5,0.0343361,5,-0.706932,-0.993001,0.320923,-0.0222598,-0.000367381,-5.11504e-11,-1.66171e-12,-2.70822e-13,16.7841,393.352,398.443,4.05,0,545.26,12.7787,12.9441,19.7,0,0.0888655,2.08265,2.10961,4.35,0,284.939,283.517,100578.0,1.22993,1012.33,0.023436,0.0393949,0.00982558,1285.61,1254.69,0.00798875,100.0,0.0,283.847,-1.25829,0.907794,0.0462867,1.55227,-6.45167e-16,-3.04755e-15,1.55227,2.77278,305.762,144.191,1.70874,-9999,0.120125,0.092358,23.2078,0.200553,-0.241316,-0.0437567,0,-9999.0,-9999.0,-9999.0,-9999.0,-9999.0,-9999.0,-9999.0,-0.0175552,1.01098,-6.31381,1.02433,1.7001,15.9522,1.15241,1.2209,0.0381106,15.9522,0.0279413,1.22886,800000009,800010009,800000009,800000009,800000009,800000009,800100019,811110019,80000,80000,80,80,0,0,0,0,0,0,0,0.12269,0.0458033,0.0162229,0.0180671,3.82997,0.0679994,0.000433502,-0.00507098,0.027008,0.000893161,0.000654833
B20152000430.slt,2015-07-19,05:00,200.208,1,36000,36000,-0.0311204,5,-8.54896,5,-17.8355,5,1.19961,5,-0.399714,5,0.0419131,5,-0.907922,-0.995601,-0.114819,-0.0223125,-0.00348486,8.61697e-11,2.76572e-12,4.51027e-13,16.757,392.405,397.41,4.4,0,537.837,12.5947,12.7553,34.75,0,0.087709,2.05391,2.08011,4.25,0,284.588,283.26,100568.0,1.231,1012.22,0.0234173,-0.0259015,0.00969181,1266.96,1233.34,0.00787313,100.0,0.0,283.627,-1.2845,0.908942,0.0654672,1.57493,1.42079e-14,5.14231e-15,1.57493,3.29644,304.73,144.716,2.38238,-9999,0.158999,0.128604,41.1938,0.112988,0.479323,-0.0431506,0,-9999.0,-9999.0,-9999.0,-9999.0,-9999.0,-9999.0,-9999.0,-0.0308516,1.00871,-8.50718,1.01978,-1.51491,11.7733,1.01787,1.17855,-0.033951,11.7733,0.0353912,1.18428,800000009,800010009,800000009,800000009,800000009,800000009,810000019,810110019,80000,80000,80,80,0,0,0,0,0,0,0,0.152811,0.0804732,0.0239231,0.0138672,2.24508,0.0494293,0.000294466,-0.00682739,0.0238357,-0.00079504,0.000828767
B20152000500.slt,2015-07-19,05:30,200.229,1,36000,36000,-0.0575613,5,-4.58087,5,57.901,5,-1.27302,5,1.29777,5,0.0492792,5,0.41253,-0.556459,0.266668,-0.0124723,-0.00099417,1.45082e-10,4.59277e-12,7.52132e-13,16.8446,394.605,399.597,5.45,0,533.24,12.4918,12.6498,5.35,0,0.0873256,2.04571,2.07158,4.15,0,284.65,283.377,100571.0,1.23058,1012.16,0.0234262,0.0840956,0.00960898,1256.65,1243.0,0.00780849,100.0,0.0,283.505,-1.59311,1.26194,0.0550481,2.03311,4.92824e-14,8.61296e-15,2.03311,3.89076,308.231,141.616,1.55152,-9999,0.216277,0.21852,193.484,0.0240557,-0.0791155,-0.017005,0,53.1783,-8.07001,18.2544,45.456,69.3232,97.2268,145.664,-0.0571624,1.00698,-4.11459,1.01673,6.86252,8.43728,-1.1347,1.1219,0.153814,8.43728,0.0437704,1.12586,800000009,800010009,800000009,800000009,800000009,800000009,800010019,800010019,80000,80000,80,80,0,0,0,0,0,0,0,0.262075,0.122668,0.0522973,0.00689279,5.07353,0.0594399,0.00040967,-0.00330344,-0.0265816,0.00360328,0.00102537
B20152000530.slt,2015-07-19,06:00,200.25,1,36000,36000,-0.0299518,5,-1.1066,7,46.5229,5,-1.72364,5,1.04317,5,0.0385784,5,1.50692,-0.186336,-0.432784,-0.00417817,-0.00252551,-4.34714e-11,-1.38489e-12,-2.25104e-13,16.6725,391.03,395.962,4.75,0,531.144,12.4572,12.6144,4.7,0,0.0863339,2.02484,2.05038,4.2,0,284.908,283.803,100605.0,1.22916,1012.15,0.0234536,0.0675976,0.00957122,1253.59,1278.91,0.00778681,98.0203,25.3189,283.468,-1.13883,1.00815,0.0174761,1.52106,2.12245e-14,-2.60737e-15,1.52106,3.01022,311.713,138.483,0.658312,-9999,0.156102,0.153953,301.235,0.0154511,-0.0237862,-0.00569807,0,-9999.0,-9999.0,-9999.0,-9999.0,-9999.0,-9999.0,-9999.0,-0.0297958,1.00524,-0.39122,1.01278,11.8296,3.93275,-1.55709,1.10696,0.265254,3.93275,0.0347723,1.10946,800000009,800010009,800000009,800000009,800000009,800000009,800010019,800110019,80000,80000,80,80,0,0,0,0,0,0,0,0.166564,0.116872,0.0244697,0.0126731,3.16175,0.068157,0.000319956,-0.000314462,-0.0365194,0.00622115,0.000815536
B20152000600.slt,2015-07-19,06:30,200.271,1,36000,36000,-0.0375028,5,3.24339,5,46.8778,5,-1.84232,5,1.05133,5,0.0336681,5,0.705875,0.542482,0.0122128,0.0121663,-1.82262e-05,-2.59964e-11,-8.34652e-13,-1.3457e-13,16.6648,391.131,396.105,4.2,0,535.047,12.5578,12.7175,4.95,0,0.0862653,2.02469,2.05044,4.2,0,285.033,284.003,100603.0,1.22822,1012.21,0.0234705,0.0681265,0.00964155,1263.69,1296.06,0.00784999,97.5031,32.3617,283.589,-1.35533,1.24118,0.0284106,1.838,6.64724e-15,-1.55996e-15,1.838,3.36823,311.649,137.517,0.885674,-9999,0.17474,0.181126,-144.161,-0.0322861,0.0691882,0.01493,0,-9999.0,-9999.0,-9999.0,-9999.0,-9999.0,-9999.0,-9999.0,-0.0373413,1.00433,4.06715,1.01197,14.2239,3.29571,-1.69923,1.08421,0.319001,3.29571,0.0309837,1.08664,800000009,800010009,800000009,800000009,800000009,800000009,800010019,800010019,80000,80000,80,81,0,0,0,0,0,0,0,0.220435,0.10699,0.0348259,0.0237456,2.69672,0.0554551,0.00023198,0.00327145,-0.0398818,0.00748711,0.000727203
B20152000630.slt,2015-07-19,07:00,200.292,1,36000,36000,-0.0607906,5,11.4052,5,71.4297,5,-3.97006,5,1.60312,5,0.0438408,5,2.65243,1.8765,-0.358283,0.0421148,0.000373459,1.0086e-10,3.35373e-12,5.26901e-13,16.4975,388.161,393.237,4.2,0,548.562,12.9069,13.0756,5.25,0,0.086184,2.02779,2.0543,4.1,1,285.656,284.757,100621.0,1.22503,1012.42,0.0235286,0.103882,0.00988509,1299.05,1362.46,0.00806925,95.3459,63.4101,284.003,-1.08824,1.34999,0.0422869,1.73452,9.53818e-14,6.11367e-15,1.73452,3.74087,320.212,128.873,1.39699,-9999,0.222764,0.246789,-84.9562,-0.0547859,0.15967,0.0412808,0,59.9836,-9.10274,20.5904,51.2731,78.1946,109.669,164.304,-0.0605408,1.00413,13.1488,1.01145,30.4867,2.34298,-3.71765,1.0679,0.684223,2.34298,0.0409667,1.07016,800000009,800010009,800000009,800000009,800000009,800000009,800010019,800010019,80000,80000,80,81,0,0,0,0,0,0,0,0.267972,0.184431,0.0411753,0.0397675,2.77759,0.081907,0.000245433,0.0106017,-0.087471,0.0160988,0.000963888
B20152000700.slt,2015-07-19,07:30,200.312,1,36000,36000,-0.0433333,5,1.55115,5,32.7733,5,-2.39186,5,0.735765,5,0.0559306,5,1.1255,-0.845627,-0.286395,-0.0189845,-0.000440979,7.25283e-11,2.3969e-12,3.80539e-13,16.3794,385.785,390.767,4.3,0,541.303,12.7494,12.914,4.8,0,0.0859388,2.02413,2.05027,4.4,0,285.955,285.077,100629.0,1.22383,1012.34,0.0235531,0.0476776,0.00975427,1283.3,1391.56,0.0079703,92.2201,108.262,283.82,-0.787238,1.45157,0.0269158,1.65153,5.8449e-15,4.42802e-15,1.65153,3.23054,331.071,118.472,0.933822,-9999,0.18817,0.193383,-376.51,-0.0123619,0.0473297,0.00665358,0,-9999.0,-9999.0,-9999.0,-9999.0,-9999.0,-9999.0,-9999.0,-0.043162,1.00397,2.71289,1.01103,19.5498,1.6764,-2.25669,1.0599,0.438897,1.6764,0.0526637,1.06203,800000009,800010009,800000009,800000009,800000009,800000009,800010019,800110019,80000,80000,80,80,0,0,0,0,0,0,0,0.245948,0.105585,0.035232,0.00423723,2.75703,0.0862656,0.000362457,0.00218971,-0.053152,0.0103374,0.0012404
B20152000730.slt,2015-07-19,08:00,200.333,1,36000,36000,-0.0304749,5,12.3013,5,46.5665,5,-4.89601,5,1.04601,5,0.0548444,5,2.05955,0.664682,-0.417456,0.0149306,-0.0014122,2.72036e-12,9.1601e-14,1.43191e-14,16.2012,382.315,387.301,4.25,0,545.533,12.8735,13.0414,4.55,0,0.0852779,2.01239,2.03863,4.3,0,286.421,285.663,100644.0,1.22144,1012.42,0.023598,0.0677816,0.0098305,1295.99,1446.34,0.00804827,89.6049,150.348,283.967,-0.666093,1.08904,0.0235092,1.27681,7.08233e-14,1.67911e-16,1.27681,2.66272,328.4,121.451,1.05501,-9999,0.157956,0.131624,-28.086,-0.165719,0.264167,0.0629773,0,-9999.0,-9999.0,-9999.0,-9999.0,-9999.0,-9999.0,-9999.0,-0.0303744,1.00331,14.3368,1.00928,34.9084,1.33396,-4.63997,1.05518,0.784141,1.33396,0.0518954,1.05683,800000009,800010009,800000009,800000009,800000009,800000009,800010019,800010019,80000,80000,80,80,0,0,0,0,0,0,0,0.149231,0.0875462,0.0264713,0.048114,4.5657,0.115739,0.000479636,0.0115936,-0.109494,0.0185042,0.00122463
B20152000800.slt,2015-07-19,08:30,200.354,1,36000,36000,-0.052521,5,26.6493,5,58.2717,5,-7.33255,5,1.30988,5,0.0562374,5,2.59109,-0.903847,-0.294791,-0.0203174,-0.00215426,1.96453e-10,6.57026e-12,1.03147e-12,16.0555,379.858,384.746,4.15,0,536.966,12.7042,12.8676,4.6,0,0.0842987,1.99443,2.0201,4.2,0,286.987,286.403,100644.0,1.21837,1012.34,0.0236591,0.0848802,0.00967613,1278.94,1518.13,0.0079419,84.2449,239.183,283.769,-0.744206,1.40766,0.0497114,1.59305,-1.16409e-14,1.22359e-14,1.59305,2.93094,331.547,117.865,1.78821,-9999,0.207624,0.207103,-29.4426,-0.158084,0.457328,0.104065,0,56.147,-8.52053,19.2735,47.9936,73.1933,102.655,153.795,-0.052319,1.00386,29.4617,1.01075,49.5926,1.17501,-6.98148,1.05029,1.11478,1.17501,0.053441,1.05233,800000009,800010009,800000009,800000009,800000009,800000009,800010019,800010019,80000,80000,80,80,0,0,0,0,0,0,0,0.163564,0.208435,0.0422064,0.0661611,4.01686,0.110553,0.000292458,0.0238867,-0.165176,0.0263747,0.00126437
B20152000830.slt,2015-07-19,09:00,200.375,1,36000,36000,-0.0536008,5,14.3036,5,38.4207,5,-4.64018,5,0.8639,5,0.0440624,5,1.0494,-0.0894299,-0.0492713,-0.00201085,-0.000728122,-6.87595e-11,-2.29908e-12,-3.6031e-13,16.0221,379.447,384.323,4.2,0,535.723,12.6874,12.8504,4.3,0,0.0839582,1.98836,2.01391,4.15,0,287.244,286.703,100649.0,1.21716,1012.33,0.0236827,0.0559807,0.00965372,1277.32,1548.11,0.00793136,82.5082,270.793,283.749,-1.18264,1.81242,0.0416133,2.16454,-5.20309e-14,-4.29154e-15,2.16454,3.65236,326.974,123.125,1.10158,-9999,0.209851,0.252498,-56.6417,-0.0821726,0.372288,0.0553175,0,54.2507,-8.23275,18.6225,46.3727,70.7212,99.1875,148.601,-0.0533349,1.00499,16.1265,1.01367,32.4618,1.18357,-4.38615,1.05792,0.729911,1.18357,0.0415405,1.06071,800000009,800010009,800000009,800000009,800000009,800000009,800010019,800010019,80000,80000,80,80,0,0,0,0,0,0,0,0.251308,0.206757,0.0469316,0.0210325,2.99681,0.101899,0.000240467,0.0130879,-0.103876,0.0172863,0.000983794
B20152000900.slt,2015-07-19,09:30,200.396,1,36000,36000,-0.0582406,5,18.5411,5,49.8038,5,-5.89489,5,1.1203,5,0.0412054,5,1.45552,-1.30042,-0.187367,-0.0292519,-0.00228713,1.04609e-11,3.44461e-13,5.4515e-14,15.9349,377.882,382.643,4.15,0,524.709,12.443,12.5998,4.45,0,0.0830413,1.96925,1.99407,4.05,0,287.67,287.12,100662.0,1.21566,1012.2,0.0237142,0.0725952,0.00945525,1252.88,1590.62,0.00777788,78.7666,337.743,283.46,-1.28659,1.33554,0.0468119,1.85505,1.0074e-13,6.5648e-16,1.85505,3.58035,315.536,133.931,1.44601,-9999,0.218881,0.289959,-49.5855,-0.0938661,0.372283,0.0688415,0,55.4291,-8.41158,19.027,47.38,72.2575,101.342,151.829,-0.0579878,1.00436,21.0475,1.01205,43.9198,1.13397,-5.48604,1.07453,0.987944,1.13397,0.0382609,1.07696,800000009,800010009,800000009,800000009,800000009,800000009,800000019,800010019,80000,80000,80,80,0,0,0,0,0,0,0,0.286804,0.244696,0.0484167,0.0326698,4.00084,0.182143,0.000226358,0.0171049,-0.130097,0.0234283,0.000907326
B20152000930.slt,2015-07-19,10:00,200.417,1,36000,36000,-0.0331805,1,7.48498,1,45.048,1,-4.39575,1,1.01358,1,0.0378298,1,0.930762,-0.929823,-0.27187,-0.020921,-0.000909155,-1.02493e-11,-3.34761e-13,-5.35278e-14,15.8264,375.609,380.275,4.1,1,516.92,12.2681,12.4205,4.75,0,0.0826547,1.96165,1.98602,4.2,0,287.884,287.387,100675.0,1.21477,1012.11,0.0237331,0.0656801,0.0093149,1235.42,1618.36,0.00766805,76.3381,382.934,283.25,-1.31081,0.927696,0.0621242,1.60708,9.72333e-16,-6.47607e-16,1.60708,2.71066,305.855,144.712,2.21541,-9999,0.16527,0.15768,-52.8802,-0.0880177,0.166156,0.0368361,0,-9999.0,-9999.0,-9999.0,-9999.0,-9999.0,-9999.0,-9999.0,-0.033052,1.00389,9.86117,1.01082,40.1286,1.12259,-4.04607,1.08642,0.902894,1.12259,0.0347523,1.08856,800000009,800010009,800000009,800000009,800000009,800000009,800010019,800110019,80000,80000,80,80,0,0,0,0,0,0,0,0.145693,0.135439,0.0342265,0.00979195,3.14999,0.131646,0.0002187,0.0080206,-0.0960258,0.0214285,0.000824781
B20152001000.slt,2015-07-19,10:30,200.437,1,36000,36000,-0.0504446,5,18.574,5,63.5828,5,-7.38509,5,1.43088,5,0.042972,5,0.685953,-0.887822,-0.215617,-0.0199798,-0.000997867,1.93573e-10,6.2664e-12,1.01151e-12,15.7397,373.806,378.384,4.2,0,509.53,12.101,12.2492,4.6,0,0.0822469,1.95331,1.97723,4.15,0,288.073,287.583,100675.0,1.21402,1012.02,0.0237493,0.0927211,0.00918174,1218.6,1639.09,0.0075631,74.346,420.492,283.045,-1.48165,1.09211,0.0537385,1.84143,9.09758e-14,1.22984e-14,1.84143,3.43497,306.683,143.607,1.6723,-9999,0.203842,0.228507,-39.982,-0.116412,0.292124,0.0741649,0,53.2722,-8.08427,18.2866,45.5363,69.4457,97.3986,145.921,-0.050227,1.00433,21.871,1.01198,56.9295,1.11687,-6.80267,1.08562,1.28116,1.11687,0.0394943,1.08806,800000009,800010009,800000009,800000009,800000009,800000009,800000019,800010019,80000,80000,80,80,0,0,2,0,0,0,0,0.242247,0.168394,0.0463739,0.0339249,4.02023,0.150708,0.000212052,0.0178014,-0.161559,0.0304266,0.000937962
B20152001030.slt,2015-07-19,11:00,200.458,1,36000,36000,-0.0889393,5,24.9973,5,95.2158,5,-9.71676,5,2.14348,5,0.0574529,5,1.21921,-1.8698,-0.0211267,-0.0420927,-0.000379843,-3.9341e-11,-1.23704e-12,-2.05337e-13,15.7131,373.629,378.07,4.3,0,494.084,11.7484,11.8881,4.35,0,0.0820132,1.95012,1.97331,4.2,0,288.306,287.933,100675.0,1.2127,1011.83,0.0237782,0.138898,0.00890339,1183.09,1676.56,0.00734176,70.5668,493.465,282.605,-1.31099,1.69706,0.0843472,2.14612,-5.43261e-14,-2.50371e-15,2.14612,4.03568,321.606,127.686,2.25243,-9999,0.270813,0.396661,-69.6598,-0.0668161,0.262534,0.0752248,0,58.8222,-8.9265,20.1918,50.2803,76.6807,107.546,161.123,-0.0885015,1.00495,30.0567,1.01357,87.5113,1.08804,-9.11445,1.06608,1.97004,1.08804,0.0537508,1.06887,800000009,800010009,800000009,800000009,800000009,800000009,800000019,800010019,80000,80000,80,81,0,0,1,0,0,0,0,0.334473,0.395001,0.0638497,0.0375383,4.98883,0.264995,0.000224946,0.024495,-0.216725,0.046844,0.0012781
B20152001100.slt,2015-07-19,11:30,200.479,1,36000,36000,-0.123878,5,28.6694,5,71.1445,5,-7.79532,5,1.60188,5,0.0485949,5,0.638224,-0.36913,-0.00413944,-0.00831126,-0.00029556,-3.62388e-12,-1.13285e-13,-1.88923e-14,15.7016,373.594,378.009,4.2,0,490.842,11.6788,11.8168,4.25,0,0.0818569,1.94765,1.97066,4.15,0,288.398,288.117,100675.0,1.21197,1011.79,0.0237933,0.103802,0.00884497,1176.08,1696.48,0.00729804,69.3245,520.405,282.516,-1.73029,1.76252,0.0907969,2.47157,-1.61786e-14,-2.30797e-16,2.47157,4.69588,316.077,134.471,2.10532,-9999,0.319707,0.455159,-99.9308,-0.0465762,0.402974,0.073128,0,58.2898,-8.84571,20.009,49.8253,75.9867,106.572,159.665,-0.123183,1.00564,32.2755,1.01534,64.9063,1.09611,-7.25733,1.07413,1.46142,1.09611,0.0451051,1.07737,800000009,800010009,800000009,800000009,800000009,800000009,800010019,800010019,80000,80000,80,80,0,0,0,0,0,0,0,0.443575,0.375774,0.0909692,0.0357244,3.40786,0.122029,0.000175361,0.0263202,-0.172676,0.034772,0.0010732
B20152001130.slt,2015-07-19,12:00,200.5,1,36000,36000,-0.109518,5,26.3336,5,71.5787,5,-7.58676,5,1.61151,5,0.0542353,5,-0.313411,0.117452,-0.0108666,0.00264429,-4.47221e-07,4.82902e-11,1.51281e-12,2.51811e-13,15.7028,373.503,377.925,4.1,1,491.93,11.7009,11.8394,4.25,0,0.0818828,1.94764,1.9707,4.05,0,288.428,288.027,100676.0,1.21234,1011.81,0.0237857,0.104426,0.00886457,1178.32,1686.68,0.00731194,69.8603,508.358,282.545,-1.25193,2.01565,0.0584081,2.37351,3.27694e-14,3.07526e-15,2.37351,4.64931,328.103,121.845,1.41009,-9999,0.300559,0.436462,-90.3955,-0.0514893,0.367898,0.071426,0,59.2143,-8.986,20.3264,50.6155,77.1918,108.263,162.197,-0.108927,1.00543,30.0698,1.0148,66.3778,1.07835,-7.18273,1.05625,1.49442,1.07835,0.0511987,1.05931,800000009,800010009,800000009,800000009,800000009,800000009,800010019,800010019,80000,80000,80,80,0,0,0,0,0,0,0,0.460832,0.334777,0.077314,0.0353673,3.5667,0.138696,0.000219099,0.0245136,-0.170847,0.0355459,0.0012178
B20152001200.slt,2015-07-19,12:30,200.521,1,36000,36000,-0.0773508,1,38.1528,1,61.1227,1,-7.15417,1,1.3767,1,0.04508,1,1.56461,0.110287,0.0192576,0.00248405,-0.000903165,-2.84973e-10,-8.93955e-12,-1.47958e-12,15.6849,373.665,378.096,4.1,1,492.033,11.7218,11.8608,4.2,0,0.0814361,1.94006,1.96308,4.05,0,288.645,288.477,100675.0,1.21043,1011.83,0.0238231,0.0892104,0.00886643,1180.4,1736.21,0.00732503,67.9873,555.81,282.571,-1.09625,2.04066,0.0437556,2.31689,1.72371e-13,-1.81686e-14,2.31689,4.7233,332.23,118.245,1.08212,-9999,0.252792,0.485262,-37.1222,-0.125381,0.6242,0.12323,0,53.6496,-8.14154,18.4162,45.8589,69.9377,98.0886,146.955,-0.0769425,1.00531,41.2254,1.01449,57.2918,1.06687,-6.81635,1.04956,1.29042,1.06687,0.0428302,1.05253,800000009,800000009,800000009,800000009,800000009,800000009,800000019,800000019,80000,80000,80,80,0,0,0,0,0,0,0,0.403651,0.496869,0.0700047,0.0829083,3.90363,0.139327,0.000224841,0.0336603,-0.162387,0.0307418,0.00102035
B20152001230.slt,2015-07-19,13:00,200.542,1,36000,36000,-0.095176,1,104.882,1,93.3576,1,-7.71248,1,2.10448,1,0.034666,1,2.96987,0.836141,0.00412362,0.0188484,-0.00107462,-1.01046e-10,-3.21241e-12,-5.2214e-13,15.6399,373.699,378.192,4.1,1,497.215,11.8804,12.0232,4.2,0,0.0808165,1.93102,1.95424,3.95,0,289.202,289.333,100675.0,1.20677,1011.93,0.0238939,0.136371,0.00895982,1196.38,1834.06,0.00742461,65.2312,637.682,282.771,-1.30814,2.10494,0.0226006,2.47841,-2.47729e-14,-6.46081e-15,2.47841,5.18927,327.77,121.859,0.522486,-9999,0.280835,0.63762,-18.5156,-0.251377,1.12344,0.305825,0,50.4253,-7.65224,17.3094,43.1028,65.7345,92.1936,138.123,-0.0946409,1.00565,108.992,1.01538,87.1849,1.0708,-7.29771,1.05684,1.96534,1.0708,0.0327028,1.06003,800000009,800000009,800000009,800000009,800000009,800000009,800000019,800000019,80000,80000,80,80,0,0,0,0,0,0,0,0.476881,0.697516,0.100843,0.424098,3.08245,0.171077,0.000121202,0.0892514,-0.174371,0.0469596,0.000781396
B20152001300.slt,2015-07-19,13:30,200.562,1,36000,36000,-0.0908935,1,59.2626,1,67.8027,1,-7.1107,1,1.52884,1,0.0469266,1,0.992842,1.32012,0.0544168,0.0297666,0.000408357,-3.47435e-11,-1.12648e-12,-1.7963e-13,15.6431,374.158,378.752,4.2,0,507.192,12.1312,12.2802,4.2,0,0.0808777,1.93446,1.95822,4.0,0,289.46,289.62,100672.0,1.20542,1012.09,0.0239184,0.099069,0.0091396,1221.59,1867.87,0.00758206,65.4005,646.273,283.082,-0.560359,2.52654,-0.0118714,2.58796,-1.04517e-14,-2.22101e-15,2.58796,5.43217,346.252,102.505,-0.262826,-9999,0.274598,0.676457,-30.6345,-0.151933,0.874044,0.1769,0,51.433,-7.80515,17.6553,43.9641,67.0481,94.0359,140.883,-0.0903608,1.00589,62.5295,1.01598,65.1876,1.04012,-6.93236,1.02573,1.46988,1.04012,0.0456057,1.02896,800000009,800000009,800000009,800000009,800000009,800000009,800000019,800000019,80000,80000,80,80,0,0,1,0,0,0,0,0.606537,0.65464,0.0917387,0.145153,3.47811,0.138339,0.00016649,0.0512543,-0.165811,0.035157,0.00109081
B20152001330.slt,2015-07-19,14:00,200.583,1,36000,36000,-0.117452,1,89.2654,1,84.5521,1,-8.01353,1,1.90677,1,0.0467833,1,0.484554,-2.09299,0.147623,-0.0472,-0.000472035,-1.73951e-10,-5.43686e-12,-8.94527e-13,15.6858,375.402,379.859,4.1,1,490.262,11.7333,11.8726,4.05,0,0.0806629,1.93048,1.9534,4.1,1,289.64,289.76,100660.0,1.20488,1011.87,0.0239327,0.123559,0.00883452,1181.39,1884.58,0.00733226,62.6873,703.186,282.583,-1.09203,2.66031,0.0208747,2.8758,-1.51816e-13,-1.10897e-14,2.8758,5.88806,338.398,112.318,0.4159,-9999,0.312218,0.791051,-29.8901,-0.155717,1.05574,0.234508,0,53.6431,-8.14055,18.4139,45.8533,69.9292,98.0767,146.937,-0.116689,1.00654,92.9503,1.0176,80.3664,1.05208,-7.70885,1.03952,1.81238,1.05208,0.0448473,1.04317,800000009,800000009,800000009,800000009,800000009,800000009,800000019,800000019,80000,80000,80,81,0,0,0,0,0,0,0,0.671543,0.80387,0.106688,0.21932,3.26156,0.164851,0.000138168,0.0762403,-0.184493,0.0433751,0.00107332
B20152001400.slt,2015-07-19,14:30,200.604,1,36000,36000,-0.154951,1,107.413,1,97.45,1,-8.64829,1,2.19833,1,0.0378643,1,1.12918,-2.52044,0.114562,-0.0568575,-5.62215e-05,3.94989e-10,1.18101e-11,2.02549e-12,15.7072,376.369,380.653,4.05,0,469.643,11.2534,11.3815,4.1,0,0.0805459,1.93001,1.95197,4.05,0,289.74,290.087,100652.0,1.20365,1011.61,0.0239616,0.142452,0.00846296,1132.98,1924.07,0.00703108,58.8845,791.091,281.963,-1.38168,2.38318,0.0654711,2.75552,1.0901e-13,2.5147e-14,2.75552,5.59712,329.96,120.104,1.36147,-9999,0.358796,0.862799,-37.6935,-0.12348,1.10224,0.245865,0,55.3732,-8.4031,19.0078,47.3322,72.1846,101.24,151.676,-0.153986,1.00627,111.599,1.01692,91.7171,1.06251,-8.20917,1.05349,2.069,1.06251,0.0358213,1.05703,800000009,800000009,800000009,800000009,800000009,800000009,800000019,800000019,80000,80000,80,80,0,0,0,0,0,0,0,0.658073,0.937345,0.130181,0.29757,3.50438,0.170333,0.000144026,0.091654,-0.196705,0.0495766,0.000858335
B20152001430.slt,2015-07-19,15:00,200.625,1,36000,36000,-0.118283,1,80.297,1,74.8177,1,-7.40893,1,1.68752,1,0.0395431,1,-0.553325,1.03182,-0.0492733,0.0232729,0.000182282,3.1586e-10,9.61956e-12,1.6228e-12,15.6967,375.953,380.308,4.1,1,478.045,11.4497,11.5823,4.2,0,0.0806452,1.93154,1.95392,4.05,0,289.699,289.927,100640.0,1.20408,1011.71,0.0239511,0.109351,0.00861438,1152.61,1904.64,0.00715429,60.5162,752.022,282.217,-1.20911,2.38358,0.02565,2.67284,9.71492e-14,2.01227e-14,2.67284,5.13268,332.369,116.897,0.549849,-9999,0.313424,0.62751,-33.6087,-0.138488,1.07323,0.210308,0,54.4417,-8.26173,18.6881,46.5359,70.9702,99.5367,149.124,-0.117568,1.00608,83.5927,1.01646,70.6251,1.05936,-7.05931,1.04953,1.59295,1.05936,0.0375547,1.05295,800000009,800000009,800000009,800000009,800000009,800000009,800000019,800000019,80000,80000,80,80,0,0,0,0,0,0,0,0.590116,0.561242,0.103661,0.211366,3.61585,0.162992,0.00016095,0.0686208,-0.169078,0.0381531,0.000899479
B20152001500.slt,2015-07-19,15:30,200.646,1,36000,36000,-0.166262,5,143.69,5,145.545,5,-11.9021,5,3.28485,5,0.0661431,5,2.26556,0.0112898,0.0717725,0.000254804,-0.00062956,-1.41583e-10,-4.3058e-12,-7.24241e-13,15.6846,376.56,380.923,4.05,0,476.996,11.4519,11.5845,4.15,0,0.0802314,1.92622,1.94853,4.15,0,290.137,290.583,100628.0,1.20122,1011.72,0.0240083,0.212858,0.00859547,1152.69,1985.51,0.00715564,58.0551,832.82,282.218,-0.977731,2.51116,0.0421592,2.69512,-1.64324e-13,-9.0269e-15,2.69512,5.89958,338.708,111.274,0.896301,-9999,0.372037,0.753413,-31.4089,-0.148187,0.987257,0.317803,0,57.0659,-8.65998,19.5889,48.7791,74.3912,104.335,156.312,-0.165248,1.00613,150.358,1.01658,138.997,1.04711,-11.4565,1.0389,3.13707,1.04711,0.0634581,1.04231,800000009,800000009,800000009,800000009,800000009,800000009,800000019,800000019,80000,80000,80,80,0,0,0,0,0,0,0,0.717585,0.659406,0.129834,0.407209,4.57181,0.228874,0.000167868,0.123721,-0.275051,0.0753158,0.00152352
B20152001530.slt,2015-07-19,16:00,200.667,1,36000,36000,-0.0872588,1,66.3452,1,59.2644,1,-4.27782,2,1.33749,1,0.0356611,1,-0.195513,-1.35659,0.148298,-0.0306156,-0.000873656,-1.12811e-10,-3.34209e-12,-5.72939e-13,15.7382,377.814,382.091,4.0,0,466.253,11.193,11.3197,4.05,0,0.0799305,1.91883,1.94055,4.25,0,290.12,290.527,100617.0,1.20144,1011.58,0.0240063,0.0866691,0.00840188,1126.51,1978.41,0.00699319,56.9399,851.906,281.878,-1.09648,2.00955,0.00297417,2.28923,3.83874e-14,-7.16797e-15,2.28923,4.62914,331.248,118.618,0.0744386,-9999,0.269497,0.465464,-25.8538,-0.180028,1.11948,0.20256,0,51.5231,-7.81882,17.6862,44.0411,67.1655,94.2006,141.13,-0.0868033,1.00525,69.064,1.01434,56.0301,1.05772,-4.06965,1.05115,1.26449,1.05772,0.0338313,1.05409,800000009,800000009,800000009,800000009,800000009,800000009,800000019,800000019,80000,80000,80,80,0,0,0,0,0,0,0,0.451048,0.391847,0.0880333,0.21406,3.74264,0.171998,0.000148847,0.0568266,-0.0976972,0.0303558,0.000812164
B20152001600.slt,2015-07-19,16:30,200.687,1,36000,36000,-0.0442498,1,31.2451,1,59.2504,2,-6.02043,2,1.33704,2,0.0485603,2,-0.345147,1.70498,-0.223649,0.0384745,0.00118901,1.33329e-10,4.08518e-12,6.84119e-13,15.6642,375.924,380.304,4.1,1,479.947,11.5182,11.6525,4.25,0,0.0803737,1.92888,1.95136,4.3,0,290.255,290.427,100613.0,1.20165,1011.76,0.023999,0.0866402,0.00864865,1159.2,1965.95,0.00719729,58.9638,806.75,282.302,-0.692741,1.35464,0.0001275,1.5215,-7.24553e-14,8.51173e-15,1.5215,3.32606,332.316,117.084,0.00480133,-9999,0.191896,0.2683,-19.8196,-0.234838,0.52734,0.133925,0,-9999.0,-9999.0,-9999.0,-9999.0,-9999.0,-9999.0,-9999.0,-0.0440853,1.00373,34.4736,1.0104,56.216,1.05398,-5.73928,1.04899,1.26857,1.05398,0.0462067,1.05094,800000009,800000009,800000009,800000009,800000009,800000009,800010119,800110119,80000,80000,80,80,0,0,0,0,0,0,0,0.240757,0.248326,0.0475166,0.0818057,4.70799,0.192623,0.000297087,0.0283551,-0.137737,0.0304443,0.00110891
B20152001630.slt,2015-07-19,17:00,200.708,1,36000,36000,-0.0813174,5,110.478,5,124.281,5,-9.72842,5,2.80698,5,0.033631,5,3.11933,1.77369,-0.171964,0.04006,-0.000528622,5.12937e-11,1.62429e-12,2.63602e-13,15.5523,374.465,378.959,4.2,0,492.487,11.858,12.0003,4.3,0,0.0799243,1.9244,1.94749,4.25,0,290.83,291.333,100597.0,1.19757,1011.97,0.0240778,0.181892,0.00887462,1193.2,2081.54,0.00741055,57.3226,888.349,282.731,-0.90335,0.944357,0.0685336,1.30864,-1.74361e-14,3.29814e-15,1.30864,3.50647,319.134,133.729,3.00195,-9999,0.260581,0.448146,-14.0351,-0.331625,0.888935,0.349838,0,53.1503,-8.06576,18.2448,45.4321,69.2868,97.1757,145.587,-0.0810451,1.00336,116.964,1.00942,115.812,1.07313,-9.09868,1.06921,2.6157,1.07313,0.0314038,1.07092,800000009,800000009,800000009,800000009,800000009,800000009,800000019,800000019,80000,80000,80,81,0,0,0,0,0,0,0,0.424069,0.39593,0.076292,0.349002,3.51431,0.199059,0.000141889,0.0965135,-0.219076,0.0629802,0.000756135
B20152001700.slt,2015-07-19,17:30,200.729,1,36000,36000,-0.0255426,5,9.71288,5,32.8596,5,-3.69147,5,0.74161,5,0.0349593,5,-2.63273,0.535446,-0.11705,0.0120845,0.00251108,-2.45583e-10,-7.86459e-12,-1.27938e-12,15.5497,373.475,377.996,4.15,0,497.967,11.9602,12.105,4.3,0,0.0810074,1.94565,1.9692,4.15,0,290.428,290.57,100582.0,1.20049,1012.01,0.0240181,0.0480564,0.00897337,1203.31,1983.84,0.00747473,60.6558,780.525,282.857,-0.653449,0.809109,0.00429056,1.04003,-1.79946e-13,-1.57934e-14,1.04003,2.33985,320.825,128.925,0.236369,-9999,0.145866,0.206379,-27.9983,-0.166239,0.295587,0.0548089,0,-9999.0,-9999.0,-9999.0,-9999.0,-9999.0,-9999.0,-9999.0,-0.0254678,1.00294,11.5484,1.00827,30.6939,1.07056,-3.46091,1.06662,0.692732,1.07056,0.0327342,1.06797,800000009,800010009,800000009,800000009,800000009,800010009,800010019,810110019,80000,80000,80,81,0,0,0,27,0,0,0,0.113473,0.2741,0.0251841,0.025724,4.63713,0.18258,0.00063434,0.00950562,-0.0831245,0.0166381,0.000786214
B20152001730.slt,2015-07-19,18:00,200.75,1,36000,36000,-0.0455205,5,27.11,1,74.5198,1,-7.77266,1,1.68205,1,0.045381,1,0.436625,0.674177,-0.0624318,0.0152174,-0.00164957,1.5791e-11,5.11863e-13,8.17893e-14,15.5186,372.947,377.51,4.15,0,503.035,12.0891,12.237,4.2,0,0.0803787,1.93168,1.95532,4.0,0,290.709,290.697,100567.0,1.19973,1012.08,0.0240323,0.108997,0.00906469,1216.09,1999.77,0.00755561,60.8114,783.68,283.015,-1.41503,0.587377,0.0305969,1.5324,2.85552e-14,1.01755e-15,1.5324,3.1094,292.477,157.457,1.14408,-9999,0.194788,0.218709,-23.8858,-0.19486,0.363797,0.114623,0,-9999.0,-9999.0,-9999.0,-9999.0,-9999.0,-9999.0,-9999.0,-0.0453504,1.00375,31.0652,1.01046,67.4391,1.10499,-7.07286,1.09894,1.52222,1.10499,0.0412181,1.101,800000009,800010009,800000009,800000009,800000009,800010009,800010019,800110019,80000,80000,80,80,0,0,0,3,0,0,0,0.194541,0.197201,0.0456771,0.059836,4.02247,0.151424,0.000230888,0.0255845,-0.169977,0.0365825,0.000990563
B20152001800.slt,2015-07-19,18:30,200.771,1,36000,36000,-0.036428,1,18.4458,1,56.3555,1,-5.93461,1,1.27226,1,0.0483593,1,0.597083,0.863748,-0.0596537,0.0194996,0.00016597,9.38324e-11,3.08731e-12,4.87019e-13,15.4866,372.441,377.062,4.2,0,509.547,12.2543,12.4063,4.2,0,0.0803802,1.93309,1.95707,3.95,0,290.895,290.87,100556.0,1.1988,1012.18,0.0240493,0.0824423,0.00918204,1232.57,2021.75,0.00765934,60.9653,789.182,283.215,-1.32615,0.551022,0.0132556,1.43614,5.13418e-14,6.05894e-15,1.43614,2.93682,292.489,157.437,0.528848,-9999,0.174319,0.212291,-25.1593,-0.184997,0.327312,0.0872066,0,-9999.0,-9999.0,-9999.0,-9999.0,-9999.0,-9999.0,-9999.0,-0.0362981,1.00358,21.4636,1.01,51.018,1.10462,-5.40061,1.09888,1.15176,1.10462,0.0439309,1.1008,800000009,800010009,800000009,800000009,800000009,800010009,800010019,800010019,80000,80000,80,80,0,0,0,7,0,0,0,0.201539,0.18566,0.0373827,0.0385364,3.66102,0.132889,0.000251724,0.0176888,-0.129881,0.027699,0.00105651
B20152001830.slt,2015-07-19,19:00,200.792,1,36000,36000,-0.0248021,1,22.2757,1,60.528,1,-6.17587,1,1.36718,1,0.0334262,1,1.87944,0.529651,-0.0311974,0.0119635,-0.000135611,7.93187e-11,2.63328e-12,4.11737e-13,15.445,372.176,376.832,4.2,0,512.755,12.3558,12.5104,4.25,0,0.0801737,1.93194,1.95611,3.95,0,291.104,291.417,100546.0,1.19639,1012.25,0.0240969,0.088593,0.00923984,1242.66,2092.46,0.0077231,59.3872,849.807,283.337,-1.2106,0.216033,0.0194869,1.22988,-4.39081e-14,5.13556e-15,1.22988,3.31718,283.139,169.882,0.907864,-9999,0.143982,0.307536,-11.7391,-0.396485,0.368024,0.127751,0,-9999.0,-9999.0,-9999.0,-9999.0,-9999.0,-9999.0,-9999.0,-0.0247222,1.00323,25.5154,1.00907,54.5936,1.1087,-5.59245,1.10432,1.23313,1.1087,0.0302231,1.10598,800000009,800010009,800000009,800000009,800000009,800010009,800010019,801110019,80000,80000,80,80,0,0,0,19,0,0,0,0.274443,0.297636,0.0429932,0.0589912,4.06361,0.145316,0.000291976,0.0210691,-0.134761,0.0297146,0.000728284
B20152001900.slt,2015-07-19,19:30,200.812,1,36000,36000,-0.0239657,5,1.96969,5,38.1535,5,-3.90849,5,0.861523,5,0.040043,5,-1.11271,-2.68054,0.158195,-0.0605277,0.00136721,-4.52719e-11,-1.43537e-12,-2.35563e-13,15.5173,373.518,377.994,4.2,0,491.983,11.8426,11.9845,4.4,0,0.0807411,1.94353,1.96682,4.2,0,291.073,291.093,100542.0,1.1979,1011.95,0.0240711,0.0558267,0.00886554,1190.99,2050.38,0.00740087,58.0864,859.387,282.704,-0.655731,0.796935,0.00456389,1.03204,-4.6666e-14,-2.91751e-15,1.03204,2.26004,320.453,129.448,0.253374,-9999,0.141443,0.176853,-125.845,-0.036985,0.0516255,0.0114878,0,-9999.0,-9999.0,-9999.0,-9999.0,-9999.0,-9999.0,-9999.0,-0.0238958,1.00292,4.14801,1.00824,35.6442,1.0704,-3.66252,1.06716,0.804861,1.0704,0.0374758,1.0685,800000009,800010009,800000009,800000009,800000009,800010009,800110019,801110019,80000,80000,80,81,0,0,0,20,0,0,0,0.118695,0.211146,0.0238656,0.0219164,4.3564,0.182258,0.000412841,0.00342183,-0.0881609,0.0193739,0.000902084
B20152001930.slt,2015-07-19,20:00,200.833,1,36000,36000,-0.0123457,5,-4.06988,5,26.95,5,-3.01967,5,0.608363,5,0.0522855,5,-1.04498,2.07436,-0.148599,0.0468262,0.00252787,1.55927e-11,5.12661e-13,8.2305e-14,15.4803,372.259,376.872,4.4,0,508.966,12.2392,12.3909,4.5,1,0.0817118,1.96494,1.98929,4.25,0,290.981,290.79,100537.0,1.19891,1012.17,0.0240472,0.0394219,0.00917158,1230.82,2011.58,0.0076499,61.1869,780.755,283.194,-0.867933,0.380435,0.0140942,0.947754,3.69178e-14,1.00726e-15,0.947754,1.81166,293.35,156.331,0.852084,-9999,0.101476,0.0791319,22.4909,0.206946,-0.151016,-0.0330506,0,-9999.0,-9999.0,-9999.0,-9999.0,-9999.0,-9999.0,-9999.0,-0.0122561,1.00731,-2.672,1.01647,21.9697,1.22669,-2.48582,1.21476,0.495941,1.22669,0.0429031,1.21869,800000009,800010009,800000009,800000009,800000009,800000009,810110019,811110019,80000,80000,80,80,0,0,1,0,0,0,0,0.052975,0.0926703,0.0126185,0.010581,5.05665,0.221266,0.00104354,-0.00220189,-0.059777,0.011926,0.0010317
B20152002000.slt,2015-07-19,20:30,200.854,1,36000,36000,-0.00739952,5,-2.54665,5,13.1668,5,-1.15015,5,0.297117,5,0.0332916,5,-1.31072,2.43794,0.0124158,0.0550134,0.00158228,6.62321e-11,2.25977e-12,3.51884e-13,15.5028,372.364,377.156,4.4,0,528.94,12.7047,12.8682,4.45,0,0.0823647,1.97833,2.00379,4.25,0,290.86,290.41,100523.0,1.2001,1012.42,0.0240191,0.0192532,0.0095315,1277.45,1963.87,0.00794223,65.0475,686.423,283.751,-0.869332,0.2967,0.0157069,0.918704,-8.77565e-14,4.27227e-15,0.918704,1.8461,286.722,161.155,0.979625,-9999,0.0785222,0.0680643,16.6532,0.27949,-0.193414,-0.026693,0,-9999.0,-9999.0,-9999.0,-9999.0,-9999.0,-9999.0,-9999.0,-0.00733502,1.00879,-1.88426,1.01944,10.1763,1.29387,-0.904259,1.27193,0.229635,1.29387,0.0260694,1.27704,800000009,800010009,800000009,800000009,800000009,800100009,811110019,811110019,80000,80000,80,81,0,0,18,0,0,0,0,0.0710718,0.0565584,0.00849806,0.0083383,2.34473,0.0947575,0.000675735,-0.00155083,-0.0217195,0.00551564,0.000626165
B20152002030.slt,2015-07-19,21:00,200.875,1,36000,36000,-0.005884,5,-1.09681,5,-4.57569,5,-0.400485,6,-0.103214,5,-0.0260876,7,-1.35876,5.35309,-0.195712,0.12075,0.00891868,-6.02323e-13,-2.23001e-14,-3.3368e-15,15.4546,370.71,375.869,4.1,1,572.183,13.725,13.916,44.0,0,0.0856166,2.05369,2.08227,10.5,0,290.671,290.017,100521.0,1.20125,1012.98,0.023987,-0.00668827,0.0103107,1380.02,1915.55,0.00858337,72.043,535.53,284.915,-0.870659,-0.0746956,0.0294554,0.874353,2.10669e-13,-3.89737e-17,0.874353,1.56397,265.455,184.904,1.93056,-9999,0.0699875,0.0686516,27.3836,0.169971,0.239703,-0.0128788,0,-9999.0,-9999.0,-9999.0,-9999.0,-9999.0,-9999.0,-9999.0,-0.0058344,1.0085,-1.29296,1.01883,-3.45285,1.32519,-0.312931,1.27979,-0.0778859,1.32519,-0.0203082,1.28459,800000009,800010009,800000009,800000009,800000009,800100009,811110019,811110019,80000,80000,80,81,0,0,1,0,0,0,0,0.0305834,0.10251,0.00420995,0.00685226,2.78453,0.124482,0.00433651,-0.00106256,-0.00750628,-0.00186825,-0.000487133
B20152002100.slt,2015-07-19,21:30,200.896,1,36000,36000,-0.0165043,5,-6.63999,5,9.3871,5,-0.244729,5,0.211681,5,0.0577579,5,-1.07204,0.411511,0.172596,0.00927968,-0.0048309,-3.13642e-11,-1.16327e-12,-1.69637e-13,15.532,372.167,377.376,4.0,0,576.066,13.8033,13.9965,5.05,0,0.0840068,2.01291,2.04109,4.3,0,290.396,289.707,100521.0,1.2025,1013.01,0.0239613,0.013717,0.0103807,1387.9,1878.19,0.00863261,73.8952,490.299,285.002,-0.429471,1.15885,0.00773972,1.23589,-9.69045e-14,-2.01933e-15,1.23589,2.71107,340.608,110.335,0.358814,-9999,0.117154,0.106589,21.216,0.219382,-0.707352,-0.0465276,0,-9999.0,-9999.0,-9999.0,-9999.0,-9999.0,-9999.0,-9999.0,-0.0163439,1.00982,-6.03053,1.02174,8.11538,1.15671,-0.225068,1.08736,0.183004,1.15671,0.0528385,1.0931,800000009,800010009,800000009,800000009,800000009,800000009,810100019,811110019,80000,80000,80,81,0,0,1,0,0,0,0,0.125366,0.0705173,0.0172944,0.0236886,1.81295,0.0633081,0.00103797,-0.00495056,-0.00539292,0.00438502,0.00126608
B20152002130.slt,2015-07-19,22:00,200.917,1,36000,36000,-0.00837109,5,-3.11831,5,1.80669,5,0.363915,6,0.0407208,5,0.00259585,5,-1.82467,0.675454,0.126605,0.015224,-0.00406833,-2.08879e-11,-7.79674e-13,-1.10734e-13,15.605,373.234,378.507,10.75,0,582.481,13.9315,14.1284,4.6,0,0.0827273,1.97864,2.00659,5.1,0,290.026,289.18,100522.0,1.20464,1013.07,0.0239176,0.00263871,0.0104963,1400.8,1816.2,0.00871325,77.1281,415.399,285.142,-0.0809525,0.407269,0.0194604,0.415693,4.09791e-14,-1.33854e-15,0.415693,1.17886,358.342,101.242,2.68325,-9999,0.083361,0.0614175,16.2756,0.285974,-1.72598,-0.0306519,0,-9999.0,-9999.0,-9999.0,-9999.0,-9999.0,-9999.0,-9999.0,-0.00830018,1.00854,-2.96983,1.01864,1.7192,1.05089,0.360608,1.00917,0.0387488,1.05089,0.00256671,1.01135,800000009,800110009,800000009,800000009,800000009,800000009,811110019,811110019,80000,80000,80,81,0,0,8,0,0,0,0,0.107581,0.0132193,0.00203417,0.016805,2.04161,0.055062,0.000181123,-0.00243351,0.00862487,0.000926778,6.13895e-05
B20152002200.slt,2015-07-19,22:30,200.937,1,36000,36000,-0.00555393,5,1.45312,6,-2.32582,6,-0.0252581,8,-0.0523924,6,0.00100992,5,-1.99042,-0.159564,0.0326886,-0.0035944,0.000532009,-1.42177e-10,-5.29155e-12,-7.54872e-13,15.6488,373.509,378.774,10.45,0,582.419,13.9013,14.0973,44.85,0,0.0830856,1.98311,2.01107,8.15,0,289.595,288.607,100530.0,1.20714,1013.05,0.0238683,-0.00339503,0.0104952,1397.87,1750.76,0.00869425,79.8438,352.887,285.11,-0.364845,-0.679376,0.0471367,0.772584,-1.41828e-13,-9.08547e-15,0.772584,1.54464,199.309,241.763,3.49789,-9999,0.0678299,0.113485,-18.8168,-0.247353,-0.624778,0.0175183,0,-9999.0,-9999.0,-9999.0,-9999.0,-9999.0,-9999.0,-9999.0,-0.00553968,1.00257,1.31555,1.00727,-2.18839,1.0628,-0.0244167,1.03446,-0.0492966,1.0628,0.000975355,1.03543,800000009,810110009,800000009,800000009,800000019,801101019,811110019,811110019,80000,80000,80,81,0,0,0,0,8,0,8,0.152081,0.0739791,0.00090968,0.00966126,2.51299,0.0756833,0.000230523,0.00107576,-0.000582783,-0.00117662,2.328e-05
B20152002230.slt,2015-07-19,23:00,200.958,1,36000,36000,-0.0113148,5,16.5678,6,-12.6036,6,-12.9035,6,-0.28375,6,-0.241703,6,-2.07568,2.19344,1.07935,0.0493819,0.0211597,-1.91244e-10,-7.1564e-12,-1.08011e-12,16.0601,382.565,388.122,5.45,0,600.974,14.3157,14.5236,49.35,0,0.0907047,2.16066,2.19204,10.35,0,288.995,288.01,100522.0,1.20936,1013.27,0.0238208,-0.018387,0.0108295,1439.43,1684.87,0.00895481,85.4328,245.439,285.555,-0.875724,-0.722565,0.0823699,1.13832,9.089e-15,-1.1908e-14,1.13832,1.85456,231.822,219.526,4.14959,-9999,0.0967265,0.0725155,-4.78588,-0.972527,-1.31453,0.139778,0,-9999.0,-9999.0,-9999.0,-9999.0,-9999.0,-9999.0,-9999.0,-0.01128,1.00308,15.8602,1.00868,-10.5219,1.19784,-11.9093,1.08348,-0.236886,1.19784,-0.222771,1.08499,800000009,800110009,800000009,800000009,800000009,800000019,811110019,811110019,80000,80000,80,81,0,0,2,0,0,0,73,0.100078,0.0432199,0.00173284,0.240506,132.733,0.0992313,0.045263,0.0129428,-0.283688,-0.00564281,-0.00530658
B20152002300.slt,2015-07-19,23:30,200.979,0,36000,36000,-0.00169196,5,-1.66694,5,-6.26668,5,2.60127,5,-0.141001,5,0.0520591,5,-2.16159,1.88878,0.767736,0.0424977,0.0147693,4.35572e-11,1.64282e-12,2.55784e-13,16.3651,388.994,394.786,4.45,0,617.234,14.6715,14.89,37.95,0,0.0961019,2.28432,2.31833,4.4,0,288.691,287.39,100521.0,1.21179,1013.46,0.0237698,-0.00913685,0.0111226,1475.19,1618.71,0.00917863,91.1338,143.518,285.929,-0.799127,0.0362506,0.0555307,0.801874,-2.61072e-13,2.66159e-15,0.801874,1.60275,275.145,177.403,3.97098,-9999,0.0373665,0.0989609,2.74242,1.69719,0.266,-0.0363248,0,-9999.0,-9999.0,-9999.0,-9999.0,-9999.0,-9999.0,-9999.0,-0.00163743,1.0333,-1.60951,1.06877,-0.699197,8.96269,1.16504,2.23277,-0.015732,8.96269,0.023023,2.26118,800000009,800110009,800000009,800000009,800000009,800100009,811110019,811110019,80000,80000,80,81,0,0,5,0,0,0,3,0.0237869,0.172142,0.0019931,0.0640996,33.1009,0.0571167,0.0105613,-0.00131057,0.0276927,-0.000373946,0.000547251
B20152002330.slt,2015-07-20,00:00,201.0,0,36000,36000,-0.00450439,5,-0.518377,7,1.71133,5,0.151295,7,0.0385117,5,0.0170898,5,0.627135,0.4117,-0.179182,0.00926488,-0.00745766,-1.63704e-10,-6.23108e-12,-9.38662e-13,16.2906,387.492,393.293,4.1,1,620.07,14.7491,14.9699,7.0,0,0.0934085,2.22184,2.2551,4.45,0,288.698,287.57,100514.0,1.21091,1013.51,0.0237862,0.00249556,0.0111737,1482.9,1637.68,0.00922747,90.5489,154.779,286.009,-0.788686,0.739412,0.0477247,1.08214,-1.33599e-13,-1.0049e-14,1.08214,2.15873,316.588,136.847,2.52768,-9999,0.0609903,0.0949276,38.347,0.121376,-0.302909,-0.00692539,0,-9999.0,-9999.0,-9999.0,-9999.0,-9999.0,-9999.0,-9999.0,-0.00447298,1.00702,-0.458612,1.01599,0.888477,1.92614,0.132194,1.14449,0.0199943,1.92614,0.0148837,1.14822,800000009,800010009,800000009,800000009,800000019,800110019,811110019,811110019,80000,80000,80,81,0,2,4,0,0,0,0,0.126374,0.0607938,0.00268792,0.0298515,5.65241,0.0539182,0.00214333,-0.000373685,0.0031444,0.000475588,0.000354027
B20152010000.slt,2015-07-20,00:30,201.021,0,36000,36000,-0.0204869,1,-12.9061,1,17.5965,4,4.27253,1,0.395849,4,0.132827,2,-1.29022,-1.70422,0.822746,-0.0383381,-0.00509322,2.10472e-11,7.70005e-13,1.163e-13,16.5955,394.379,400.153,4.1,1,607.14,14.4282,14.6394,4.2,0,0.0917009,2.1792,2.2111,4.1,1,288.315,287.2,100478.0,1.21218,1013.32,0.0237642,0.025651,0.0109407,1450.11,1598.9,0.00902559,90.6942,148.791,285.668,-1.80863,0.668186,0.0648789,1.9292,-2.17445e-14,1.26825e-15,1.9292,3.272,290.609,159.724,1.92721,-9999,0.130003,0.10756,14.9113,0.31214,-0.733451,-0.0808219,0,-9999.0,-9999.0,-9999.0,-9999.0,-9999.0,-9999.0,-9999.0,-0.0201646,1.01598,-12.2878,1.03468,4.01141,4.3866,3.21739,1.32795,0.0902406,4.3866,0.0989687,1.34211,800000009,800010009,800000009,800000009,800000009,800000019,800000019,800010019,80000,80000,80,80,0,0,0,0,0,0,0,0.103693,0.0889352,0.0224928,0.033749,7.43964,0.101621,0.00905895,-0.0100036,0.0764587,0.0021445,0.00235191
B20152010030.slt,2015-07-20,01:00,201.042,0,36000,36000,-0.0225835,1,-10.352,1,-9.57722,2,2.55409,1,-0.215402,2,0.0643565,1,-0.79089,0.0377741,-0.0537561,0.000849579,2.68526e-05,-3.65359e-11,-1.33883e-12,-2.02135e-13,16.5868,393.93,399.699,4.15,0,607.812,14.4353,14.6467,19.45,0,0.0917667,2.17942,2.21135,4.2,0,288.007,286.973,100460.0,1.21292,1013.32,0.0237496,-0.0139581,0.0109528,1450.57,1575.54,0.00903006,92.0678,124.975,285.673,-1.92046,0.428812,0.0736564,1.96913,-5.15821e-15,-2.20271e-15,1.96913,3.36788,282.508,167.413,2.14368,-9999,0.136451,0.0997423,21.4935,0.216549,1.0809,-0.0617257,0,-9999.0,-9999.0,-9999.0,-9999.0,-9999.0,-9999.0,-9999.0,-0.0222819,1.01354,-10.2261,1.0298,-2.09806,4.5648,1.98575,1.28621,-0.0471878,4.5648,0.0495986,1.29755,800000009,800010009,800000009,800000009,800000009,800000009,800000019,800000019,80000,80000,80,80,0,0,0,0,0,0,0,0.104665,0.0664351,0.0283845,0.0294582,2.5884,0.0733012,0.00122068,-0.00832012,0.0471608,-0.00112069,0.00117795
B20152010100.slt,2015-07-20,01:30,201.062,0,36000,36000,-0.0242242,5,-11.0271,5,-21.6431,5,3.10047,5,-0.486625,5,0.0901473,5,-1.1293,1.53474,-0.0445354,0.0345073,-0.0105061,-2.0671e-11,-7.73338e-13,-1.09858e-13,16.5868,393.557,399.439,4.25,0,620.542,14.7237,14.9438,5.25,0,0.0881526,2.09162,2.12287,4.2,0,287.801,286.65,100442.0,1.21394,1013.48,0.0237272,-0.0315333,0.0111822,1479.28,1542.74,0.00921148,95.8862,63.466,285.972,-1.7041,0.722461,0.0625481,1.85198,1.88728e-14,-1.24623e-15,1.85198,2.99735,292.728,157.025,1.93546,-9999,0.141262,0.0960469,22.3861,0.207915,0.509497,-0.0634488,0,-9999.0,-9999.0,-9999.0,-9999.0,-9999.0,-9999.0,-9999.0,-0.0239199,1.01272,-10.9358,1.02807,-2.62819,8.23497,2.45422,1.26332,-0.0590924,8.23497,0.070784,1.27356,800000009,800010009,800000009,800000009,800000009,800000009,800000019,800010019,80000,80000,80,80,0,0,0,0,0,0,0,0.0950008,0.0727122,0.0243806,0.0262618,4.85149,0.0498223,0.00296387,-0.00888871,0.0582318,-0.0014021,0.00167951
B20152010130.slt,2015-07-20,02:00,201.083,1,36000,36000,-0.0387414,1,-13.587,2,28.8973,4,1.7942,4,0.649803,4,0.034093,6,0.407182,-2.04023,-0.340145,-0.0458778,-0.0086448,2.04474e-10,7.50463e-12,1.05678e-12,16.456,390.713,396.397,4.0,0,603.97,14.34,14.5487,6.5,0,0.0850491,2.01932,2.04869,4.1,1,287.895,286.767,100416.0,1.21331,1013.26,0.0237429,0.0421073,0.0108835,1440.36,1554.51,0.00897013,92.657,114.148,285.565,-1.90928,0.533647,0.0793411,1.98404,-3.17846e-14,1.24255e-14,1.98404,3.85065,285.79,164.384,2.29185,-9999,0.17869,0.208258,36.7647,0.1266,-0.470183,-0.0618487,0,-9999.0,-9999.0,-9999.0,-9999.0,-9999.0,-9999.0,-9999.0,-0.0383417,1.01042,-12.8689,1.02357,7.69883,3.75347,1.47359,1.21757,0.173121,3.75347,0.0278245,1.22529,800000009,800010009,800000009,800000009,800000009,800000009,800000019,800110019,80000,80000,80,80,0,0,0,0,0,0,0,0.172237,0.205966,0.038313,0.0531602,4.03235,0.0728061,0.00128227,-0.0104676,0.0349874,0.00411039,0.000660636
B20152010200.slt,2015-07-20,02:30,201.104,1,36000,36000,-0.00765822,5,-4.86021,5,-10.268,5,1.18915,5,-0.230832,5,0.0201665,5,-0.943043,0.429037,0.524031,0.00964509,0.00897396,-5.5275e-12,-2.01751e-13,-2.93003e-14,16.6527,395.092,400.873,4.05,0,607.815,14.4206,14.6316,2.85,0,0.0882731,2.09431,2.12496,4.15,0,287.615,286.497,100396.0,1.21417,1013.3,0.0237254,-0.0149579,0.0109528,1448.16,1527.4,0.00902082,94.8122,79.2379,285.647,-1.31557,0.0507083,0.075405,1.31871,-1.76395e-14,-3.31928e-16,1.31871,2.33422,272.58,177.793,3.27802,-9999,0.0794189,0.077502,9.02216,0.515885,0.473337,-0.0497408,0,-9999.0,-9999.0,-9999.0,-9999.0,-9999.0,-9999.0,-9999.0,-0.00752604,1.01756,-4.77025,1.03743,-1.05362,9.74542,0.79395,1.49776,-0.0236862,9.74542,0.0133264,1.51327,800000009,800010009,800000009,800000009,800000009,800000009,801110019,811110019,80000,80000,80,81,0,0,0,0,0,0,0,0.0872198,0.0598282,0.00795609,0.0244663,5.65836,0.0550414,0.000823208,-0.00387724,0.0188368,-0.000561965,0.000316174
B20152010230.slt,2015-07-20,03:00,201.125,1,36000,36000,-0.00574403,5,-2.82697,5,-9.10942,5,0.343442,7,-0.204735,5,0.0327132,5,-0.932178,-0.45449,0.845713,-0.0102147,0.0145932,-5.19277e-11,-1.85103e-12,-2.8616e-13,16.9649,402.154,408.003,4.1,1,604.736,14.3353,14.5438,32.95,0,0.0934891,2.21617,2.2484,4.3,0,287.381,286.23,100388.0,1.21525,1013.25,0.0237051,-0.0132668,0.0108974,1439.49,1501.04,0.00896718,95.8995,61.5494,285.556,-1.40844,0.387689,0.0577312,1.46197,1.5371e-14,-3.06089e-15,1.46197,2.56464,285.044,164.61,2.26313,-9999,0.0687505,0.0416373,10.0617,0.462587,0.310334,-0.0333936,0,-9999.0,-9999.0,-9999.0,-9999.0,-9999.0,-9999.0,-9999.0,-0.00564598,1.01737,-2.78408,1.03713,-0.757858,12.02,0.237695,1.44489,-0.0170329,12.02,0.0224008,1.46036,800000009,800010009,800000009,800000009,800000009,800100009,810110019,811110019,80000,80000,80,80,0,0,6,0,0,0,0,0.0481759,0.0288908,0.00620786,0.0237111,6.83859,0.0510692,0.00393217,-0.00226099,0.00563458,-0.000403766,0.000531013
B20152010300.slt,2015-07-20,03:30,201.146,1,36000,36000,-0.0215479,5,-7.09923,5,-8.28667,7,1.35722,5,-0.186272,7,0.00842111,8,0.54721,-2.95868,-0.134017,-0.0665065,-0.0167346,2.22515e-10,7.64566e-12,1.15206e-12,16.9055,401.034,406.637,4.65,0,580.876,13.7796,13.9721,17.4,0,0.0875274,2.07633,2.10534,4.1,1,287.582,286.387,100371.0,1.21463,1012.94,0.0237221,-0.0120704,0.0104674,1383.45,1516.48,0.00861773,91.2278,133.028,284.953,-1.07926,0.478682,0.0508317,1.18174,-2.4812e-13,1.31623e-14,1.18174,2.8008,290.771,156.081,2.46529,-9999,0.133193,0.206867,29.1272,0.159796,0.856705,-0.0433214,0,-9999.0,-9999.0,-9999.0,-9999.0,-9999.0,-9999.0,-9999.0,-0.0213624,1.00869,-7.18975,1.01941,-3.2257,2.56895,1.0977,1.23642,-0.0725086,2.56895,0.00678064,1.24193,800000009,800010009,800000009,800000009,800000009,800000009,810110019,810110019,80000,80000,80,81,0,0,7,0,0,0,0,0.256358,0.142472,0.0149033,0.0253634,3.32461,0.0863813,0.00356247,-0.00584366,0.0260397,-0.00172006,0.000160851
B20152010330.slt,2015-07-20,04:00,201.167,1,36000,36000,-0.00284947,5,-0.0720551,5,-5.12683,5,-0.161659,5,-0.115212,5,-0.0156993,5,-0.967107,0.41925,0.32192,0.00942157,0.0080779,-2.46664e-11,-8.46706e-13,-1.3098e-13,17.032,403.722,409.396,12.45,0,584.645,13.8583,14.053,34.7,0,0.0904406,2.14378,2.17391,6.05,0,287.3,286.11,100352.0,1.21554,1012.98,0.0237037,-0.00746577,0.0105353,1391.08,1489.3,0.00866718,93.4046,98.2255,285.036,-1.09503,-0.496118,0.0608517,1.20371,-2.51717e-13,-1.44824e-15,1.20371,1.6575,245.817,204.374,2.89772,-9999,0.048417,0.119171,137.83,0.0337691,0.0140545,-0.00120864,0,-9999.0,-9999.0,-9999.0,-9999.0,-9999.0,-9999.0,-9999.0,-0.00283007,1.00686,-0.186484,1.01575,-1.90868,2.68606,-0.136617,1.1833,-0.0428928,2.68606,-0.0132241,1.18718,800000009,800110009,800000009,800000009,800000009,800000019,811110019,811110019,80000,80000,80,81,0,0,0,0,0,0,0,0.0271426,0.210053,0.00114758,0.044505,7.00624,0.0659344,0.00405672,-0.000151451,-0.00323834,-0.00101672,-0.000313461
B20152010400.slt,2015-07-20,04:30,201.187,1,36000,36000,-0.00343253,5,-2.3109,5,-22.5222,5,0.674148,5,-0.506157,5,0.0350663,5,0.209646,1.20837,0.221414,0.0271566,-0.00402902,-2.63439e-11,-9.14896e-13,-1.37063e-13,17.1022,405.572,411.366,4.2,0,593.942,14.0851,14.2863,4.6,0,0.0889799,2.11012,2.14027,4.25,0,287.335,286.17,100327.0,1.21488,1013.1,0.0237146,-0.032799,0.0107028,1413.5,1495.16,0.00880982,94.5382,81.6627,285.279,-1.387,-0.0772708,0.065785,1.3907,5.67654e-14,-1.54038e-15,1.3907,2.14415,267.456,183.189,2.7113,-9999,0.0531546,0.0435694,5.68582,0.818597,0.102606,-0.0353227,0,-9999.0,-9999.0,-9999.0,-9999.0,-9999.0,-9999.0,-9999.0,-0.00334838,1.02513,-2.29935,1.05271,-1.56043,14.4333,0.393251,1.71429,-0.0350687,14.4333,0.0201559,1.73975,800000009,800010009,800000009,800000009,800000009,800000009,800110019,801110019,80000,80000,80,80,0,0,0,0,0,0,0,0.0498504,0.0331404,0.00414812,0.0138566,4.77785,0.0641472,0.00153401,-0.00186817,0.00932579,-0.000831642,0.000477989
B20152010430.slt,2015-07-20,05:00,201.208,1,36000,36000,-0.00607246,5,-2.87462,5,6.92707,5,0.871935,5,0.15567,5,0.0379158,5,-0.16306,0.781211,0.0721006,0.017556,-0.00300244,-5.63766e-11,-1.97536e-12,-2.89403e-13,17.1273,406.174,412.038,4.15,0,600.119,14.2318,14.4372,22.15,0,0.0879211,2.08504,2.11515,4.25,0,287.226,286.123,100309.0,1.21479,1013.2,0.0237149,0.0100874,0.0108141,1427.96,1490.6,0.00890205,95.7977,62.6402,285.434,-1.23749,0.214562,0.05588,1.2572,-1.50986e-13,-3.29162e-15,1.2572,2.17764,280.443,170.164,2.54753,-9999,0.0707019,0.064442,10.7554,0.432752,-0.414984,-0.0330335,0,-9999.0,-9999.0,-9999.0,-9999.0,-9999.0,-9999.0,-9999.0,-0.00598244,1.01505,-2.75398,1.03231,0.718279,9.64399,0.611999,1.42473,0.0161417,9.64399,0.0263845,1.43705,800000009,800010009,800000009,800000009,800000009,800000009,810110019,811110019,80000,80000,80,81,0,0,1,0,0,0,0,0.050747,0.0708539,0.00728314,0.010082,2.44372,0.0555729,0.00101991,-0.00223752,0.0145135,0.000382799,0.000625707
B20152010500.slt,2015-07-20,05:30,201.229,1,36000,36000,-0.0125044,5,-1.61133,6,11.8191,5,2.09652,5,0.265659,5,0.0688298,5,0.698332,1.26142,0.221357,0.028353,0.0196248,-4.69565e-11,-1.66511e-12,-2.58833e-13,17.1923,408.024,414.015,4.45,0,609.651,14.4688,14.6812,4.65,0,0.0947673,2.24911,2.28212,4.4,0,287.413,286.323,100303.0,1.21376,1013.33,0.0237329,0.0172147,0.0109859,1451.66,1510.22,0.00905112,96.1225,58.559,285.684,-0.778089,0.42558,0.0453358,0.888029,-7.98419e-14,-2.73125e-15,0.888029,2.02643,299.478,151.323,2.92635,-9999,0.1015,0.0693911,56.77,0.081987,-0.136333,-0.0129074,0,-9999.0,-9999.0,-9999.0,-9999.0,-9999.0,-9999.0,-9999.0,-0.0124346,1.00561,-1.35896,1.01301,3.95522,2.98823,1.8027,1.16299,0.0889018,2.98823,0.059055,1.16552,800000009,800010009,800000009,800000009,800000009,800000009,800110019,811110019,80000,80000,80,81,0,0,0,0,0,0,0,0.103529,0.0277266,0.00752711,0.0115672,6.9118,0.0562842,0.00410257,-0.0011049,0.0427833,0.0021099,0.00140155
B20152010530.slt,2015-07-20,06:00,201.25,1,36000,36000,-0.0329274,5,-9.16333,5,28.7282,5,2.65382,5,0.645871,5,0.104103,5,0.813947,0.428671,-1.1874,0.00963741,-0.0177296,-2.59855e-11,-9.49729e-13,-1.37128e-13,16.7574,398.088,403.966,4.4,0,612.456,14.5495,14.7643,5.7,0,0.0884304,2.10074,2.13176,4.2,0,287.754,286.557,100288.0,1.21255,1013.38,0.0237559,0.0418524,0.0110365,1459.53,1533.39,0.00910185,95.1832,73.8609,285.767,-1.20282,0.526214,0.0629014,1.3144,5.17521e-15,-1.55069e-15,1.3144,3.44212,292.892,156.371,2.74298,-9999,0.164789,0.147426,42.717,0.108959,-0.318966,-0.0452538,0,-9999.0,-9999.0,-9999.0,-9999.0,-9999.0,-9999.0,-9999.0,-0.0326798,1.00758,-8.59999,1.01729,7.42831,3.8674,2.22094,1.19491,0.167004,3.8674,0.0867873,1.19952,800000009,800010009,800000009,800000009,800000009,800000009,800010019,800010019,80000,80000,80,80,0,4,0,0,0,0,0,0.174957,0.0900876,0.0298066,0.084205,24.8256,0.0616236,0.0083631,-0.00699885,0.0527604,0.00396733,0.00206171
B20152010600.slt,2015-07-20,06:30,201.271,1,36000,36000,-0.0318176,5,-8.75708,5,16.2626,5,1.08264,5,0.365738,5,0.0438716,5,1.20777,-0.826326,-0.602697,-0.0185837,-0.0107719,3.82356e-11,1.40026e-12,1.95585e-13,16.5244,393.039,398.779,4.6,0,605.152,14.3938,14.604,4.3,0,0.0845264,2.01049,2.03985,4.25,0,287.911,286.903,100285.0,1.21112,1013.29,0.0237854,0.0236998,0.0109048,1443.86,1568.39,0.00900392,92.0604,124.524,285.602,-1.39765,0.588759,0.0638631,1.51794,1.69281e-13,2.31389e-15,1.51794,3.51303,292.26,157.157,2.41126,-9999,0.162084,0.223651,42.5316,0.109434,-0.53848,-0.0440248,0,-9999.0,-9999.0,-9999.0,-9999.0,-9999.0,-9999.0,-9999.0,-0.0315571,1.00825,-8.27655,1.01881,5.91777,2.74809,0.904461,1.197,0.133088,2.74809,0.0364877,1.20237,800000009,800010009,800000009,800000009,800000009,800000009,800010019,810110019,80000,80000,80,81,0,0,0,0,0,0,0,0.131943,0.285454,0.0299055,0.0182447,3.79977,0.0614772,0.000895955,-0.00674413,0.0215129,0.00316555,0.000867872
B20152010630.slt,2015-07-20,07:00,201.292,1,36000,36000,-0.0544219,5,-15.8509,5,28.1455,5,4.34528,5,0.633007,5,0.0965954,5,0.139331,2.50152,-0.724301,0.0562603,-0.00295099,-3.73316e-11,-1.43408e-12,-1.9157e-13,16.2647,386.968,392.808,3.9,0,624.803,14.8653,15.0896,5.2,0,0.0834636,1.98576,2.01572,4.25,0,288.157,286.943,100271.0,1.21057,1013.56,0.0237919,0.0410188,0.0112589,1490.96,1572.47,0.00930053,94.8162,81.5137,286.092,-1.40509,0.894469,0.0642272,1.66687,1.41089e-13,-2.29525e-15,1.66687,4.16121,303.621,147.519,2.20824,-9999,0.212027,0.375697,52.5978,0.0884903,-0.563175,-0.0609286,0,56.1228,-8.51685,19.2651,47.9729,73.1618,102.61,153.729,-0.0539813,1.00816,-15.2004,1.01876,7.13573,3.94431,3.72833,1.16548,0.160486,3.94431,0.082511,1.1707,800000009,800010009,800000009,800000009,800000019,800000019,800010019,810110019,80000,80000,80,81,0,0,2,0,0,0,0,0.568955,0.138564,0.0438752,0.0425003,25.6706,0.0701768,0.00235653,-0.0123884,0.0887041,0.00381826,0.00196309
B20152010700.slt,2015-07-20,07:30,201.312,1,36000,36000,-0.0576333,1,-8.13083,4,62.6225,1,-2.43381,2,1.40913,1,0.051481,1,1.86579,2.33131,-0.909082,0.0524592,-0.00498289,6.96121e-11,2.80877e-12,3.56729e-13,15.912,379.334,385.231,4.4,0,642.032,15.3058,15.5437,5.25,0,0.0815415,1.94392,1.97413,4.2,0,288.618,287.48,100258.0,1.20795,1013.82,0.0238396,0.0913119,0.0115694,1534.94,1628.17,0.00957775,94.274,93.2296,286.537,-1.67593,1.02939,0.0714697,1.96812,-4.87348e-15,4.37482e-15,1.96812,4.6217,300.832,148.441,2.08108,-9999,0.218431,0.246978,112.111,0.0415159,-0.129839,-0.0303957,0,52.7996,-8.01254,18.1244,45.1323,68.8296,96.5345,144.626,-0.0572147,1.00732,-6.83866,1.01734,19.6157,3.19247,-2.13175,1.1417,0.441394,3.19247,0.0449202,1.14606,800000009,800010009,800000009,800000009,800000009,800000009,800010019,800010019,80000,80000,80,80,0,0,0,0,0,0,0,0.279252,0.160418,0.0542876,0.036092,3.01144,0.0710574,0.000302144,-0.00558422,-0.0508201,0.0105226,0.00107088
B20152010730.slt,2015-07-20,08:00,201.333,1,36000,36000,-0.0964298,1,5.09179,2,56.1415,1,-4.57973,1,1.26478,1,0.04323,1,4.21159,0.455248,-0.402548,0.010256,-0.00191852,-1.46336e-10,-5.99151e-12,-7.50378e-13,15.7007,375.939,381.816,4.15,0,642.844,15.3923,15.6329,4.6,0,0.0805099,1.92773,1.95787,4.1,1,289.636,288.697,100243.0,1.20264,1013.89,0.0239441,0.0819575,0.011584,1543.38,1760.89,0.0096322,87.6476,217.512,286.621,-2.05499,1.51625,0.0797728,2.55507,3.46837e-14,-9.32032e-15,2.55507,6.31889,305.578,143.579,1.78914,-9999,0.283164,0.539685,-389.991,-0.0119346,0.0906956,0.0147471,0,51.0699,-7.75005,17.5306,43.6538,66.5747,93.372,139.888,-0.0958716,1.00582,7.32771,1.0158,37.4862,1.49766,-4.14446,1.10502,0.844503,1.49766,0.0389997,1.10847,800000009,800010009,800000009,800000009,800000009,800000009,800010019,800010019,80000,80000,80,81,0,0,0,0,0,0,0,0.426559,0.553509,0.0993019,0.277971,3.41828,0.118315,0.000143703,0.00600956,-0.0992352,0.0202208,0.000933811
B20152010800.slt,2015-07-20,08:30,201.354,1,36000,36000,-0.203641,1,-11.2823,1,51.4567,1,-4.18789,1,1.16041,1,0.0476508,1,3.62121,-2.86317,-0.0380417,-0.0645677,0.000578821,1.00038e-10,3.95386e-12,5.14718e-13,15.6304,375.617,381.278,4.05,0,617.77,14.8457,15.0694,4.6,0,0.0804221,1.93263,1.96176,4.25,0,290.452,289.747,100243.0,1.19853,1013.6,0.0240311,0.0751945,0.0111322,1488.58,1882.98,0.00928824,79.0545,394.4,286.067,-2.00659,3.28217,0.0507989,3.84729,-1.10654e-14,6.40021e-15,3.84729,7.04104,328.608,121.44,0.756544,-9999,0.412201,0.851195,542.884,0.00857347,-0.219259,-0.0225307,0,55.4601,-8.41628,19.0377,47.4065,72.2978,101.399,151.914,-0.201446,1.0109,-8.48914,1.02641,41.6797,1.23458,-3.89302,1.07574,0.939926,1.23458,0.0440423,1.08193,800000009,800010009,800000009,800000009,800000009,800000009,800010019,800010019,80000,80000,80,80,0,0,0,0,0,0,0,0.958627,0.573402,0.170363,0.0100832,2.08869,0.0823202,0.000165791,-0.00698792,-0.0935537,0.0225875,0.00105839
B20152010830.slt,2015-07-20,09:00,201.375,1,36000,36000,-0.244778,1,-10.8463,1,54.7924,1,-4.93616,1,1.23596,1,0.0601105,1,0.964667,-1.65108,0.103409,-0.0372437,-0.00128637,1.02207e-10,3.94451e-12,5.21695e-13,15.6516,376.493,382.045,4.0,0,604.048,14.5301,14.7444,4.55,0,0.0798905,1.92173,1.95007,4.0,0,290.784,290.027,100242.0,1.1975,1013.44,0.0240546,0.0800904,0.010885,1456.92,1916.76,0.00908971,76.0095,459.84,285.739,-2.30557,3.65469,0.0224186,4.32122,-1.22866e-14,6.53013e-15,4.32122,8.67698,327.793,122.246,0.297254,-9999,0.452114,1.00294,745.112,0.00624658,-0.197952,-0.0197679,0,54.7657,-8.3109,18.7993,46.8129,71.3926,100.129,150.012,-0.241874,1.01201,-7.75659,1.02913,46.1379,1.18758,-4.58291,1.07708,1.04074,1.18758,0.0554579,1.08389,800000009,800010009,800000009,800000009,800000009,800000009,800010019,800010019,80000,80000,80,80,0,0,0,0,0,0,0,1.17285,0.621751,0.211279,0.0164429,2.1836,0.0797142,0.000159068,-0.00639146,-0.11024,0.0250347,0.00133402
B20152010900.slt,2015-07-20,09:30,201.396,1,36000,36000,-0.290055,1,16.9415,1,52.4378,1,-5.74947,1,1.18351,1,0.0460273,1,1.98261,0.0657775,0.066366,0.00148458,-0.000124766,-1.59517e-10,-6.15241e-12,-8.12556e-13,15.6421,377.057,382.621,4.05,0,603.302,14.5427,14.7574,4.2,0,0.0796788,1.92068,1.94902,4.0,0,291.212,290.603,100230.0,1.19498,1013.45,0.0241052,0.0766914,0.0108715,1458.02,1988.02,0.00909763,73.3401,530.003,285.751,-2.35016,3.96992,0.0729589,4.61398,1.41639e-13,-1.01979e-14,4.61398,10.2849,329.151,120.625,0.906031,-9999,0.492674,1.36262,-617.235,-0.00754072,0.323078,0.0283942,0,54.3976,-8.25504,18.6729,46.4982,70.9128,99.4561,149.003,-0.286959,1.01079,19.3967,1.02786,46.1381,1.13654,-5.37604,1.06946,1.04133,1.13654,0.0427972,1.07547,800000009,800010009,800000009,800000009,800000009,800010009,800010019,800010019,80000,80000,80,80,0,0,1,3,0,0,0,1.66472,0.805061,0.25546,0.0808407,2.93574,0.090033,0.000174636,0.0160164,-0.129591,0.0251015,0.00103164
B20152010930.slt,2015-07-20,10:00,201.417,1,36000,36000,-0.345669,1,45.7857,1,75.829,1,-7.59361,1,1.71306,1,0.0558399,1,3.35737,-0.506529,0.172063,-0.0114431,-0.000834831,6.00356e-11,2.29108e-12,3.03499e-13,15.6474,378.523,384.071,4.0,0,597.136,14.4452,14.657,4.15,0,0.0791026,1.91356,1.94161,4.2,0,291.972,291.583,100212.0,1.1908,1013.41,0.0241909,0.111006,0.0107604,1447.98,2114.45,0.0090363,68.4802,666.469,285.645,-2.54874,4.1554,0.0830567,4.87549,1.43666e-13,3.83678e-15,4.87549,9.60303,328.558,121.523,0.976113,-9999,0.53878,1.53673,-298.66,-0.0155843,0.603803,0.0704196,0,56.201,-8.52871,19.292,48.0397,73.2636,102.753,153.943,-0.341751,1.01147,48.9095,1.02944,68.493,1.10711,-7.1097,1.06806,1.54733,1.10711,0.0519728,1.07441,800000009,800000009,800000009,800000009,800000009,800000009,800010019,800010019,80000,80000,80,80,0,0,1,0,0,0,0,1.81781,0.974244,0.281403,0.0985489,2.64024,0.113143,0.000163594,0.0405292,-0.17199,0.0374314,0.00125727
B20152011000.slt,2015-07-20,10:30,201.437,1,36000,36000,-0.388518,1,40.086,1,79.7095,1,-8.13169,1,1.80155,1,0.0664297,1,1.63026,-1.47607,0.157319,-0.0333614,-0.00154744,8.59272e-11,3.20317e-12,4.29868e-13,15.677,379.866,385.322,3.9,0,584.402,14.1605,14.3639,4.25,0,0.0784274,1.90035,1.92765,4.1,1,292.337,292.06,100211.0,1.18897,1013.26,0.0242307,0.116741,0.0105309,1419.42,2178.45,0.00885721,65.1572,759.033,285.342,-2.5023,4.49583,0.0736672,5.14582,1.31494e-13,5.4811e-15,5.14582,10.0819,330.947,119.1,0.820271,-9999,0.571637,1.56354,-407.399,-0.0114247,0.502901,0.0582074,0,57.6093,-8.74244,19.7754,49.2436,75.0996,105.328,157.801,-0.383846,1.01217,43.5584,1.03107,72.8728,1.09382,-7.63618,1.06489,1.64704,1.09382,0.0619933,1.07156,800000009,800000009,800000009,800000009,800000009,800000009,800010019,800010019,80000,80000,80,80,0,0,0,0,0,0,0,1.70336,1.12615,0.297557,0.0648797,2.62579,0.107235,0.000140295,0.0361559,-0.18503,0.0399089,0.00150214
B20152011030.slt,2015-07-20,11:00,201.458,1,36000,36000,-0.285036,1,37.719,1,55.1759,1,-5.80656,1,1.24742,1,0.0553179,1,1.03618,0.56803,0.00913362,0.0128421,-0.000486116,-2.71153e-10,-1.01842e-11,-1.35325e-12,15.6609,379.944,385.444,4.15,0,588.205,14.2702,14.4768,3.9,0,0.0781594,1.8962,1.92365,4.0,0,292.59,292.363,100191.0,1.18745,1013.33,0.0242607,0.080833,0.0105994,1430.14,2220.06,0.00892623,64.419,789.918,285.457,-2.16258,4.45468,0.0539719,4.95215,-3.96684e-14,-1.7314e-14,4.95215,9.27866,334.047,115.895,0.624461,-9999,0.489939,1.20167,-272.562,-0.0170765,0.683615,0.0639811,0,54.3134,-8.24226,18.644,46.4262,70.803,99.3022,148.773,-0.281749,1.01167,39.9455,1.0299,50.9668,1.08258,-5.49417,1.05686,1.15226,1.08258,0.052028,1.06323,800000009,800000009,800000009,800000009,800000009,800000009,800010019,800010019,80000,80000,80,80,0,0,0,0,0,0,0,1.24867,0.90126,0.253393,0.0595799,2.32846,0.090477,0.000123528,0.0331971,-0.133292,0.0279547,0.00126223
B20152011100.slt,2015-07-20,11:30,201.479,1,36000,36000,-0.320232,1,115.113,1,87.1049,1,-6.9303,1,1.97086,1,0.0637974,1,2.82705,1.18778,-0.0469017,0.0268751,-0.000610368,-1.03543e-11,-3.9559e-13,-5.15875e-14,15.5981,379.542,385.126,4.05,0,595.932,14.5006,14.7139,4.05,0,0.0777133,1.89097,1.91879,4.05,0,293.28,293.193,100179.0,1.18383,1013.48,0.0243326,0.127712,0.0107387,1453.04,2337.48,0.00907111,62.1627,884.438,285.699,-1.88278,4.87093,0.0274789,5.22222,8.16422e-14,-6.63818e-16,5.22222,9.33279,338.773,111.133,0.301487,-9999,0.520101,1.39231,-106.837,-0.0435655,1.32155,0.184473,0,54.6938,-8.29999,18.7746,46.7514,71.2988,99.9976,149.815,-0.316319,1.01237,117.201,1.03153,81.9394,1.06304,-6.6557,1.04126,1.85398,1.06304,0.0608824,1.04788,800000009,800000009,800000009,800000009,800000009,800000009,800000019,800000019,80000,80000,80,80,0,0,0,0,0,0,0,1.43106,1.07313,0.280418,0.203387,2.4445,0.129663,0.000119436,0.0976845,-0.161951,0.0451122,0.00148143
B20152011130.slt,2015-07-20,12:00,201.5,1,36000,36000,-0.305542,1,105.124,1,91.2712,1,-6.46551,1,2.06715,1,0.0530424,1,3.43907,0.889035,-0.133031,0.0201353,-1.69648e-05,-1.07547e-11,-4.17057e-13,-5.37407e-14,15.4942,378.398,384.033,3.9,0,600.848,14.6738,14.8923,3.95,0,0.0774234,1.89082,1.91898,4.1,1,294.316,294.207,100158.0,1.17943,1013.6,0.0244218,0.133951,0.0108273,1470.09,2488.18,0.00918008,59.083,1018.09,285.877,-1.74432,4.54036,0.0539233,4.8642,3.95221e-14,-6.94114e-16,4.8642,9.33897,338.949,111.016,0.635181,-9999,0.508978,1.46411,-109.632,-0.0424549,1.15178,0.172769,0,55.0846,-8.35931,18.9088,47.0855,71.8084,100.712,150.885,-0.302087,1.01144,107.993,1.02937,86.3605,1.05686,-6.21121,1.04094,1.95593,1.05686,0.050656,1.04711,800000009,800000009,800000009,800000009,800000009,800000009,800000019,800000019,80000,80000,80,80,0,0,0,0,0,0,0,1.54239,1.12178,0.264057,0.419577,2.47965,0.159833,0.000116226,0.0903346,-0.151689,0.0477674,0.00123711
B20152011200.slt,2015-07-20,12:30,201.521,1,36000,36000,-0.27797,1,113.601,1,77.7583,1,-5.83103,1,1.76246,1,0.0460095,1,2.68463,-0.560383,-0.0673666,-0.0127015,-6.2932e-05,7.80221e-11,3.00762e-12,3.90357e-13,15.4256,377.816,383.4,4.1,1,594.632,14.5642,14.7795,4.1,0,0.0771768,1.89028,1.91822,4.05,0,294.805,295.0,100137.0,1.17606,1013.56,0.0244928,0.114207,0.0107153,1458.8,2612.02,0.00911114,55.8497,1153.21,285.759,-2.02528,4.3467,0.0530081,4.79566,4.55333e-14,5.05796e-15,4.79566,8.84847,335.148,114.982,0.633323,-9999,0.486165,1.17145,-88.3988,-0.0526523,1.46095,0.196029,0,55.0732,-8.35757,18.9048,47.0757,71.7934,100.691,150.854,-0.274875,1.01126,115.512,1.02895,73.4339,1.05889,-5.57428,1.04606,1.66444,1.05889,0.0437282,1.05217,800000009,800000009,800000009,800000009,800000009,800000009,800000019,800000019,80000,80000,80,80,0,0,0,0,0,0,0,1.16802,0.93379,0.241085,0.272771,2.52419,0.138571,0.000106651,0.096905,-0.13653,0.0407668,0.00107103
B20152011230.slt,2015-07-20,13:00,201.542,1,36000,36000,-0.238044,1,81.3318,1,77.7426,1,-6.0043,1,1.76277,1,0.0532414,1,1.32903,-0.090674,-0.153625,-0.00205599,-5.80447e-07,1.84805e-10,7.14034e-12,9.27869e-13,15.3481,376.489,382.046,4.0,0,593.007,14.5465,14.7612,4.15,0,0.0770598,1.89027,1.91818,4.0,0,295.339,295.393,100118.0,1.17429,1013.56,0.02453,0.114228,0.010686,1456.76,2675.39,0.00909997,54.4502,1218.63,285.738,-1.64501,4.24569,0.00287361,4.55323,1.18976e-13,1.20409e-14,4.55323,8.87276,338.672,111.179,0.0361602,-9999,0.450237,1.16411,-98.0591,-0.0474652,1.04617,0.151773,0,55.0371,-8.35209,18.8924,47.0449,71.7464,100.625,150.755,-0.235539,1.01063,84.1593,1.02749,73.9536,1.05123,-5.77348,1.03998,1.67686,1.05123,0.0509123,1.04575,800000009,800000009,800000009,800000009,800000009,800000009,800000019,800010019,80000,80000,80,80,0,0,0,0,0,0,0,1.24999,0.870982,0.207236,0.280398,2.34329,0.178662,0.000124671,0.0707095,-0.141623,0.0411333,0.00124888
B20152011300.slt,2015-07-20,13:30,201.562,1,36000,36000,-0.27431,1,132.708,1,124.072,1,-7.20184,1,2.81569,1,0.0554988,1,3.00863,-3.4881,-0.0239005,-0.0791592,-0.000476009,4.64059e-11,1.70936e-12,2.32614e-13,15.2911,376.282,381.57,4.1,1,563.247,13.8603,14.0551,3.9,0,0.0766482,1.88615,1.91266,3.9,0,296.07,296.287,100103.0,1.17088,1013.2,0.0246078,0.182457,0.0101497,1387.83,2824.34,0.00866846,49.1383,1436.51,285.001,-0.781884,5.00697,0.0111556,5.06766,5.66457e-14,3.03483e-15,5.06766,9.30676,351.456,98.8756,0.126127,-9999,0.484021,1.31102,-74.6506,-0.0623492,1.06961,0.231115,0,52.8389,-8.01851,18.1379,45.1659,68.8808,96.6064,144.734,-0.271066,1.01197,136.924,1.0306,120.688,1.02804,-7.07576,1.01782,2.73891,1.02804,0.0541927,1.0241,800000009,800000009,800000009,800000009,800000009,800000009,800000019,800000019,80000,80000,80,80,0,0,0,0,0,0,0,1.23325,1.12394,0.264846,0.336813,2.44159,0.219238,0.000115939,0.115418,-0.174119,0.0673988,0.00133357
B20152011330.slt,2015-07-20,14:00,201.583,1,36000,36000,-0.279116,1,123.897,1,135.768,1,-7.26126,1,3.08248,1,0.0601936,1,1.50166,-1.29151,-0.0820481,-0.0293223,4.01993e-05,6.46399e-12,2.3417e-13,3.24688e-14,15.2357,375.569,380.75,3.8,0,551.941,13.6057,13.7933,4.1,0,0.0765294,1.8865,1.91252,4.0,0,296.463,296.733,100080.0,1.16896,1013.07,0.0246506,0.199745,0.00994598,1362.03,2901.49,0.00850839,46.9422,1539.47,284.717,-0.92266,4.67335,0.0496108,4.76382,2.47063e-14,4.24266e-16,4.76382,9.59977,348.84,101.168,0.596694,-9999,0.488644,1.27728,-82.2564,-0.056584,0.912563,0.214106,0,54.477,-8.2671,18.7002,46.5661,71.0163,99.6014,149.221,-0.276031,1.01118,129.241,1.02876,131.599,1.03168,-7.10284,1.0223,2.9878,1.03168,0.0585406,1.02824,800000009,800000009,800000009,800000009,800000009,800000009,800000019,800000019,80000,80000,80,80,0,0,0,0,0,0,0,1.17835,1.12591,0.250288,0.305403,2.84088,0.306669,0.000117395,0.109134,-0.175089,0.0736512,0.00144306
B20152011400.slt,2015-07-20,14:30,201.604,1,36000,36000,-0.252558,1,127.772,1,146.477,1,-6.75583,1,3.3287,1,0.0572428,1,3.20534,-2.52812,0.0776002,-0.0574516,0.000172682,2.30132e-10,8.01579e-12,1.1548e-12,15.2124,376.245,381.242,3.85,0,529.868,13.1052,13.2792,4.05,0,0.0763357,1.888,1.91307,4.0,0,297.233,297.69,100069.0,1.16529,1012.82,0.0247329,0.2157,0.00954822,1311.77,3072.96,0.00819383,42.6876,1761.18,284.149,-0.460499,4.60173,0.0356675,4.62485,8.37609e-15,1.51279e-14,4.62485,9.24021,353.208,95.7146,0.441877,-9999,0.465546,1.93417,-68.9676,-0.0674868,0.872299,0.232544,0,52.0741,-7.90245,17.8754,44.5122,67.8839,95.2081,142.639,-0.249855,1.01082,133.856,1.02792,143.08,1.02374,-6.65948,1.01447,3.25149,1.02374,0.0561102,1.02018,800000009,800000009,800000009,800000009,800000009,800000009,800000019,800000019,80000,80000,80,81,0,0,0,0,0,0,0,1.37112,2.24284,0.254397,0.270879,3.20106,0.513001,0.000113966,0.113415,-0.164708,0.0804188,0.00138777
B20152011430.slt,2015-07-20,15:00,201.625,1,36000,36000,-0.316961,1,140.281,1,130.454,1,-6.41404,1,2.96576,1,0.0539011,1,1.37163,0.573011,-0.0671068,0.0130269,0.000693255,4.0805e-11,1.43585e-12,2.05735e-13,15.1652,375.66,380.692,3.85,0,533.636,13.2188,13.3959,4.15,0,0.0764617,1.89405,1.91942,4.25,0,297.73,298.1,100052.0,1.16344,1012.88,0.0247712,0.192181,0.00961612,1322.92,3149.1,0.00826525,42.0094,1826.18,284.277,0.784569,5.15969,0.0621042,5.21937,-7.22846e-14,2.6907e-15,5.21937,10.326,8.57187,81.354,0.681767,-9999,0.521952,1.67564,-88.5203,-0.05258,1.07532,0.228067,0,52.7502,-8.00505,18.1074,45.0901,68.7652,96.4442,144.491,-0.31309,1.01236,144.595,1.03152,126.828,1.02859,-6.30095,1.01795,2.88331,1.02859,0.0526163,1.02442,800000009,800000009,800000009,800000009,800000009,800000009,800000019,800000019,80000,80000,80,80,0,0,0,0,0,0,0,1.68343,1.35869,0.309157,0.302251,2.39572,0.257731,0.000112725,0.122701,-0.156082,0.0714231,0.00130337
B20152011500.slt,2015-07-20,15:30,201.646,1,36000,36000,-0.184918,1,45.7057,1,83.4945,1,-5.01476,1,1.89786,1,0.0516735,1,-0.557734,0.341972,-0.00313363,0.00777315,0.00029681,-6.643e-11,-2.34972e-12,-3.35418e-13,15.1683,375.632,380.691,4.05,0,536.523,13.2866,13.4655,4.05,0,0.0765876,1.89664,1.92218,3.9,0,297.697,297.933,100024.0,1.16373,1012.92,0.0247643,0.122981,0.00966815,1329.33,3117.95,0.00830786,42.6348,1788.62,284.35,0.97396,4.64721,0.0189561,4.74821,2.36162e-13,-4.37953e-15,4.74821,10.2944,11.3287,78.1633,0.22874,-9999,0.398622,1.53638,-120.998,-0.0384667,0.54741,0.0972703,0,47.4601,-7.20225,16.2915,40.5681,61.869,86.7721,130.0,-0.182881,1.01114,49.7335,1.02867,80.8172,1.03313,-4.89955,1.02351,1.83701,1.03313,0.0501961,1.02943,800000009,800000009,800000009,800000009,800000009,800010009,800000019,800010019,80000,80000,80,80,0,0,0,0,0,0,0,1.57784,1.2598,0.23513,0.070408,2.40777,0.188691,0.000129502,0.042191,-0.121334,0.0454922,0.00124307
B20152011530.slt,2015-07-20,16:00,201.667,1,36000,36000,-0.19284,1,71.0471,1,104.796,1,-5.82429,1,2.38299,1,0.0550804,1,1.34754,-1.04379,0.0311822,-0.0237351,7.84568e-05,-1.60945e-10,-5.59995e-12,-8.1235e-13,15.1552,375.905,380.887,3.95,0,527.312,13.0793,13.2526,4.1,0,0.0764939,1.89733,1.92247,4.0,0,298.122,298.337,100000.0,1.16198,1012.82,0.0248036,0.154418,0.00950216,1308.28,3193.8,0.00817755,40.9631,1885.52,284.109,0.421593,4.26568,0.0424228,4.28667,1.66825e-14,-1.06198e-14,4.28667,8.42969,5.3924,84.3556,0.567034,-9999,0.407379,1.34068,-83.0683,-0.056031,0.677954,0.148189,0,52.0539,-7.89938,17.8684,44.4949,67.8575,95.1711,142.584,-0.190939,1.00996,76.0496,1.02589,102.668,1.02073,-5.75636,1.0118,2.3346,1.02073,0.0541551,1.01709,800000009,800000009,800000009,800000009,800000009,800000009,800010019,800010019,80000,80000,80,80,0,0,0,0,0,0,0,1.24485,1.24135,0.195154,0.230731,2.50662,0.228212,0.000140373,0.0646199,-0.142779,0.0579067,0.00134324
B20152011600.slt,2015-07-20,16:30,201.687,1,36000,36000,-0.216372,1,74.2895,1,101.324,1,-4.4888,1,2.30533,1,0.051588,1,1.91136,-1.33099,0.0233091,-0.0302826,-0.000341731,1.95595e-10,6.66397e-12,9.85148e-13,15.131,376.109,380.991,3.9,0,515.516,12.8141,12.9804,4.05,0,0.0762097,1.89433,1.91892,3.95,0,298.39,298.91,99978.0,1.15961,1012.69,0.0248568,0.149385,0.0092896,1281.47,3304.39,0.00801097,38.7809,2022.92,283.798,-0.0803092,4.14561,0.0603922,4.14682,-1.42612e-14,1.29268e-14,4.14682,8.80225,359.322,91.1098,0.834456,-9999,0.43196,2.12285,-94.6903,-0.0491539,0.733185,0.146453,0,51.804,-7.86145,17.7826,44.2812,67.5317,94.7142,141.899,-0.214314,1.0096,79.1195,1.02505,100.065,1.01259,-4.47382,1.00335,2.27668,1.01259,0.0511573,1.00842,800000009,800000009,800000009,800000009,800000009,800000009,800000119,800010119,80000,80000,80,81,0,0,0,0,0,0,0,1.30156,2.72201,0.222149,0.184655,2.37527,0.257723,0.000124294,0.0673746,-0.111205,0.0565911,0.00127161
B20152011630.slt,2015-07-20,17:00,201.708,1,36000,36000,-0.180151,1,19.3801,1,111.133,1,-5.40358,1,2.52798,1,0.0623868,1,-0.70042,-3.93316,0.124056,-0.0894689,-0.000101172,3.14108e-11,1.00189e-12,1.57676e-13,15.1839,377.195,381.788,4.0,0,484.313,12.0312,12.1777,4.1,0,0.0762203,1.89345,1.91651,4.0,0,298.203,298.7,99968.3,1.16066,1012.24,0.0248418,0.163813,0.00872732,1203.06,3263.51,0.00751929,36.8641,2060.44,282.854,-0.196181,4.10089,0.0532142,4.10592,-9.58748e-14,2.06869e-15,4.10592,8.46676,357.089,92.7389,0.742593,-9999,0.393973,1.12148,-275.331,-0.0169047,0.174386,0.0418697,0,51.7815,-7.85804,17.7749,44.262,67.5024,94.6731,141.838,-0.178456,1.0095,25.898,1.02481,109.15,1.01817,-5.35996,1.00814,2.48286,1.01817,0.0615751,1.01318,800000009,800010009,800000009,800000009,800000009,800000009,800010019,800010019,80000,80000,80,80,0,0,0,0,0,0,0,1.04018,1.01778,0.185014,0.0509436,2.47118,0.229867,0.000154836,0.0220432,-0.133151,0.0616788,0.00152963
B20152011700.slt,2015-07-20,17:30,201.729,1,36000,36000,-0.23064,1,32.122,1,95.8334,1,-4.99336,1,2.17964,1,0.0592284,1,-0.489309,-1.74108,0.080291,-0.0395992,-0.000697809,1.42115e-10,4.3943e-12,7.09773e-13,15.217,377.897,382.365,4.1,1,470.52,11.6848,11.8229,4.1,0,0.0759989,1.88734,1.90966,4.25,0,298.317,298.553,99951.3,1.16118,1012.06,0.0248338,0.141241,0.00847877,1168.22,3235.21,0.00730183,36.1097,2066.99,282.417,0.0573106,4.67805,0.0404414,4.67857,-4.33586e-14,9.33925e-15,4.67857,9.96304,1.55722,89.2981,0.495269,-9999,0.445673,1.53987,-240.425,-0.0193591,0.335186,0.0613313,0,51.0537,-7.74759,17.5251,43.6399,66.5536,93.3424,139.844,-0.22814,1.01096,37.3223,1.02825,94.1856,1.0175,-4.96537,1.00564,2.14216,1.0175,0.0585627,1.01137,800000009,800010009,800000009,800000009,800000009,800010009,800010019,800010019,80000,80000,80,80,0,0,0,0,0,0,0,1.7701,1.06469,0.244933,0.105457,3.07101,0.349042,0.000142803,0.0317588,-0.123309,0.0531981,0.00145434
B20152011730.slt,2015-07-20,18:00,201.75,1,36000,36000,-0.224712,1,32.5967,1,112.541,2,-4.96795,2,2.56136,2,0.0562479,1,2.31778,-3.64503,0.177856,-0.0829589,-0.000139433,-1.82421e-10,-5.2676e-12,-9.06743e-13,15.239,379.457,383.661,4.1,1,440.041,10.9572,11.0785,4.2,0,0.0757469,1.88612,1.90702,3.95,0,298.555,299.25,99917.0,1.1584,1011.67,0.0249003,0.165976,0.00792954,1095.1,3371.54,0.00684523,32.4807,2276.44,281.461,-0.0585331,4.77623,0.0553267,4.77691,1.95745e-13,-1.19707e-14,4.77691,9.58381,359.36,90.7021,0.66362,-9999,0.440436,1.36538,-228.59,-0.0203613,0.289643,0.0631528,0,50.7178,-7.69662,17.4098,43.3528,66.1158,92.7283,138.924,-0.222221,1.01121,38.7956,1.02884,110.442,1.019,-4.94924,1.00378,2.51361,1.019,0.0557119,1.00962,800000009,800010009,800000009,800000009,800000009,800000009,800000019,800010019,80000,80000,80,80,0,0,0,0,0,0,0,1.33428,1.15335,0.24313,0.03933,2.37733,0.239871,0.000135916,0.0331043,-0.123238,0.0625896,0.00138724
B20152011800.slt,2015-07-20,18:30,201.771,1,36000,35793,-0.226489,1,12.4469,1,101.617,1,-4.30291,1,2.3126,1,0.0647014,1,-0.210728,-0.055639,0.0200028,-0.00126624,-0.000129506,9.3399e-11,2.69301e-12,4.63754e-13,15.2476,379.632,383.834,4.15,0,439.64,10.9461,11.0672,4.05,0,0.0757089,1.88498,1.90585,3.9,0,298.552,299.187,99906.0,1.15853,1011.66,0.0248978,0.149857,0.00792231,1093.87,3358.94,0.00683827,32.5659,2265.07,281.444,-0.298016,4.7191,0.0452447,4.72872,6.69962e-14,6.12549e-15,4.72872,8.95094,356.284,93.6135,0.548218,-9999,0.442152,1.39094,-605.621,-0.00768534,0.122489,0.0240186,0,50.0103,-7.58925,17.1669,42.748,65.1934,91.4347,136.986,-0.224006,1.01109,18.4243,1.02855,99.075,1.02566,-4.25787,1.01058,2.25475,1.02566,0.0636575,1.0164,800000009,800010009,800000009,800000009,800000009,800000009,800010019,800010019,80000,80000,80,80,0,0,1,0,0,0,0,1.28795,1.2401,0.253817,0.0127722,2.04121,0.158565,0.000138801,0.0157199,-0.106011,0.0561384,0.00158493
B20152011830.slt,2015-07-20,19:00,201.792,1,36000,36000,-0.258554,1,-9.87703,7,99.5653,1,-4.21267,1,2.26502,1,0.0559255,1,-1.35485,-1.68733,0.0669308,-0.0383852,-0.000153718,7.61052e-11,2.12369e-12,3.77033e-13,15.292,380.219,384.296,4.25,0,426.718,10.6099,10.7236,4.1,0,0.0757581,1.88364,1.90384,3.95,0,298.188,298.78,99906.3,1.16025,1011.47,0.0248639,0.146773,0.00768946,1060.28,3279.03,0.00662739,32.3351,2218.75,280.986,1.02112,5.19783,0.03866,5.29733,-1.09251e-13,4.9768e-15,5.29733,9.62277,11.3065,78.8858,0.41815,-9999,0.472062,1.35286,928.733,0.00501156,-0.0992015,-0.0178288,0,50.2752,-7.62946,17.2579,42.9745,65.5389,91.9192,137.712,-0.254886,1.01439,-3.57695,1.03492,94.8179,1.05007,-4.09141,1.02964,2.15702,1.05007,0.0539098,1.03739,800000009,800010009,800000009,800000009,800000009,800000009,800010019,800010019,80000,80000,80,80,0,0,0,0,0,0,0,1.4506,0.970513,0.284592,0.0514682,2.06698,0.167306,0.000117612,-0.00304796,-0.101728,0.0536318,0.0013404
B20152011900.slt,2015-07-20,19:30,201.812,1,36000,36000,-0.120203,1,-21.3954,1,51.6548,1,-3.1206,1,1.17409,1,0.0495349,1,-2.94117,3.71132,-0.170437,0.0843571,0.00131589,-1.00489e-11,-3.01054e-13,-5.02834e-14,15.2794,378.73,383.077,3.95,0,457.755,11.3464,11.4766,4.2,0,0.0764563,1.89513,1.91688,4.2,0,297.512,297.9,99920.7,1.16352,1011.85,0.0247871,0.0760813,0.00824875,1134.04,3111.76,0.00708945,36.4439,1977.71,281.977,0.415434,3.56937,0.0128233,3.59348,1.996e-13,-6.57675e-16,3.59348,7.2079,6.46143,83.3613,0.20446,-9999,0.321418,0.70769,135.362,0.0343848,-0.4142,-0.0565405,0,49.9856,-7.5855,17.1584,42.7269,65.1612,91.3896,136.918,-0.118823,1.01161,-17.7431,1.02754,49.9825,1.03346,-3.06019,1.01974,1.13608,1.03346,0.0482567,1.02649,800000009,800010009,800000009,800000009,800000009,810000009,800000019,800010019,80000,80000,80,80,4,0,0,0,0,0,0,0.822415,0.458741,0.134224,0.0303066,2.34825,0.177501,0.000194658,-0.0150709,-0.075853,0.0281602,0.00119614
B20152011930.slt,2015-07-20,20:00,201.833,1,36000,36000,-0.0541512,1,-30.0687,1,27.4541,1,-1.59751,1,0.623219,1,0.0503333,1,-4.45363,3.32676,-0.0852888,0.0755188,0.00253521,3.86225e-11,1.22644e-12,1.95894e-13,15.3157,377.989,382.581,4.05,0,486.344,12.0029,12.1487,4.2,0,0.0776813,1.91717,1.94046,4.15,0,296.34,296.573,99907.7,1.16828,1012.18,0.0246799,0.0403846,0.00876393,1199.51,2873.65,0.00750153,41.7416,1674.14,282.81,-0.208417,2.47615,0.0258972,2.48504,-2.57993e-14,2.52176e-15,2.48504,5.02554,355.087,94.8112,0.597105,-9999,0.215293,0.295393,28.9451,0.160801,-1.09523,-0.118108,0,48.1061,-7.30028,16.5133,41.1204,62.7111,87.9533,131.77,-0.0534286,1.01352,-27.637,1.03022,26.4542,1.0378,-1.56206,1.02269,0.600521,1.0378,0.0487814,1.03181,800000009,800000009,800000009,800000009,800000009,800000009,800000019,800000019,80000,80000,80,80,0,0,0,0,0,0,0,0.354831,0.169802,0.0661518,0.383777,1.9281,0.0959221,0.000305585,-0.0233715,-0.0385516,0.0148208,0.00120392
B20152012000.slt,2015-07-20,20:30,201.854,1,36000,36000,-0.0172583,5,-10.3373,5,21.8832,5,-1.63817,5,0.495925,5,0.0590164,5,-5.84228,4.82175,-0.115953,0.109272,0.00661085,-1.61328e-11,-5.5407e-13,-8.44885e-14,15.3644,376.987,381.932,4.35,0,527.681,12.9474,13.1172,4.4,0,0.0804645,1.9743,2.0002,4.3,0,295.142,294.843,99906.0,1.1747,1012.65,0.0245363,0.0321359,0.00950881,1293.87,2587.14,0.00809468,50.0114,1293.28,283.943,-0.580528,1.49802,0.0385279,1.60703,1.33929e-15,-1.05001e-15,1.60703,2.87077,338.291,111.183,1.37377,-9999,0.121209,0.0906283,15.0258,0.30976,-0.472385,-0.0716944,0,-9999.0,-9999.0,-9999.0,-9999.0,-9999.0,-9999.0,-9999.0,-0.0170321,1.01328,-8.87595,1.029,19.3851,1.12886,-1.47103,1.11362,0.439314,1.12886,0.0525612,1.12281,800000009,800010009,800000009,800000009,800000009,800000009,800000019,800110019,80000,80000,80,81,0,0,1,0,0,0,0,0.0774086,0.0880202,0.0158279,0.0623591,2.7136,0.19318,0.00142272,-0.00746152,-0.0360937,0.0107791,0.00128966
B20152012030.slt,2015-07-20,21:00,201.875,1,36000,36000,-0.0301996,5,-9.81859,5,25.8197,5,-2.17731,5,0.585717,5,0.0547323,5,3.45583,3.99728,-0.223339,0.0906779,0.00202229,2.01194e-11,7.36742e-13,1.06851e-13,15.2334,375.05,380.272,4.4,0,557.825,13.7338,13.925,4.3,0,0.0809027,1.99184,2.01958,4.2,0,295.551,295.87,99912.3,1.17035,1013.12,0.0246202,0.0379545,0.010052,1372.54,2753.99,0.00858891,49.8382,1381.45,284.833,-0.819652,1.48081,0.0292581,1.69277,-1.32933e-14,1.32074e-15,1.69277,3.26035,330.795,118.965,0.990356,-9999,0.160636,0.125736,36.8311,0.126371,-0.380275,-0.0515502,0,-9999.0,-9999.0,-9999.0,-9999.0,-9999.0,-9999.0,-9999.0,-0.0299331,1.0089,-8.20824,1.02027,23.2482,1.11061,-1.97684,1.10141,0.527383,1.11061,0.0494429,1.10698,800000009,800010009,800000009,800000009,800000009,800000009,800010019,800010019,80000,80000,80,80,0,0,0,0,0,0,0,0.133503,0.0883564,0.0296129,0.0324047,2.41989,0.138109,0.000546779,-0.0069227,-0.0486703,0.0129843,0.0012173
B20152012100.slt,2015-07-20,21:30,201.896,1,36000,36000,-0.0138271,5,-12.029,5,15.3557,5,-1.15837,5,0.347978,5,0.0368078,5,-3.66059,4.03468,-0.265677,0.0914305,0.0042944,-5.81474e-11,-2.26562e-12,-3.16504e-13,15.1967,372.754,378.248,4.45,0,592.115,14.5237,14.7378,4.35,0,0.0827176,2.02895,2.05885,4.25,0,294.79,294.787,99918.3,1.17437,1013.53,0.0245286,0.022549,0.0106699,1451.58,2578.2,0.00908568,56.302,1126.62,285.683,-1.10563,1.12206,0.0454044,1.57591,6.44364e-14,-3.82632e-15,1.57591,2.70566,315.217,134.577,1.65101,-9999,0.108508,0.0671459,9.26733,0.502238,-0.783354,-0.0931377,0,-9999.0,-9999.0,-9999.0,-9999.0,-9999.0,-9999.0,-9999.0,-0.0135802,1.01818,-10.9184,1.03884,11.4338,1.34301,-0.883997,1.31038,0.259102,1.34301,0.0277685,1.32552,800000009,800010009,800000009,800000009,800000009,800000009,800100019,810110019,80000,80000,80,80,0,0,1,0,0,0,0,0.0533758,0.065804,0.0151118,0.143783,2.95479,0.202975,0.000439334,-0.00917315,-0.0216832,0.00635541,0.000681122
B20152012130.slt,2015-07-20,22:00,201.917,1,36000,36000,-0.0149524,5,-8.64264,5,6.66955,5,-0.412314,5,0.150913,5,0.0345884,5,-5.26632,3.52025,-0.00303608,0.0796534,-0.00164851,4.81165e-11,1.96328e-12,2.60094e-13,15.2781,372.728,378.484,4.55,0,623.386,15.2083,15.4431,4.6,0,0.0825858,2.01478,2.0459,4.3,0,293.805,293.237,99932.3,1.18043,1013.88,0.0243962,0.00977918,0.0112334,1520.2,2343.75,0.00951637,64.8619,823.55,286.389,-1.23743,1.00226,0.0415356,1.59295,1.75611e-14,3.14938e-15,1.59295,3.14264,309.033,140.994,1.49414,-9999,0.112548,0.0667459,14.3959,0.323314,-1.29583,-0.064163,0,-9999.0,-9999.0,-9999.0,-9999.0,-9999.0,-9999.0,-9999.0,-0.0147425,1.01424,-8.10885,1.03091,5.06872,1.31583,-0.325131,1.26815,0.114691,1.31583,0.0270337,1.27945,800000009,800000009,800000009,800000009,800000009,800000009,800100019,801100019,80000,80000,80,80,0,0,0,0,0,0,0,0.076361,0.0412703,0.0158606,0.0867915,1.90694,0.0651995,0.000769175,-0.00677536,-0.00793196,0.00279803,0.000659519
B20152012200.slt,2015-07-20,22:30,201.937,1,36000,36000,-0.0218714,5,-14.2738,5,7.50446,5,0.589357,5,0.16964,5,0.0444408,5,-3.43227,1.90284,0.24031,0.0430141,0.00390445,5.37031e-12,2.23197e-13,2.93489e-14,15.4157,374.786,380.717,4.4,0,640.698,15.5766,15.8231,4.85,0,0.0842473,2.04822,2.08063,4.25,0,292.989,292.23,99934.3,1.18436,1014.06,0.024312,0.0109927,0.0115454,1557.06,2201.68,0.00974824,70.7212,644.626,286.757,-1.31323,1.0423,0.0361072,1.67698,-1.93627e-14,3.48366e-16,1.67698,3.6081,308.557,141.561,1.23374,-9999,0.135893,0.0998567,15.3445,0.303326,-1.90205,-0.0874573,0,-9999.0,-9999.0,-9999.0,-9999.0,-9999.0,-9999.0,-9999.0,-0.0215634,1.01428,-13.5692,1.03107,5.53988,1.35462,0.466771,1.26262,0.12523,1.35462,0.0348804,1.27409,800000009,800000009,800000009,800000009,800000009,800000009,800000019,800100019,80000,80000,80,80,0,0,0,0,0,0,0,0.132416,0.0477309,0.0195664,0.0787324,2.57654,0.100395,0.000725704,-0.0112982,0.0113481,0.00304459,0.00084801
B20152012230.slt,2015-07-20,23:00,201.958,1,36000,36000,-0.0958876,5,-42.7907,5,26.188,5,-0.683383,5,0.591859,5,0.0623515,5,-0.761919,-7.0452,0.790605,-0.159224,-0.0064761,3.27e-11,1.2182e-12,1.70789e-13,15.7071,381.551,387.053,10.55,0,585.148,14.2142,14.4191,4.7,0,0.0820367,1.9928,2.02154,4.15,0,292.897,292.007,99941.7,1.18596,1013.3,0.0242916,0.0383525,0.0105444,1420.97,2171.21,0.00889098,65.4461,750.236,285.359,-1.8655,2.06176,0.0387844,2.78073,-8.3571e-14,2.08186e-15,2.78073,5.87014,316.953,132.139,0.799164,-9999,0.284345,0.460649,46.8822,0.0992787,-1.63398,-0.125227,0,54.5873,-8.28383,18.7381,46.6604,71.16,99.803,149.523,-0.0947148,1.01238,-40.4315,1.02822,22.1938,1.17997,-0.599458,1.14,0.501588,1.17997,0.0542684,1.14895,800000009,800000009,800000009,800000009,800000009,800000009,800000019,800000019,80000,80000,80,81,0,0,0,0,0,0,0,0.468275,0.368801,0.0842236,0.105157,5.14682,0.393976,0.00115752,-0.0336444,-0.0145618,0.0121844,0.00131827
B20152012300.slt,2015-07-20,23:30,201.979,0,36000,36000,-0.0842345,5,-38.8366,5,11.699,5,1.65724,5,0.264299,5,0.0514933,5,-1.36647,-3.45395,0.468106,-0.0780304,-0.00514386,2.22789e-11,7.82834e-13,1.12614e-13,15.8951,385.551,390.846,4.05,0,558.521,13.5475,13.7335,4.3,0,0.0803453,1.94885,1.97562,4.15,0,292.252,291.607,99951.3,1.188,1012.92,0.024256,0.0171266,0.0100646,1354.45,2117.54,0.00847181,63.9634,763.091,284.632,-1.59917,2.05597,0.0295697,2.60484,-9.81532e-14,1.40162e-15,2.60484,5.00056,321.914,127.876,0.650426,-9999,0.266278,0.315392,42.4193,0.109724,-3.31965,-0.121203,0,55.1227,-8.36508,18.9218,47.118,71.858,100.782,150.99,-0.0832162,1.01224,-37.3315,1.02776,10.044,1.16477,1.4657,1.13068,0.22691,1.16477,0.0451897,1.13949,800000009,800000009,800000009,800000009,800000009,800000009,800000019,800000019,80000,80000,80,80,0,0,0,0,0,0,0,0.345102,0.21359,0.0720906,0.148502,2.12769,0.0559148,0.000230788,-0.0310231,0.035552,0.00550393,0.00109612
B20152012330.slt,2015-07-21,00:00,202.0,0,36000,36000,-0.136313,1,-49.311,1,14.8015,2,2.98061,1,0.33418,2,0.0441939,1,-2.23674,-1.56735,0.131254,-0.0353867,-0.00210374,4.30347e-11,1.4742e-12,2.14903e-13,15.9769,386.67,391.86,4.0,0,547.307,13.2458,13.4236,4.4,0,0.0797841,1.93092,1.95684,4.2,0,291.747,290.953,99950.7,1.1908,1012.73,0.0242018,0.0216549,0.00986246,1324.28,2032.39,0.00828221,65.1589,708.108,284.292,-2.09065,2.18701,0.0552369,3.02603,4.29815e-14,2.69356e-15,3.02603,6.00187,316.178,133.71,1.04593,-9999,0.338336,0.514453,68.5276,0.06792,-3.33148,-0.120854,0,53.1906,-8.07187,18.2586,45.4665,69.3393,97.2493,145.697,-0.134713,1.01187,-47.4143,1.02746,12.7116,1.16441,2.64052,1.1288,0.286994,1.16441,0.0388689,1.137,800000009,800000009,800000009,800000009,800000009,800000009,800000019,800000019,80000,80000,80,80,0,0,0,0,0,0,0,0.605343,0.296271,0.127291,0.0674186,1.86533,0.120778,0.000213747,-0.0393167,0.0639054,0.00694578,0.000940698
B20152020000.slt,2015-07-21,00:30,202.021,0,36000,36000,-0.203599,1,-54.1132,1,19.5758,1,2.64364,1,0.441966,1,0.0428751,1,-0.022823,-2.01999,-0.0231532,-0.0456057,-0.00256172,-5.00553e-11,-1.66522e-12,-2.47261e-13,15.9692,386.472,391.506,4.15,0,531.256,12.857,13.0245,4.45,0,0.0788839,1.90908,1.93395,4.25,0,291.71,290.947,99951.0,1.19101,1012.51,0.0242012,0.0286394,0.00957324,1285.42,2031.54,0.00803793,63.2731,746.12,283.844,-2.67573,2.71767,0.0561253,3.81423,-5.2016e-14,-3.13449e-15,3.81423,7.04228,315.376,134.554,0.84312,-9999,0.413458,0.744818,113.953,0.0408449,-2.7643,-0.108532,0,54.2865,-8.23819,18.6348,46.4033,70.768,99.2531,148.699,-0.200996,1.01295,-51.6845,1.03041,17.0262,1.14974,2.36315,1.11869,0.384405,1.14974,0.0380354,1.12724,800000009,800000009,800000009,800000009,800000009,800000009,800000019,800000019,80000,80000,80,80,0,0,0,0,0,0,0,0.875821,0.433364,0.180451,0.0548286,1.79188,0.0475563,0.000143981,-0.0428593,0.0571909,0.00930304,0.000920501
B20152020030.slt,2015-07-21,01:00,202.042,0,36000,36000,-0.255964,1,-56.4817,1,24.8287,1,2.55969,1,0.560452,1,0.0470264,1,-0.707967,-0.748645,0.0200732,-0.016899,-0.000712181,-1.69869e-10,-5.5854e-12,-8.36077e-13,15.9869,386.643,391.622,4.1,1,525.66,12.7131,12.8768,4.3,0,0.0786859,1.90301,1.92752,4.0,0,291.447,290.74,99947.0,1.19187,1012.43,0.0241849,0.0363173,0.00947239,1270.97,2005.24,0.00794749,63.3825,734.27,283.675,-2.89083,3.2259,0.0666833,4.33218,-2.08488e-14,-1.06255e-14,4.33218,8.27382,317.938,131.865,0.881964,-9999,0.46342,0.996465,153.72,0.0302784,-2.27485,-0.101004,0,52.6332,-7.98729,18.0673,44.9901,68.6127,96.2303,144.171,-0.252468,1.01385,-53.576,1.03275,21.757,1.14118,2.30878,1.10868,0.491116,1.14118,0.0420803,1.11754,800000009,800000009,800000009,800000009,800000009,800000009,800000019,800000019,80000,80000,80,80,0,0,0,0,0,0,0,1.12019,0.628029,0.244704,0.0523842,1.77966,0.0597563,0.000105884,-0.0443993,0.0558377,0.0118776,0.00101771
B20152020100.slt,2015-07-21,01:30,202.062,0,36000,36000,-0.360529,1,-62.1126,1,23.6747,1,2.41014,1,0.534372,1,0.0454535,1,-0.205546,-1.77483,-0.0562836,-0.0400605,-0.00066238,-7.38712e-11,-2.36667e-12,-3.62958e-13,15.9686,386.164,391.001,4.3,0,511.598,12.3718,12.5268,4.55,0,0.0784599,1.89737,1.92114,4.15,0,291.427,290.68,99935.7,1.19214,1012.24,0.0241827,0.0346273,0.00921899,1236.72,1997.66,0.00773316,61.9081,760.948,283.266,-3.27351,4.02555,0.0764178,5.1891,-1.66804e-13,-4.62603e-15,5.1891,10.6235,320.829,129.117,0.843803,-9999,0.549929,1.42471,233.557,0.0199283,-2.62358,-0.0935972,0,54.3895,-8.25381,18.6701,46.4913,70.9022,99.4413,148.981,-0.35498,1.01563,-58.834,1.03721,20.9563,1.12972,2.19374,1.09865,0.473013,1.12972,0.0410123,1.10829,800000009,800000009,800000009,800000009,800000009,800000009,800000019,800000019,80000,80000,80,80,0,0,0,0,0,0,0,1.62061,0.911943,0.316888,0.0456066,1.72602,0.0502428,0.000102651,-0.0487551,0.0530504,0.0114387,0.000991788
B20152020130.slt,2015-07-21,02:00,202.083,1,36000,36000,-0.378811,1,-58.4314,1,24.7259,2,2.04081,1,0.558055,2,0.0570047,1,-0.274137,-0.867312,-0.0038884,-0.019575,0.000504737,6.28298e-11,1.98597e-12,3.09432e-13,15.9722,386.131,390.902,4.45,0,504.86,12.2051,12.3559,4.2,0,0.0786619,1.90167,1.92517,4.05,0,291.275,290.6,99939.0,1.19258,1012.14,0.0241752,0.036162,0.00909758,1220.09,1987.6,0.00762848,61.3853,767.506,283.064,-2.7626,4.25176,0.0763525,5.07102,4.71145e-14,3.9337e-15,5.07102,10.1029,326.986,123.014,0.862714,-9999,0.563595,1.3539,267.241,0.0174165,-2.36317,-0.0858915,0,56.5552,-8.58247,19.4136,48.3425,73.7254,103.401,154.913,-0.373186,1.01507,-55.2573,1.03598,22.2338,1.11208,1.88259,1.08404,0.50181,1.11208,0.0521479,1.09313,800000009,800000009,800000009,800000009,800000009,800000009,800000019,800000019,80000,80000,80,80,0,0,0,0,0,0,0,1.48796,0.917802,0.302045,0.0434768,1.71086,0.0515662,0.000119837,-0.0457784,0.045512,0.0121314,0.00126069
B20152020200.slt,2015-07-21,02:30,202.104,1,36000,36000,-0.27932,1,-48.2859,1,21.3756,1,1.85816,1,0.482299,1,0.0654942,1,-1.05223,0.105967,0.0575418,0.00239094,0.000741485,7.56364e-13,2.39172e-14,3.73266e-15,16.0134,386.62,391.405,3.95,0,506.364,12.2254,12.3768,4.7,0,0.0790262,1.90798,1.93159,4.15,0,290.965,290.293,99964.3,1.19413,1012.15,0.0241436,0.031253,0.00912468,1222.44,1949.43,0.00764125,62.7074,726.993,283.092,-2.15714,4.3586,0.0511472,4.86346,2.15306e-13,4.72332e-17,4.86346,9.72464,334.103,116.332,0.602569,-9999,0.483642,1.33452,204.398,0.0227713,-2.25893,-0.0826037,0,52.9816,-8.04017,18.1869,45.2879,69.0669,96.8673,145.125,-0.275222,1.01489,-45.6269,1.03539,19.4301,1.10013,1.73819,1.06902,0.438402,1.10013,0.0607536,1.07803,800000009,800010009,800000009,800000009,800000009,800000009,800000019,800000019,80000,80000,80,80,0,0,0,0,0,0,0,1.50651,0.900624,0.261897,0.049037,1.74737,0.0523005,0.00014113,-0.0377506,0.0419661,0.0105846,0.00146681
B20152020230.slt,2015-07-21,03:00,202.125,1,36000,36000,-0.217696,1,-43.4555,1,15.0725,1,1.45071,1,0.339963,1,0.0585113,1,-1.25973,0.0830633,0.0509172,0.0018735,2.72246e-05,1.2411e-11,3.92524e-13,6.11874e-14,16.0521,387.053,391.849,4.35,0,507.683,12.2414,12.3931,4.2,0,0.0791386,1.90821,1.93186,4.2,0,290.632,289.927,99968.0,1.19568,1012.15,0.0241122,0.0220296,0.00914844,1224.07,1904.64,0.00765124,64.268,680.564,283.112,-1.8183,4.0737,0.0332919,4.4612,1.16256e-13,7.73167e-16,4.4612,8.65621,335.877,114.054,0.427576,-9999,0.426695,0.994511,155.971,0.0298415,-2.88309,-0.0841524,0,52.1763,-7.91795,17.9104,44.5995,68.0171,95.3949,142.919,-0.214644,1.01422,-41.3689,1.03362,13.6866,1.10126,1.36039,1.06639,0.308703,1.10126,0.0544217,1.07515,800000009,800010009,800000009,800000009,800000009,800000009,800000019,800000019,80000,80000,80,80,0,0,0,0,0,0,0,1.06771,0.709367,0.211951,0.0485268,1.69359,0.0487805,0.000151647,-0.0341833,0.0328019,0.00744351,0.00131223
B20152020300.slt,2015-07-21,03:30,202.146,1,36000,36000,-0.246907,1,-43.1185,1,13.8485,2,1.44624,1,0.312265,2,0.042271,1,-1.02009,-0.668079,0.00368423,-0.0150643,-0.000214688,-1.86654e-10,-5.84118e-12,-9.19266e-13,16.0673,387.084,391.83,3.8,0,502.813,12.1135,12.2621,4.15,0,0.0791311,1.90639,1.92976,3.95,0,290.368,289.63,99951.7,1.19677,1012.07,0.0240915,0.0202348,0.0090607,1211.09,1869.06,0.00757097,64.7969,657.966,282.953,-2.55923,3.67918,0.0530667,4.48206,-3.80961e-14,-1.1617e-14,4.48206,8.90864,325.232,124.822,0.678386,-9999,0.454215,1.04308,189.58,0.0245512,-3.11357,-0.0783758,0,53.5446,-8.1256,18.3801,45.7691,69.8008,97.8966,146.667,-0.243521,1.0139,-41.1502,1.03302,12.2943,1.12642,1.32643,1.09032,0.277219,1.12642,0.0384654,1.09894,800000009,800010009,800000009,800000009,800000009,800000009,800000019,800000019,80000,80000,80,80,0,0,0,0,0,0,0,1.17057,0.690406,0.225192,0.0397923,1.74082,0.0611622,0.000132565,-0.0339743,0.0319557,0.00667861,0.000926689
B20152020330.slt,2015-07-21,04:00,202.167,1,36000,36000,-0.348251,1,-46.3088,1,21.2946,1,1.58954,1,0.480073,1,0.0377821,1,-0.676661,-1.37218,-0.0110443,-0.0309348,-0.000785179,-4.99282e-11,-1.529e-12,-2.45096e-13,16.0742,386.99,391.632,4.0,0,492.255,11.8512,11.9933,5.0,0,0.0789077,1.89973,1.92251,4.05,0,290.154,289.433,99951.0,1.19769,1011.92,0.0240753,0.0311087,0.00887043,1184.85,1845.79,0.00740626,64.1922,660.939,282.627,-3.1329,4.11085,0.0800871,5.1692,3.77703e-14,-3.10611e-15,5.1692,10.0722,322.703,127.311,0.887726,-9999,0.539229,1.32876,295.327,0.0157602,-2.17468,-0.0708597,0,54.2129,-8.22702,18.6095,46.3404,70.672,99.1185,148.498,-0.343031,1.01522,-43.7012,1.03638,18.8578,1.12922,1.4545,1.09284,0.425137,1.12922,0.0342838,1.10204,800000009,800010009,800000009,800000009,800000009,800000009,800000019,800000019,80000,80000,80,80,0,0,3,0,0,0,0,1.5146,0.835648,0.307287,0.0389747,1.75022,0.0483872,0.000111144,-0.036058,0.0350175,0.0102353,0.000825392
B20152020400.slt,2015-07-21,04:30,202.187,1,36000,36000,-0.398771,1,-52.2076,1,22.845,1,1.63166,1,0.514923,1,0.0423481,1,-0.71161,-0.0182833,0.00227246,-0.000412104,-0.000115703,1.56019e-10,4.77627e-12,7.6546e-13,16.0873,387.01,391.65,4.05,0,492.488,11.8477,11.9897,4.1,0,0.0789276,1.89875,1.92151,3.9,0,289.961,289.227,99956.3,1.19861,1011.91,0.0240568,0.033367,0.00887463,1184.57,1821.62,0.00740407,65.0283,637.052,282.623,-3.49187,3.96651,0.0697981,5.285,5.33684e-14,9.69825e-15,5.285,10.5914,318.683,131.359,0.756717,-9999,0.576796,1.51184,320.623,0.0145167,-2.2853,-0.0746259,0,55.1262,-8.36561,18.923,47.121,71.8625,100.788,150.999,-0.392705,1.01545,-49.3158,1.03696,20.0237,1.1409,1.48232,1.10075,0.451331,1.1409,0.0381476,1.11011,800000009,800010009,800000009,800000009,800000009,800000009,800000019,800000019,80000,80000,80,80,0,0,0,0,0,0,0,1.78188,0.904654,0.337138,0.031605,1.68971,0.0478909,9.76968e-05,-0.0406596,0.0356599,0.0108576,0.000917709
B20152020430.slt,2015-07-21,05:00,202.208,1,36000,36000,-0.395617,1,-49.9724,1,23.3121,1,1.82642,1,0.525382,1,0.0476868,1,-0.470775,-0.117215,-0.0172331,-0.00264167,2.54726e-06,-3.57911e-11,-1.09403e-12,-1.75667e-13,16.088,386.864,391.493,3.75,0,491.764,11.8253,11.9668,4.3,0,0.0789616,1.89877,1.92149,3.9,0,289.841,289.09,99951.0,1.19913,1011.89,0.0240467,0.0340447,0.00886158,1182.27,1805.79,0.00739002,65.471,623.52,282.594,-3.49142,4.0589,0.0759097,5.35448,-2.71891e-14,-2.22471e-15,5.35448,10.285,319.205,130.702,0.812302,-9999,0.574386,1.46608,330.768,0.0140715,-2.14363,-0.0717011,0,55.4308,-8.41184,19.0276,47.3814,72.2596,101.345,151.834,-0.389537,1.01561,-47.1103,1.03735,20.417,1.1418,1.66109,1.09953,0.460135,1.1418,0.0430011,1.10897,800000009,800010009,800000009,800000009,800000009,800000009,800000019,800000019,80000,80000,80,80,0,0,0,0,0,0,0,1.65297,0.949488,0.329701,0.0262874,1.72003,0.0471485,0.000102166,-0.0388252,0.0399437,0.0110647,0.00103404
B20152020500.slt,2015-07-21,05:30,202.229,1,36000,36000,-0.416431,1,-51.4376,1,25.9681,1,1.59322,1,0.585227,1,0.0434749,1,-0.080374,-0.0107904,-0.0307883,-0.000243177,-2.98167e-05,5.23864e-10,1.60211e-11,2.57258e-12,16.0767,386.603,391.228,4.15,0,491.665,11.8232,11.9647,4.65,0,0.078949,1.89851,1.92123,4.0,0,289.802,289.067,99940.3,1.1991,1011.89,0.0240474,0.0379227,0.00885981,1181.94,1803.1,0.00738873,65.5503,621.162,282.59,-3.59906,3.79417,0.121674,5.23104,2.62944e-14,3.25853e-14,5.23104,10.5106,316.207,133.488,1.33282,-9999,0.58931,1.43564,347.023,0.0134124,-1.9808,-0.0719363,0,55.0977,-8.36129,18.9133,47.0967,71.8254,100.736,150.921,-0.410198,1.01519,-48.4378,1.03641,22.647,1.14664,1.44173,1.10507,0.510382,1.14664,0.0390161,1.11428,800000009,800010009,800000009,800000009,800000009,800000009,800000019,800000019,80000,80000,80,80,0,0,0,0,0,0,0,1.56268,0.95614,0.352468,0.0247574,1.69458,0.0470495,9.48544e-05,-0.0399203,0.0346698,0.0122733,0.000938234
B20152020530.slt,2015-07-21,06:00,202.25,1,36000,36000,-0.392583,1,-44.6139,1,23.0969,1,1.0112,1,0.520473,1,0.0510559,1,-0.333075,-0.0761852,-0.0348854,-0.00171678,0.000162623,5.65044e-11,1.72723e-12,2.77893e-13,16.0692,386.307,390.924,4.4,0,491.205,11.8087,11.9498,4.2,0,0.0790296,1.89989,1.9226,4.0,0,289.709,288.97,99936.3,1.19946,1011.88,0.0240403,0.0337266,0.00885152,1180.44,1791.99,0.00737961,65.873,611.551,282.571,-3.3167,4.08005,0.0761186,5.25862,-6.89512e-15,3.51632e-15,5.25862,10.904,320.821,129.108,0.829386,-9999,0.572102,1.4812,366.052,0.0127151,-1.9316,-0.0642514,0,54.9366,-8.33684,18.858,46.959,71.6154,100.442,150.48,-0.3867,1.01521,-41.9698,1.03647,20.2949,1.13806,0.923011,1.09554,0.457332,1.13806,0.0462186,1.10466,800000009,800010009,800000009,800000009,800000009,800000009,800000019,800000019,80000,80000,80,80,0,0,0,0,0,0,0,1.76467,0.8631,0.334618,0.0232386,1.7041,0.0487284,0.000115649,-0.0345796,0.0221894,0.0109944,0.00111111
B20152020600.slt,2015-07-21,06:30,202.271,1,36000,36000,-0.533325,1,-46.2535,1,22.2712,2,0.655138,4,0.501908,2,0.0512431,1,0.287056,0.830481,-0.107445,0.0187158,0.000634121,2.15965e-11,6.7061e-13,1.06765e-13,16.0265,385.397,390.065,12.1,0,497.651,11.9672,12.1122,4.5,1,0.0792293,1.90526,1.92834,4.0,0,289.797,289.053,99935.3,1.19903,1011.98,0.0240474,0.0325236,0.00896768,1196.27,1801.56,0.00747913,66.4019,605.29,282.77,-3.73431,5.03089,0.0727272,6.2658,7.91062e-14,1.34755e-15,6.2658,12.1293,323.178,126.586,0.665048,-9999,0.666931,2.16504,559.377,0.00832068,-2.07683,-0.0571562,0,56.8575,-8.62835,19.5173,48.6009,74.1195,103.954,155.742,-0.524066,1.01767,-43.3501,1.04243,19.5276,1.1405,0.601304,1.08953,0.440075,1.1405,0.0465898,1.09988,800000009,800010009,800000009,800000009,800000009,800000009,800000019,800000019,80000,80000,80,80,0,0,0,0,0,0,0,2.55994,1.35387,0.416296,0.0208462,1.68571,0.0494796,0.000113218,-0.0357265,0.0144598,0.0105827,0.00112036
B20152020630.slt,2015-07-21,07:00,202.292,1,36000,36000,-0.487138,1,-38.141,1,27.7827,1,-1.14675,1,0.626148,1,0.0506271,1,0.195166,0.706531,-0.0793464,0.0159233,3.20068e-05,-4.92679e-11,-1.5498e-12,-2.44023e-13,15.9956,384.725,389.438,4.4,0,503.168,12.1022,12.2504,3.9,0,0.0792259,1.90553,1.92888,4.1,1,289.833,289.11,99936.3,1.19874,1012.05,0.0240519,0.0405744,0.00906708,1209.77,1808.1,0.00756383,66.9084,598.329,282.937,-3.48345,5.12705,0.0747494,6.19892,1.40121e-13,-3.08009e-15,6.19892,12.7479,325.82,124.193,0.690915,-9999,0.637475,2.24475,592.4,0.00785685,-1.37283,-0.0493174,0,54.9033,-8.33179,18.8465,46.9305,71.572,100.381,150.389,-0.478798,1.01742,-35.2587,1.04187,24.4502,1.1363,-1.05818,1.0837,0.551042,1.1363,0.0462845,1.09382,800000009,800010009,800000009,800000009,800000009,800000009,800000019,800000019,80000,80000,80,80,0,0,0,0,0,0,0,2.62288,1.45142,0.415188,0.0179603,1.71432,0.0545479,0.00011558,-0.0290628,-0.0254512,0.0132536,0.00111323
B20152020700.slt,2015-07-21,07:30,202.312,1,36000,36000,-0.391271,1,-30.4035,1,34.9171,1,-1.8921,1,0.786989,1,0.0687978,1,0.22959,0.830634,-0.0849428,0.0187215,-0.000139314,4.04022e-11,1.28999e-12,2.00362e-13,15.964,384.005,388.772,4.45,0,509.71,12.2608,12.413,4.15,0,0.0791686,1.90435,1.92799,4.0,0,289.887,289.177,99949.0,1.19855,1012.14,0.0240544,0.0509969,0.00918498,1225.78,1815.81,0.00766344,67.5059,590.033,283.133,-2.45233,5.07001,0.0357983,5.63207,1.89353e-13,2.53083e-15,5.63207,12.7023,334.294,115.813,0.364183,-9999,0.571362,1.68407,535.158,0.00869725,-0.870734,-0.0438647,0,54.7228,-8.30439,18.7846,46.7762,71.3367,100.051,149.894,-0.385153,1.01588,-27.4888,1.03822,31.3106,1.11518,-1.77697,1.06479,0.705704,1.11518,0.0640642,1.07389,800000009,800010009,800000009,800000009,800000009,800000009,800000019,800010019,80000,80000,80,80,0,0,0,1,0,0,0,1.82126,1.21007,0.336801,0.0131671,1.81611,0.0571631,0.000122786,-0.02266,-0.0427441,0.0169753,0.00154103
B20152020730.slt,2015-07-21,08:00,202.333,1,36000,36000,-0.443324,1,-29.8183,1,37.202,1,-2.27019,2,0.838584,1,0.0652673,1,0.413113,0.23579,-0.114267,0.00531503,-0.000170568,8.6713e-11,2.78584e-12,4.30787e-13,15.9178,383.037,387.809,3.8,0,511.393,12.3058,12.4592,4.35,0,0.0790791,1.90291,1.92662,4.0,0,289.965,289.297,99953.3,1.19808,1012.17,0.0240634,0.0543402,0.0092153,1230.34,1829.78,0.00769173,67.2398,599.438,283.188,-2.5159,5.30728,0.0330611,5.87351,-6.50361e-14,5.44755e-15,5.87351,11.5783,334.901,115.363,0.322511,-9999,0.6083,1.87169,658.503,0.00706815,-0.801524,-0.0404228,0,56.1605,-8.52257,19.2781,48.0051,73.2109,102.679,153.832,-0.436167,1.01641,-26.7578,1.03952,33.4174,1.11325,-2.13547,1.06309,0.753275,1.11325,0.0608605,1.07241,800000009,800010009,800000009,800000009,800000009,800000009,800000019,800010019,80000,80000,80,80,0,0,0,0,0,0,0,2.3202,1.06558,0.357606,0.0116847,1.79756,0.0569242,0.000120791,-0.0220654,-0.0513865,0.0181263,0.00146451
B20152020800.slt,2015-07-21,08:30,202.354,1,36000,36000,-0.490868,1,-15.2183,2,36.1307,1,-3.03265,1,0.814625,1,0.0501321,1,0.825653,-0.22331,-0.169222,-0.00503488,-0.000575717,2.03961e-10,6.55451e-12,1.01447e-12,15.8472,381.601,386.339,4.0,0,509.266,12.2631,12.4154,4.3,0,0.0788216,1.89802,1.92159,4.05,0,290.231,289.537,99967.0,1.19727,1012.15,0.02408,0.0527877,0.00917697,1226.24,1857.98,0.00766491,65.9982,631.748,283.139,-3.44431,5.27878,0.0255247,6.30313,9.41046e-14,1.28705e-14,6.30313,12.5477,327.03,123.124,0.232022,-9999,0.640304,2.18006,1504.95,0.00309273,-0.421202,-0.0196129,0,55.2329,-8.3818,18.9597,47.2122,72.0016,100.983,151.291,-0.482568,1.0172,-12.7063,1.04157,32.1069,1.12533,-2.80988,1.07928,0.723901,1.12533,0.0460339,1.08903,800000009,800010009,800000009,800000009,800000009,800000009,800000019,800010019,80000,80000,80,80,0,0,0,0,0,0,0,2.53125,1.41612,0.412751,0.0565217,2.3357,0.060177,0.000114481,-0.0104854,-0.0676621,0.0174316,0.0011085
B20152020830.slt,2015-07-21,09:00,202.375,1,36000,36000,-0.395126,1,-3.95748,2,42.1992,1,-3.93215,1,0.951908,1,0.0476807,1,1.71726,1.26791,-0.215965,0.0286008,0.00016199,3.32265e-12,1.09419e-13,1.66182e-14,15.7441,379.766,384.576,4.0,0,518.471,12.5061,12.6645,4.2,0,0.078744,1.8994,1.92346,3.9,0,290.546,290.037,99968.7,1.19512,1012.29,0.0241212,0.0616837,0.00934284,1250.56,1917.98,0.00781752,65.2019,667.421,283.432,-2.97417,4.83525,0.0669572,5.67713,1.65775e-13,2.11041e-16,5.67713,11.6452,328.579,121.596,0.675774,-9999,0.574993,1.74729,4191.08,0.00111055,-0.0937809,-0.00568904,0,55.316,-8.39441,18.9882,47.2833,72.11,101.135,151.519,-0.389182,1.01527,-1.50805,1.03709,37.9499,1.11197,-3.65864,1.07476,0.856053,1.11197,0.0440147,1.08329,800000009,800010009,800000009,800000009,800000009,800000009,800010019,800010019,80000,80000,80,80,0,0,0,15,0,0,0,2.01115,1.1512,0.332224,0.00572315,2.02137,0.0700306,0.000110936,-0.00124652,-0.0882509,0.020649,0.00106169
B20152020900.slt,2015-07-21,09:30,202.396,1,36000,36000,-0.305796,1,-9.98458,2,36.5039,1,-3.34241,1,0.823561,1,0.0561478,1,0.537743,1.10208,-0.156944,0.0248638,-4.05123e-05,-1.43146e-10,-4.81054e-12,-7.18337e-13,15.6785,378.432,383.307,4.15,0,526.889,12.7175,12.8814,4.1,0,0.0786781,1.89906,1.92352,4.2,0,290.786,290.193,99957.0,1.19424,1012.42,0.0241371,0.0533667,0.00949453,1271.55,1937.12,0.0079503,65.6411,665.574,283.682,-2.37915,4.99703,0.0367242,5.53463,1.23971e-14,-9.13008e-15,5.53463,10.9835,334.583,115.46,0.38018,-9999,0.506023,1.52234,1132.2,0.00411095,-0.273521,-0.0163195,0,52.8133,-8.01462,18.1291,45.144,68.8474,96.5595,144.664,-0.301231,1.01516,-7.63877,1.03669,33.1491,1.1012,-3.14562,1.06256,0.747871,1.1012,0.0524235,1.07104,800000009,800010009,800000009,800000009,800000009,800000009,800000019,800010019,80000,80000,80,80,0,0,0,0,0,0,0,1.79984,0.955927,0.288913,0.0135106,2.35438,0.0835227,0.000126666,-0.00631791,-0.0759261,0.0180514,0.00126535
B20152020930.slt,2015-07-21,10:00,202.417,1,36000,35778,-0.241331,1,-9.84955,2,37.1572,2,-3.83974,1,0.838545,2,0.0653276,1,1.05149,1.48055,-0.174896,0.0334124,6.95218e-05,1.66622e-10,5.74729e-12,8.39708e-13,15.5994,376.943,381.909,4.25,0,538.07,13.0019,13.1732,4.3,0,0.0786148,1.89965,1.92467,4.05,0,291.09,290.5,99951.0,1.19277,1012.58,0.024164,0.0543377,0.00969603,1299.91,1975.08,0.00812897,65.8153,675.176,284.013,-1.64099,4.50238,0.0296554,4.79219,-1.03415e-13,1.06813e-14,4.79219,9.29026,339.972,110.025,0.354564,-9999,0.449808,1.10825,806.131,0.00577375,-0.265078,-0.0181302,0,51.7045,-7.84636,17.7485,44.1962,67.402,94.5323,141.627,-0.238173,1.01326,-7.47913,1.03212,34.2686,1.08429,-3.65632,1.05016,0.773357,1.08429,0.0617741,1.05752,800000009,800010009,800000009,800000009,800000009,800000009,800010019,800010019,80000,80000,80,80,0,0,0,0,0,0,0,1.23697,0.738348,0.241172,0.0121288,2.02892,0.0727624,0.000151758,-0.00619244,-0.0883512,0.0186874,0.00149271
B20152021000.slt,2015-07-21,10:30,202.437,1,36000,36000,-0.203171,1,-9.15794,1,43.8099,1,-4.60863,1,0.98901,1,0.0729182,1,1.17591,0.79428,-0.139426,0.0179309,-0.000164734,7.81349e-11,2.7354e-12,3.94722e-13,15.5326,375.755,380.764,4.05,0,543.776,13.1547,13.3301,4.1,0,0.0784676,1.89824,1.92355,4.05,0,291.399,290.843,99955.7,1.19135,1012.68,0.0241914,0.0640878,0.00979885,1315.24,2018.35,0.00822498,65.1642,703.109,284.189,-1.03314,4.01325,0.0181244,4.14414,8.64742e-14,5.03038e-15,4.14414,8.61762,345.608,104.436,0.250584,-9999,0.412963,0.908609,670.981,0.00693671,-0.209038,-0.0183812,0,55.4237,-8.41075,19.0251,47.3753,72.2503,101.332,151.814,-0.200848,1.01157,-6.41427,1.02807,41.1701,1.06412,-4.44558,1.03668,0.929414,1.06412,0.0699124,1.04299,800000009,800010009,800000009,800000009,800000009,800000009,800010019,800010019,80000,80000,80,80,0,0,0,0,0,0,0,1.14726,0.4988,0.171161,0.0123643,2.18851,0.0761926,0.00016906,-0.00531663,-0.107545,0.0224839,0.00169128
B20152021030.slt,2015-07-21,11:00,202.458,1,36000,36000,-0.154005,1,-12.9664,4,38.2167,1,-3.86266,1,0.863055,1,0.0625985,1,1.28824,0.260945,-0.0651682,0.00589298,0.000173841,-2.57122e-10,-9.04931e-12,-1.30187e-12,15.4872,375.199,380.22,4.15,0,545.067,13.205,13.3817,4.2,0,0.0784156,1.89973,1.92515,4.25,0,291.772,291.22,99940.7,1.18961,1012.71,0.0242264,0.0559259,0.00982212,1320.07,2066.78,0.00825658,63.8711,746.704,284.244,-0.530349,3.7798,0.0293925,3.81694,-7.28249e-14,-1.66022e-14,3.81694,7.51292,352.239,97.9871,0.441213,-9999,0.359803,0.795382,313.406,0.014851,-0.339287,-0.0299134,0,50.8599,-7.71819,17.4586,43.4743,66.301,92.9881,139.313,-0.152302,1.01118,-10.4279,1.02694,36.5636,1.04521,-3.78123,1.02153,0.825723,1.04521,0.060911,1.0277,800000009,800010009,800000009,800000009,800000009,800000009,800010019,800010019,80000,80000,80,80,0,0,0,0,0,0,0,0.937365,0.492269,0.16113,0.015936,2.21787,0.0808458,0.000188936,-0.00865575,-0.0916057,0.0200043,0.00147566
B20152021100.slt,2015-07-21,11:30,202.479,1,36000,36000,-0.191459,1,-11.2298,1,48.1969,1,-4.96744,1,1.0888,1,0.0691676,1,1.16139,-0.851409,0.0409031,-0.0192339,-0.000104283,-1.9386e-10,-6.73167e-12,-9.80189e-13,15.4827,375.549,380.511,4.3,0,537.626,13.0407,13.213,4.25,0,0.078283,1.89884,1.92393,4.1,1,292.017,291.56,99935.0,1.18823,1012.63,0.0242561,0.0705542,0.00968802,1303.57,2111.36,0.00815332,61.7408,807.788,284.055,-0.0856281,3.875,0.0300739,3.87606,2.90978e-14,-1.25211e-14,3.87606,8.56258,358.989,91.2659,0.444555,-9999,0.401409,0.904437,502.455,0.00926331,-0.232999,-0.0232505,0,54.5252,-8.27441,18.7167,46.6073,71.0791,99.6894,149.353,-0.189378,1.01099,-8.08101,1.02662,47.0939,1.02342,-4.94337,1.00487,1.06388,1.02342,0.0684348,1.01071,800000009,800010009,800000009,800000009,800000009,800010009,800010019,800010019,80000,80000,80,80,0,0,0,70,0,0,0,1.14018,0.500135,0.168559,0.00899721,2.57875,0.0959475,0.00018697,-0.00671607,-0.119907,0.0258055,0.00165996
B20152021130.slt,2015-07-21,12:00,202.5,1,36000,36000,-0.117373,1,-10.0132,1,35.1532,1,-3.68717,1,0.794307,1,0.0630619,1,0.784976,2.3049,-0.214739,0.0520806,0.00101861,-4.42385e-11,-1.59643e-12,-2.25809e-13,15.3925,373.712,378.821,4.1,1,555.469,13.4861,13.6705,4.4,0,0.0785686,1.90755,1.93363,4.2,0,292.275,291.79,99920.3,1.18692,1012.88,0.0242788,0.0514711,0.0100095,1347.9,2141.99,0.00843322,62.9272,794.096,284.559,-0.287342,3.12614,0.02019,3.13938,-4.61366e-14,-2.87403e-15,3.13938,6.05566,354.621,95.2516,0.368483,-9999,0.314467,0.522415,270.924,0.0171797,-0.284845,-0.0264861,0,52.3528,-7.94473,17.971,44.7503,68.2471,95.7175,143.402,-0.116275,1.00945,-7.73218,1.02277,34.0193,1.03333,-3.63148,1.01534,0.768687,1.03333,0.0617983,1.02045,800000009,800010009,800000009,800000009,800000009,800000009,800010019,800010019,80000,80000,80,80,0,0,0,0,0,0,0,0.565712,0.364427,0.114692,0.0153661,2.36978,0.0995693,0.000245279,-0.00643164,-0.0881678,0.0186628,0.00150039
B20152021200.slt,2015-07-21,12:30,202.521,1,36000,36000,-0.162988,1,3.26718,4,48.0103,2,-5.12281,2,1.08545,2,0.052468,1,2.03195,-0.245135,0.0366462,-0.00554216,-0.000374532,-4.30904e-11,-1.54822e-12,-2.19394e-13,15.3718,374.026,379.121,4.1,1,552.303,13.4386,13.6216,4.2,0,0.0782651,1.90434,1.93028,4.05,0,292.82,292.387,99906.0,1.18435,1012.87,0.0243319,0.0703371,0.00995251,1342.96,2223.29,0.00840337,60.4041,880.329,284.504,0.124791,4.2147,0.0259779,4.21662,-2.23372e-13,-2.80321e-15,4.21662,8.8415,1.292,88.3041,0.352992,-9999,0.370971,1.19375,-1363.01,-0.00341479,0.0680517,0.00734178,0,50.5042,-7.66421,17.3365,43.1702,65.8373,92.3378,138.339,-0.16141,1.00978,6.11344,1.02547,47.0787,1.01979,-5.09696,1.00507,1.06438,1.01979,0.0519363,1.01024,800000009,800010009,800000009,800000009,800000009,800000009,800010019,800010019,80000,80000,80,81,0,0,2,0,0,0,0,1.4746,0.738355,0.174562,0.0310056,3.36224,0.132398,0.000181282,0.00509628,-0.124019,0.0258985,0.00126371
B20152021230.slt,2015-07-21,13:00,202.542,1,36000,36000,-0.272863,1,53.4761,1,93.3481,1,-8.49263,1,2.11222,1,0.0650674,1,2.90856,-1.03009,0.0412186,-0.0233083,-0.000989413,-4.85292e-11,-1.71601e-12,-2.45748e-13,15.3401,374.38,379.403,4.0,0,542.432,13.2382,13.4158,4.2,0,0.0776812,1.89583,1.92127,4.0,0,293.473,293.243,99897.3,1.18087,1012.78,0.0244053,0.136872,0.00977462,1322.82,2344.72,0.00827744,56.4168,1021.9,284.276,0.892439,4.93726,0.0641714,5.01768,-3.45383e-14,-3.16355e-15,5.01768,9.84172,10.1333,79.7541,0.73278,-9999,0.480696,1.40866,-181.164,-0.0256917,0.572867,0.0930192,0,51.2848,-7.78267,17.6044,43.8375,66.8549,93.765,140.477,-0.269671,1.01184,57.7133,1.0303,90.0548,1.03657,-8.3016,1.02301,2.0377,1.03657,0.0632175,1.02926,800000009,800000009,800000009,800000009,800000009,800000009,800000019,800000019,80000,80000,80,80,0,0,0,0,0,0,0,1.37408,1.16176,0.281497,0.0666559,2.80385,0.124977,0.00012807,0.0482567,-0.202603,0.0497308,0.00154284
B20152021300.slt,2015-07-21,13:30,202.562,1,36000,36000,-0.188335,1,27.9927,2,49.0787,2,-5.84288,1,1.11031,2,0.0475918,1,-0.656778,2.19971,-0.09782,0.0497643,0.00100013,8.58142e-11,3.13947e-12,4.37508e-13,15.3133,373.54,378.715,3.9,0,560.23,13.6658,13.8552,4.35,0,0.078072,1.90443,1.93081,4.1,1,293.043,293.05,99881.0,1.18127,1013.01,0.0243932,0.0719484,0.0100954,1365.32,2316.82,0.00854619,58.9308,951.499,284.753,2.31546,3.85298,0.00988194,4.49521,6.09636e-13,5.6039e-15,4.49521,12.2114,28.583,58.9961,0.125955,-9999,0.399292,4.14123,-198.348,-0.0234658,0.570363,0.0585855,0,47.0052,-7.13321,16.1353,40.1793,61.276,85.9404,128.754,-0.186381,1.01049,30.204,1.02714,45.6806,1.07439,-5.51439,1.05957,1.03344,1.07439,0.0446715,1.06537,800000009,800010009,800000009,800000009,800000009,800010009,800010019,801010019,80000,80000,80,81,0,0,1,0,0,0,0,1.47868,6.56195,0.241826,0.431168,3.41939,0.504731,0.000308484,0.0252407,-0.134514,0.0252089,0.00108968
B20152021330.slt,2015-07-21,14:00,202.583,1,36000,36000,-0.28195,1,43.5531,1,51.0246,1,-7.38648,1,1.15152,1,0.0554108,1,-8.68529,8.91201,-0.0871493,0.201125,0.00224142,2.14639e-11,8.85429e-13,1.10747e-13,15.4198,372.798,378.62,3.85,0,636.098,15.3786,15.6188,4.45,0,0.0795613,1.92351,1.95356,4.1,1,291.044,290.517,99905.0,1.19108,1013.92,0.0241765,0.0746183,0.0114625,1536.81,1977.16,0.00962361,77.7283,440.349,286.556,5.10721,0.689562,-0.00474333,5.15355,8.67839e-14,1.39197e-15,5.15355,9.64598,82.3331,7.68943,-0.0527351,-9999,0.486536,1.20751,-230.732,-0.0201724,0.853569,0.074124,0,56.8062,-8.62056,19.4997,48.5571,74.0527,103.86,155.601,-0.278554,1.01219,44.9089,1.03112,40.0274,1.27474,-6.54837,1.12799,0.903333,1.27474,0.0488172,1.13507,800000009,800000009,800000009,800000009,800000009,800000009,800000019,800000019,80000,80000,80,80,0,0,0,0,0,0,0,1.36212,0.82965,0.223251,0.130133,3.11381,0.0986739,0.000154846,0.0371868,-0.158317,0.0218395,0.00118023
B20152021400.slt,2015-07-21,14:30,202.604,1,36000,36000,-0.186547,1,22.8104,1,40.8012,1,-4.67794,1,0.920138,1,0.0475109,1,-2.55498,0.347871,0.333306,0.00784509,-0.00185536,-2.10178e-10,-8.64217e-12,-1.06746e-12,15.5768,375.629,381.522,3.85,0,640.493,15.4453,15.6876,4.25,0,0.0791118,1.90775,1.93768,3.95,0,290.455,289.773,99905.0,1.19411,1013.94,0.0241147,0.0596249,0.0115417,1543.47,1886.17,0.00966555,81.831,342.699,286.622,4.09503,0.902446,0.00639889,4.1933,1.18326e-13,-1.3493e-14,4.1933,8.37686,77.3447,12.428,0.0874323,-9999,0.39525,1.08817,-236.19,-0.0197062,0.55906,0.0476657,0,55.0967,-8.36114,18.9129,47.0958,71.8241,100.734,150.918,-0.184751,1.00972,24.2048,1.02533,30.1238,1.35445,-4.15687,1.12535,0.679343,1.35445,0.0420041,1.1311,800000009,800010009,800000009,800000009,800000009,800000009,800000019,800010019,80000,80000,80,81,0,0,0,0,0,0,0,1.42113,0.595799,0.159421,0.0499603,2.54428,0.0879994,0.000187542,0.0199916,-0.100241,0.0163821,0.00101292
B20152021430.slt,2015-07-21,15:00,202.625,1,36000,36000,-0.0941147,5,1.19233,5,38.1945,5,-3.36324,5,0.86075,5,0.0550533,5,-2.50412,2.13678,-0.0164655,0.0481544,0.00258459,-2.07388e-11,-8.75602e-13,-1.06578e-13,15.6101,375.489,381.538,4.1,1,659.066,15.8533,16.1087,4.75,0,0.0802211,1.92965,1.96074,4.0,0,289.968,289.047,99905.0,1.19692,1014.16,0.0240542,0.0557766,0.0118764,1584.25,1800.79,0.00992243,87.975,216.546,287.023,2.64684,1.14213,0.00176861,2.88274,-4.18338e-15,-1.32855e-15,2.88274,5.36009,65.9241,23.3405,0.0351519,-9999,0.280412,0.502778,-1613.61,-0.00288447,0.0312174,0.00350291,0,55.0536,-8.35459,18.8981,47.059,71.7679,100.655,150.8,-0.0935015,1.00656,2.63494,1.01764,23.8064,1.60438,-2.98861,1.12535,0.536499,1.60438,0.0487495,1.12931,800000009,800010009,800000009,800000009,800000009,800000009,800010019,800010019,80000,80000,80,81,0,0,0,0,0,0,0,0.670709,0.254198,0.0806503,0.0114831,2.66088,0.105758,0.000254431,0.0021707,-0.0718886,0.0129051,0.00117263
B20152021500.slt,2015-07-21,15:30,202.646,1,36000,36000,-0.0433797,1,-2.35394,4,40.9133,1,-2.52078,1,0.921885,1,0.0510905,1,-0.528703,1.63663,-0.101557,0.0368775,-0.000427217,1.30506e-10,5.63143e-12,6.70953e-13,15.5828,374.629,380.785,4.0,0,672.41,16.1656,16.4312,4.55,0,0.0801138,1.92604,1.95768,4.0,0,289.917,288.893,99905.7,1.19742,1014.33,0.0240413,0.0597382,0.0121168,1615.47,1783.22,0.0101191,90.5928,167.751,287.324,1.34158,1.83386,-0.0125303,2.27223,2.00444e-13,8.375e-15,2.27223,4.07687,36.0458,53.8123,-0.315961,-9999,0.190336,0.336164,255.619,0.0182083,-0.057535,-0.0101824,0,-9999.0,-9999.0,-9999.0,-9999.0,-9999.0,-9999.0,-9999.0,-0.0430785,1.00699,-0.991166,1.017,21.8165,1.87534,-2.32326,1.08502,0.491583,1.87534,0.0469256,1.08876,800000009,800010009,800000009,800000009,800000009,800000009,800010019,800010019,80000,80000,80,81,0,0,0,0,0,0,0,0.239245,0.383437,0.0496452,0.00303706,2.18948,0.0912185,0.000324364,-0.000816055,-0.0558542,0.0118183,0.00112815
B20152021530.slt,2015-07-21,16:00,202.667,1,36000,36000,-0.0834112,1,-15.1675,4,67.1567,4,-3.46573,4,1.5135,4,0.077944,2,0.666154,-1.04032,0.0853267,-0.0234456,-0.000646102,2.02296e-10,8.60536e-12,1.03509e-12,15.6023,375.353,381.443,4.25,0,663.697,15.9669,16.226,5.8,0,0.079832,1.92056,1.95172,4.15,0,290.146,289.087,99905.0,1.1967,1014.22,0.0240575,0.0980749,0.0119598,1595.6,1805.4,0.00999397,88.3792,209.802,287.133,0.585393,2.52857,0.00715361,2.59546,1.4457e-14,1.29658e-14,2.59546,6.21824,12.4201,76.965,0.157919,-9999,0.264009,0.561053,105.866,0.043965,-0.225852,-0.0473343,0,53.3624,-8.09795,18.3176,45.6134,69.5633,97.5635,146.168,-0.0826575,1.00912,-12.568,1.02155,38.4518,1.74652,-3.34602,1.03578,0.866582,1.74652,0.0748703,1.04105,800000009,800010009,800000009,800000009,800000009,800000009,800010019,800010019,80000,80000,80,81,0,0,0,0,0,0,0,0.781787,0.263224,0.0770945,0.0286107,2.79141,0.186513,0.000385188,-0.0103549,-0.080497,0.0208478,0.00180119
B20152021600.slt,2015-07-21,16:30,202.687,1,36000,36000,-0.100214,1,-19.4832,1,43.7187,1,-3.17777,1,0.985343,1,0.0663383,1,0.218165,-1.42039,0.07202,-0.032013,-0.00103046,-1.02546e-10,-4.28107e-12,-5.21464e-13,15.6242,375.963,381.958,4.1,1,652.275,15.6956,15.9458,5.25,0,0.0794516,1.91183,1.94231,4.2,0,290.126,289.15,99905.0,1.19657,1014.07,0.0240628,0.0638502,0.011754,1568.49,1812.72,0.00982311,86.5264,244.239,286.869,0.467381,3.2151,-0.001085,3.24889,2.53139e-13,-6.56329e-15,3.24889,5.91288,7.53514,81.7288,-0.0191345,-9999,0.289398,0.571671,108.548,0.0428788,-0.445648,-0.0554829,0,49.0234,-7.43949,16.8281,41.9044,63.9069,89.6304,134.283,-0.0991083,1.01116,-17.4532,1.02627,26.562,1.64591,-3.10543,1.02329,0.59866,1.64591,0.064411,1.02992,800000009,800010009,800000009,800000009,800000009,800000009,800010119,800010119,80000,80000,80,81,0,0,0,0,0,0,0,0.581789,0.447271,0.114283,0.0384893,1.89269,0.164886,0.000196731,-0.0143837,-0.0747253,0.0144054,0.00154991
B20152021630.slt,2015-07-21,17:00,202.708,1,36000,36000,-0.0679929,1,-15.0224,1,38.345,1,-1.17217,1,0.863752,1,0.0574057,1,-1.97925,3.19711,-0.000593027,0.0720173,0.000837016,6.04854e-11,2.62316e-12,3.0872e-13,15.6564,375.958,382.189,4.3,0,678.994,16.3047,16.575,5.85,0,0.0799109,1.91891,1.95071,4.15,0,289.787,288.577,99913.3,1.19876,1014.41,0.0240131,0.0559711,0.0122355,1629.5,1747.4,0.0102067,93.2529,117.899,287.457,-0.138512,2.88827,0.0229992,2.89168,9.61586e-14,3.8633e-15,2.89168,6.57116,357.017,92.7456,0.45571,-9999,0.238157,0.429204,78.4716,0.0593132,-0.39177,-0.0518719,0,46.543,-7.06308,15.9767,39.7842,60.6735,85.0954,127.488,-0.0672575,1.01093,-14.0522,1.02545,11.018,3.48021,-1.15896,1.0114,0.24819,3.48021,0.0563912,1.01799,800000009,800010009,800000009,800000009,800000009,800000009,800010019,800010019,80000,80000,80,80,0,0,1,0,0,0,0,0.43691,0.333355,0.0881425,0.0174082,2.03216,0.128101,0.000261449,-0.0115558,-0.0278302,0.00595979,0.00135413
B20152021700.slt,2015-07-21,17:30,202.729,1,36000,36000,-0.0891127,1,-21.0319,2,97.5706,4,-3.16217,2,2.19843,4,0.0794025,2,0.942569,-2.64174,0.0208687,-0.0595229,0.000290214,-1.65155e-10,-6.93789e-12,-8.43645e-13,15.648,376.135,382.173,4.25,0,657.346,15.8007,16.0544,5.5,0,0.079933,1.92136,1.95221,4.1,1,289.863,288.85,99907.7,1.19779,1014.13,0.0240372,0.142458,0.0118454,1579.04,1778.28,0.00988934,88.7959,199.24,286.972,-0.188372,2.6931,0.0267225,2.69981,-4.37094e-13,-1.05544e-14,2.69981,5.42941,354.883,94.0011,0.567118,-9999,0.272759,0.681396,84.1911,0.0552838,-0.215555,-0.0634784,0,52.8302,-8.01718,18.1349,45.1584,68.8695,96.5904,144.71,-0.0882419,1.00987,-17.4572,1.02314,52.3573,1.86355,-3.11012,1.01673,1.1797,1.86355,0.0776538,1.02252,800000009,800010009,800000009,800000009,800000009,800000009,800010019,800010019,80000,80000,80,81,0,0,0,0,0,0,0,0.438855,0.839622,0.0843147,0.0239705,2.31116,0.26692,0.000395385,-0.0143715,-0.0747586,0.0283566,0.00186658
B20152021730.slt,2015-07-21,18:00,202.75,1,36000,36000,-0.139214,5,-4.93018,5,94.7216,5,-3.64927,5,2.13424,5,0.065877,5,0.0,3.55876,-0.0854458,0.0801849,0.00135258,3.89988e-11,1.71195e-12,2.00786e-13,15.6177,375.411,381.701,4.05,0,685.58,16.4797,16.7558,4.7,0,0.0804081,1.93282,1.9652,4.2,0,289.803,288.85,99906.0,1.19746,1014.51,0.0240376,0.138298,0.0123542,1646.86,1778.28,0.0103169,92.6099,131.417,287.621,-1.62088,2.63716,0.0381192,3.0957,-1.32318e-14,2.49709e-15,3.0957,6.83551,327.494,121.576,0.705535,-9999,0.340965,0.644778,701.65,0.0066335,-0.0520491,-0.0119024,0,56.2541,-8.53678,19.3102,48.0852,73.3329,102.85,154.089,-0.138,1.00879,-2.66417,1.02144,35.7508,2.6495,-3.38974,1.07656,0.805527,2.6495,0.0609184,1.0814,800000009,800010009,800000009,800000009,800000009,800000009,800010019,800010019,80000,80000,80,80,0,0,0,0,0,0,0,0.731538,0.445288,0.112731,0.0362118,2.03071,0.145392,0.00023827,-0.00219303,-0.0814812,0.0193629,0.00146433
B20152021800.slt,2015-07-21,18:30,202.771,1,36000,36000,-0.166237,1,-1.22168,4,81.9503,2,-3.704,1,1.84645,2,0.0686153,1,-0.0574824,-0.0234194,-0.0313801,-0.00052767,-0.000997811,1.11798e-10,4.9098e-12,5.73483e-13,15.6074,375.145,381.43,3.95,0,685.427,16.4752,16.7512,5.05,0,0.0800605,1.92437,1.9566,4.15,0,289.733,288.833,99905.0,1.19752,1014.5,0.0240364,0.11965,0.0123514,1646.4,1776.38,0.0103141,92.6827,129.983,287.617,-1.903,3.03642,0.0506986,3.58383,1.77251e-15,7.16312e-15,3.58383,6.86862,327.858,122.076,0.810561,-9999,0.372583,0.687777,3694.53,0.00125981,-0.0149076,-0.00269897,0,53.8812,-8.17668,18.4957,46.0568,70.2396,98.512,147.589,-0.164883,1.00821,0.787097,1.02171,32.5095,2.52081,-3.4481,1.07421,0.732483,2.52081,0.063597,1.07891,800000009,800010009,800000009,800000009,800000009,800000009,800010019,800010019,80000,80000,80,80,0,0,0,0,0,0,0,0.741877,0.483669,0.150008,0.0106637,2.0156,0.0808413,0.00018191,0.000647874,-0.08288,0.0176063,0.00152865
B20152021830.slt,2015-07-21,19:00,202.792,1,36000,36000,-0.156451,1,-6.25727,1,55.725,1,-2.26928,1,1.25539,1,0.0773997,1,-0.471562,-0.206867,0.0614389,-0.00466038,0.000277904,5.7158e-11,2.50072e-12,2.93153e-13,15.636,375.665,381.943,4.1,1,684.091,16.4358,16.7104,4.5,1,0.0801941,1.92672,1.95892,4.25,0,289.662,288.697,99902.3,1.19807,1014.48,0.0240257,0.0813494,0.0123273,1642.41,1760.89,0.0102893,93.2715,118.482,287.579,-1.44008,3.17762,0.0510358,3.48908,-8.50441e-15,3.65554e-15,3.48908,6.56063,335.77,114.38,0.838112,-9999,0.361366,0.623413,658.105,0.00707243,-0.112288,-0.0142466,0,55.6333,-8.44258,19.0971,47.5546,72.5237,101.716,152.388,-0.154915,1.00992,-5.051,1.02408,17.844,3.1229,-2.14224,1.0593,0.401996,3.1229,0.0726902,1.06479,800000009,800010009,800000009,800000009,800000009,800000009,800010019,800010019,80000,80000,80,80,0,0,0,1,0,0,0,0.750025,0.366757,0.130043,0.00275574,1.85458,0.0653395,0.000220909,-0.00415575,-0.0514688,0.00965825,0.00174643
B20152021900.slt,2015-07-21,19:30,202.812,1,36000,36000,-0.174891,1,-4.1463,1,49.5841,1,-1.97795,1,1.117,1,0.0647539,1,-0.149539,-1.28296,0.135407,-0.0289018,-0.00187597,-2.02736e-11,-8.71139e-13,-1.0281e-13,15.6864,376.811,383.013,4.55,0,674.032,16.1912,16.4577,4.35,0,0.0795475,1.91085,1.94229,4.2,0,289.609,288.653,99905.0,1.1984,1014.34,0.0240215,0.0723819,0.012146,1618.02,1756.01,0.0101352,92.1418,137.992,287.348,-1.51996,3.68484,0.0437681,3.98625,-7.48378e-16,-1.29243e-15,3.98625,7.22541,337.524,112.416,0.629106,-9999,0.382017,0.713703,1173.31,0.0039669,-0.0836216,-0.00892883,0,53.7679,-8.15949,18.4568,45.96,70.0919,98.3049,147.279,-0.172986,1.01101,-2.98899,1.0268,17.504,2.83273,-1.87511,1.05485,0.394321,2.83273,0.061037,1.0609,800000009,800010009,800000009,800000009,800000009,800000009,800010019,800010019,80000,80000,80,80,0,0,0,0,0,0,0,0.83482,0.434491,0.158095,0.00207699,1.78185,0.0641573,0.000183687,-0.00245889,-0.0450428,0.00947216,0.0014662
B20152021930.slt,2015-07-21,20:00,202.833,1,36000,36000,-0.157698,1,-4.43638,1,33.9366,1,-1.50657,1,0.764505,1,0.0626987,1,0.0,-0.665693,0.0600043,-0.0149964,-0.000308431,9.3114e-11,3.96433e-12,4.70912e-13,15.7076,377.319,383.479,4.3,0,668.751,16.0643,16.3266,4.75,0,0.0794391,1.90824,1.93939,4.05,0,289.599,288.653,99905.3,1.19846,1014.27,0.0240214,0.0495399,0.0120509,1605.34,1756.01,0.0100553,91.4199,150.667,287.227,-1.69451,3.43777,0.00858222,3.83271,-3.7617e-14,5.92796e-15,3.83271,6.69766,333.774,116.239,0.128297,-9999,0.362744,0.630828,938.84,0.00495761,-0.130725,-0.0100612,0,53.1788,-8.07009,18.2546,45.4564,69.3239,97.2278,145.665,-0.15603,1.01069,-3.53528,1.02599,13.268,2.55778,-1.41661,1.0635,0.298895,2.55778,0.0586277,1.06944,800000009,800010009,800000009,800000009,800000009,800000009,800010019,800010019,80000,80000,80,80,0,0,0,0,0,0,0,0.694284,0.4208,0.146573,0.00234449,1.75623,0.0591419,0.000165441,-0.00290835,-0.034029,0.00717987,0.00140832
B20152022000.slt,2015-07-21,20:30,202.854,1,36000,36000,-0.135481,1,-9.31813,1,29.4355,1,-1.26236,1,0.663078,1,0.0716388,1,-0.161068,-0.542879,0.0394744,-0.0122291,0.000591023,2.4626e-11,1.04078e-12,1.24758e-13,15.7246,377.653,383.778,4.25,0,664.574,15.9609,16.2198,4.6,0,0.0796628,1.91324,1.94427,4.2,0,289.564,288.607,99908.7,1.19874,1014.21,0.0240167,0.0429675,0.0119756,1595.06,1750.76,0.00999017,91.1065,155.704,287.128,-1.3886,3.16363,0.0437303,3.45524,-1.3024e-14,1.56608e-15,3.45524,6.82327,336.507,113.698,0.725167,-9999,0.336183,0.511864,355.81,0.0130811,-0.316561,-0.0227982,0,54.735,-8.30625,18.7888,46.7867,71.3526,100.073,149.928,-0.134113,1.0102,-8.3982,1.0246,12.1547,2.42174,-1.1917,1.0593,0.273801,2.42174,0.0672614,1.06508,800000009,800010009,800000009,800000009,800000009,800000009,800010019,800010019,80000,80000,80,80,0,0,0,0,0,0,0,0.573905,0.332631,0.117192,0.00348126,1.71896,0.0572836,0.000219046,-0.00690769,-0.0286208,0.00657579,0.0016154
B20152022030.slt,2015-07-21,21:00,202.875,1,36000,36000,-0.112889,1,-11.1133,1,27.1384,2,-1.06809,1,0.611372,2,0.0634308,1,0.230087,-0.225451,-0.0178922,-0.00507893,-0.00034974,1.29501e-10,5.46062e-12,6.55319e-13,15.7177,377.501,383.608,3.95,0,662.76,15.9179,16.1754,4.65,0,0.0795366,1.91028,1.94118,4.2,0,289.607,288.673,99928.0,1.19872,1014.18,0.0240176,0.0396169,0.0119429,1591.07,1758.26,0.00996311,90.4911,167.192,287.089,-1.17306,3.29681,0.0227244,3.49936,6.36161e-14,8.23921e-15,3.49936,7.04979,340.21,109.586,0.372074,-9999,0.30688,0.560271,226.954,0.0205081,-0.409504,-0.029788,0,52.3632,-7.94632,17.9746,44.7593,68.2607,95.7367,143.431,-0.111689,1.01075,-10.1812,1.02573,11.5953,2.34047,-1.01509,1.05221,0.261217,2.34047,0.0599289,1.05843,800000009,800010009,800000009,800000009,800000009,800000009,800010019,800010019,80000,80000,80,80,0,0,0,0,0,0,0,0.705284,0.306229,0.109029,0.00595163,1.73557,0.0616678,0.000255885,-0.00837461,-0.02438,0.00627381,0.00143935
B20152022100.slt,2015-07-21,21:30,202.896,1,36000,36000,-0.168338,5,-18.4098,5,23.1758,5,-0.423938,5,0.522054,5,0.0844681,5,-0.333794,0.504509,0.0288219,0.0113644,-0.000188558,-2.06593e-11,-8.75825e-13,-1.04388e-13,15.7355,377.745,383.893,3.7,0,667.087,16.014,16.2746,5.8,0,0.079509,1.90868,1.93975,4.1,1,289.615,288.577,99943.3,1.19926,1014.23,0.0240059,0.0338291,0.0120209,1600.92,1747.4,0.0100236,91.6176,146.473,287.184,-1.23802,3.33844,0.0414786,3.56085,7.33493e-14,-1.31291e-15,3.56085,6.67115,339.677,110.347,0.667426,-9999,0.374659,0.587949,249.338,0.018667,-0.794355,-0.0403983,0,57.355,-8.70385,19.6881,49.0262,74.7681,104.863,157.104,-0.166531,1.01085,-17.5111,1.02601,8.57811,2.70174,-0.402477,1.05332,0.193229,2.70174,0.079717,1.0596,800000009,800010009,800000009,800000009,800000009,800000009,800010019,800010019,80000,80000,80,80,0,0,0,0,0,0,0,0.71405,0.332436,0.129411,0.00975231,1.6975,0.0553035,0.00023823,-0.0143966,-0.0096618,0.00463862,0.00191368
B20152022130.slt,2015-07-21,22:00,202.917,1,36000,36000,-0.108907,1,-12.054,1,22.662,2,-0.45995,4,0.510425,2,0.0622967,1,-0.380061,-0.29205,0.115294,-0.00657796,-0.000441448,3.2026e-11,1.34951e-12,1.61091e-13,15.7857,378.72,384.861,7.45,0,665.176,15.9584,16.2172,4.65,0,0.0794019,1.90495,1.93585,4.25,0,289.488,288.467,99966.0,1.20001,1014.21,0.0239913,0.0330756,0.0119865,1595.73,1735.1,0.00998862,91.9674,139.373,287.134,-0.347957,3.18683,0.0145719,3.2058,4.33974e-13,2.0288e-15,3.2058,6.70309,355.549,96.2312,0.260438,-9999,0.301254,1.12718,198.0,0.023507,-0.531905,-0.0328766,0,51.0175,-7.74211,17.5127,43.609,66.5065,93.2763,139.745,-0.107816,1.01012,-11.3004,1.02417,8.66742,2.61462,-0.453733,1.0137,0.19522,2.61462,0.0611137,1.01936,800000009,800010009,800000009,800000009,800000009,800000009,800010019,800010019,80000,80000,80,81,0,0,0,0,0,0,0,0.814046,1.32809,0.112205,0.00904793,1.90614,0.0579538,0.000198872,-0.00928503,-0.0108856,0.00468357,0.0014662
B20152022200.slt,2015-07-21,22:30,202.937,1,36000,36000,-0.050646,1,-10.0653,1,10.0475,7,1.31838,1,0.226275,7,0.0557111,1,-0.461028,0.777953,0.228686,0.0175199,0.00484668,1.57131e-10,6.64863e-12,8.03251e-13,15.8778,380.651,386.882,4.25,0,671.834,16.1064,16.37,9.35,0,0.0811673,1.94588,1.97774,4.3,0,289.415,288.333,99993.0,1.20082,1014.29,0.0239737,0.0146626,0.0121065,1610.96,1720.3,0.0100818,93.6439,109.343,287.281,1.4558,1.75526,0.0164678,2.28048,2.58585e-13,9.89624e-15,2.28048,5.70278,40.3922,50.328,0.413748,-9999,0.205368,0.621117,75.1384,0.0619443,-1.00177,-0.0402397,0,49.2003,-7.46634,16.8889,42.0557,64.1376,89.9539,134.767,-0.0501848,1.00919,-9.73178,1.02138,2.84634,3.52997,1.18035,1.11694,0.0641011,3.52997,0.049616,1.12285,800000009,800010009,800000009,800000009,800000009,800000009,800010019,800010019,80000,80000,80,81,0,0,0,0,0,0,0,0.388951,0.796137,0.0571463,0.0172106,2.69712,0.153498,0.00185195,-0.0079901,0.0282974,0.00153674,0.00118948
B20152022230.slt,2015-07-21,23:00,202.958,1,36000,36000,-0.0693819,1,-7.822,2,-27.0035,4,2.52059,1,-0.607749,4,0.0563209,1,-2.2759,0.575096,0.336625,0.0129433,0.00642373,-8.9135e-11,-3.769e-12,-4.64866e-13,16.0336,383.487,389.808,4.0,0,677.968,16.2154,16.4827,18.5,0,0.0836202,2.0,2.03297,4.15,0,288.726,287.677,99999.0,1.20359,1014.33,0.0239177,-0.0393821,0.012217,1621.96,1649.01,0.0101505,98.3597,27.0482,287.386,2.40814,0.98091,0.00897167,2.60027,-1.17429e-13,-5.55926e-15,2.60027,5.93217,67.3723,22.1626,0.197687,-9999,0.240096,0.415831,154.507,0.0301242,0.289666,-0.0266854,0,52.9059,-8.02867,18.1609,45.2232,68.9682,96.7289,144.917,-0.0687729,1.00885,-7.9053,1.02103,-3.3593,8.03844,2.1905,1.15069,-0.0756054,8.03844,0.0487083,1.15629,800000009,800010009,800000009,800000009,800000009,800000009,800010019,800010019,80000,80000,80,81,0,0,0,0,0,0,0,0.500742,0.265759,0.0651623,0.0309053,2.27244,0.0579505,0.000326814,-0.00647528,0.0523917,-0.00180831,0.00116499
B20152022300.slt,2015-07-21,23:30,202.979,0,36000,36000,-0.0435836,1,-7.9846,2,58.1339,4,2.24548,1,1.30762,4,0.0509974,1,-2.10748,0.139507,0.216418,0.00313795,0.00290187,-6.86298e-11,-2.89294e-12,-3.60579e-13,16.1472,385.306,391.667,4.0,0,680.651,16.2418,16.5099,39.45,0,0.084837,2.02439,2.05782,4.1,1,288.244,287.07,100020.0,1.20638,1014.33,0.0238621,0.0847337,0.0122653,1624.94,1585.46,0.0101671,100.0,0.0,287.414,1.97761,1.2996,0.0211279,2.3665,8.15682e-14,-4.25026e-15,2.3665,4.65761,56.6874,33.3112,0.511538,-9999,0.190073,0.230883,75.1078,0.0619696,-0.137348,-0.0343295,0,-9999.0,-9999.0,-9999.0,-9999.0,-9999.0,-9999.0,-9999.0,-0.0431772,1.00941,-7.57744,1.02191,4.55481,12.7632,1.94916,1.15203,0.102452,12.7632,0.0440277,1.1583,800000009,800010009,800000009,800000009,800000009,800000009,800000019,800010019,80000,80000,80,80,0,0,1,0,0,0,0,0.248746,0.163323,0.0496969,0.0228004,2.32999,0.0706608,0.000340746,-0.00619238,0.0465112,0.00244473,0.0010506
B20152022330.slt,2015-07-22,00:00,203.0,0,36000,36000,-0.0414643,5,-5.5947,5,-26.4081,5,1.95978,5,-0.593747,5,0.0448168,5,-1.55417,0.828707,-0.00525362,0.0186323,-0.000626535,-1.32077e-10,-5.62167e-12,-6.92208e-13,16.1712,385.262,391.685,4.2,0,688.306,16.3981,16.6715,36.6,0,0.0847525,2.01914,2.0528,4.1,1,287.996,286.623,100025.0,1.20824,1014.41,0.0238239,-0.0384748,0.0124033,1640.66,1540.07,0.0102656,100.0,0.0,287.563,1.26637,1.4701,0.00599556,1.94034,-3.57682e-13,-8.1674e-15,1.94034,4.11024,36.9886,49.2576,0.177041,-9999,0.185251,0.389751,99.2433,0.0468989,0.211856,-0.0246405,0,-9999.0,-9999.0,-9999.0,-9999.0,-9999.0,-9999.0,-9999.0,-0.041147,1.00771,-5.69188,1.01811,-2.76454,9.55242,1.7768,1.10299,-0.0621566,9.55242,0.0404647,1.10755,800000009,800010009,800000009,800000009,800000009,800000009,800010019,801110019,80000,80000,80,81,0,0,0,0,0,0,0,0.375946,0.366956,0.0366003,0.00653546,2.09766,0.0550024,0.000374101,-0.00464396,0.0423302,-0.00148081,0.000964028
