file_info,,,,,,,corrected_fluxes_and_quality_flags,,,,,,,,,,,,storage_fluxes,,,,,vertical_advection_fluxes,,,gas_densities_concentrations_and_timelags,,,,,,,,,,,,,,,air_properties,,,,,,,,,,,,,,unrotated_wind,,,rotated_wind,,,,,,rotation_angles_for_tilt_correction,,,turbulence,,,,,,footprint,,,,,,,,uncorrected_fluxes,,,,,,,,,,,,statistical_flags,,,,,,,,,,,,spikes,,,,,,,variances,,,,,,,covariances,,,,custom_variables
filename,date,time,DOY,daytime,file_records,used_records,Tau,qc_Tau,H,qc_H,LE,qc_LE,co2_flux,qc_co2_flux,h2o_flux,qc_h2o_flux,ch4_flux,qc_ch4_flux,H_strg,LE_strg,co2_strg,h2o_strg,ch4_strg,co2_v-adv,h2o_v-adv,ch4_v-adv,co2_molar_density,co2_mole_fraction,co2_mixing_ratio,co2_time_lag,co2_def_timelag,h2o_molar_density,h2o_mole_fraction,h2o_mixing_ratio,h2o_time_lag,h2o_def_timelag,ch4_molar_density,ch4_mole_fraction,ch4_mixing_ratio,ch4_time_lag,ch4_def_timelag,sonic_temperature,air_temperature,air_pressure,air_density,air_heat_capacity,air_molar_volume,ET,water_vapor_density,e,es,specific_humidity,RH,VPD,Tdew,u_unrot,v_unrot,w_unrot,u_rot,v_rot,w_rot,wind_speed,max_wind_speed,wind_dir,yaw,pitch,roll,u*,TKE,L,(z-d)/L,bowen_ratio,T*,model,x_peak,x_offset,x_10%,x_30%,x_50%,x_70%,x_90%,un_Tau,Tau_scf,un_H,H_scf,un_LE,LE_scf,un_co2_flux,co2_scf,un_h2o_flux,h2o_scf,un_ch4_flux,ch4_scf,spikes_hf,amplitude_resolution_hf,drop_out_hf,absolute_limits_hf,skewness_kurtosis_hf,skewness_kurtosis_sf,discontinuities_hf,discontinuities_sf,timelag_hf,timelag_sf,attack_angle_hf,non_steady_wind_hf,u_spikes,v_spikes,w_spikes,ts_spikes,co2_spikes,h2o_spikes,ch4_spikes,u_var,v_var,w_var,ts_var,co2_var,h2o_var,ch4_var,w/ts_cov,w/co2_cov,w/h2o_cov,w/ch4_cov,co2_mean,h2o_mean
,[yyyy-mm-dd],[HH:MM],[ddd.ddd],[1=daytime],[#],[#],[kg+1m-1s-2],[#],[W+1m-2],[#],[W+1m-2],[#],[µmol+1s-1m-2],[#],[mmol+1s-1m-2],[#],[µmol+1s-1m-2],[#],[W+1m-2],[W+1m-2],[µmol+1s-1m-2],[mmol+1s-1m-2],[µmol+1s-1m-2],[µmol+1s-1m-2],[mmol+1s-1m-2],[µmol+1s-1m-2],[mmol+1m-3],[µmol+1mol_a-1],[µmol+1mol_d-1],[s],[1=default],[mmol+1m-3],[mmol+1mol_a-1],[mmol+1mol_d-1],[s],[1=default],[mmol+1m-3],[µmol+1mol_a-1],[µmol+1mol_d-1],[s],[1=default],[K],[K],[Pa],[kg+1m-3],[J+1kg-1K-1],[m+3mol-1],[mm+1hour-1],[kg+1m-3],[Pa],[Pa],[kg+1kg-1],[%],[Pa],[K],[m+1s-1],[m+1s-1],[m+1s-1],[m+1s-1],[m+1s-1],[m+1s-1],[m+1s-1],[m+1s-1],[deg_from_north],[deg],[deg],[deg],[m+1s-1],[m+2s-2],[m],[#],[#],[K],[0=KJ/1=KM/2=HS],[m],[m],[m],[m],[m],[m],[m],[kg+1m-1s-2],[#],[W+1m-2],[#],[W+1m-2],[#],[µmol+1s-1m-2],[#],[mmol+1s-1m-2],[#],[µmol+1s-1m-2],[#],8u/v/w/ts/co2/h2o/ch4/none,8u/v/w/ts/co2/h2o/ch4/none,8u/v/w/ts/co2/h2o/ch4/none,8u/v/w/ts/co2/h2o/ch4/none,8u/v/w/ts/co2/h2o/ch4/none,8u/v/w/ts/co2/h2o/ch4/none,8u/v/w/ts/co2/h2o/ch4/none,8u/v/w/ts/co2/h2o/ch4/none,8co2/h2o/ch4/none,8co2/h2o/ch4/none,8aa,8U,[#],[#],[#],[#],[#],[#],[#],[m+2s-2],[m+2s-2],[m+2s-2],[K+2],--,--,--,[m+1K+1s-1],--,--,--,--,--
A20151942330.slt,2015-07-14,00:00,195.0,1,36000,36000,-0.0341192,5,-32.9706,5,13.5489,5,1.31025,5,0.304981,5,0.0292864,5,-3.77383,2.01297,0.170407,0.0453115,0.0019238,-3.87609e-11,-1.02764e-12,-1.94194e-13,16.4173,391.152,395.251,4.45,0,435.259,10.3703,10.479,4.75,0,0.0822516,1.9597,1.98023,4.5,0,288.921,287.837,100441.0,1.21092,1011.07,0.0238257,0.0197628,0.00784336,1041.89,1666.13,0.00647718,62.5331,624.25,280.729,-2.28615,-0.356893,0.168149,2.31994,2.03135e-13,-2.36098e-15,2.31994,4.61734,262.999,188.873,4.15642,-9999,0.167857,0.306156,12.5526,0.355125,-2.43346,-0.160432,0,-9999.0,-9999.0,-9999.0,-9999.0,-9999.0,-9999.0,-9999.0,-0.0334291,1.02064,-31.1065,1.04444,9.33313,1.4517,0.938779,1.3957,0.210086,1.4517,0.0200832,1.45825,800000009,800000009,800000009,800000009,800000009,800000009,800000019,800100019,80000,80000,80,81,0,0,3,0,0,0,0,0.298546,0.279938,0.0338266,0.168977,3.89068,0.121426,0.000754343,-0.0254072,0.022367,0.00500545,0.000478496,15.9804,410.372
A20151950000.slt,2015-07-14,00:30,195.021,1,36000,36000,-0.0230095,5,-28.7188,5,-18.325,6,2.61158,5,-0.412019,6,0.0343101,5,-4.00206,1.09226,0.298116,0.0245584,0.00702032,1.8122e-10,4.87122e-12,9.30049e-13,16.5952,393.745,397.957,4.45,0,446.082,10.5839,10.6972,33.55,0,0.0851693,2.02076,2.04238,4.6,0,287.815,286.643,100443.0,1.21589,1011.16,0.0237264,-0.0266988,0.0080384,1063.37,1542.07,0.00661113,68.957,478.706,281.028,-1.53858,-0.533485,0.160297,1.63631,-4.41975e-15,1.092e-14,1.63631,3.32737,249.322,199.123,5.62186,-9999,0.137565,0.141306,7.93247,0.561962,1.56719,-0.169803,0,-9999.0,-9999.0,-9999.0,-9999.0,-9999.0,-9999.0,-9999.0,-0.0225106,1.02216,-28.2301,1.04698,-11.7204,1.56352,1.72307,1.51566,-0.263521,1.56352,0.0216843,1.58226,800000009,800000009,800000009,800000009,800000009,800000009,811100019,811110019,80000,80000,80,81,0,1,8,0,0,0,0,0.170163,0.101466,0.0109828,0.333604,5.02921,0.108323,0.000476331,-0.0229615,0.0408822,-0.00625242,0.00051449,16.1406,425.68
A20151950030.slt,2015-07-14,01:00,195.042,1,36000,36000,-0.277573,5,-160.091,6,23.6247,5,26.853,6,0.53078,5,1.03942,6,-2.62224,-3.41252,0.409823,-0.0766696,0.0028286,-1.17436e-09,-2.93182e-11,-6.04558e-12,16.788,397.301,401.281,4.4,0,419.118,9.91876,10.0181,5.45,0,0.0864245,2.0453,2.06579,4.35,0,287.208,285.863,100426.0,1.21931,1010.78,0.0236658,0.0343946,0.00755251,996.372,1465.44,0.00619408,67.9913,469.067,280.076,-1.43579,-0.54983,0.174517,1.54734,-2.17227e-13,-6.99522e-14,1.54734,3.20811,255.589,200.954,6.47587,-9999,0.477123,1.12729,59.357,0.0751007,-6.77642,-0.272249,0,152.952,-23.2111,52.5036,130.741,199.389,279.646,418.96,-0.275424,1.0078,-156.575,1.01804,19.5927,1.20579,22.477,1.19469,0.440191,1.20579,0.859265,1.20967,800000009,800000009,800000009,800000009,800000009,800000009,811100019,811110019,80000,80000,80,81,118,0,7,0,0,0,1,2.14271,0.0842927,0.0275812,0.930785,18.6108,0.0519785,0.0201654,-0.127044,0.531936,0.0104175,0.0203352,16.4551,385.742
A20151950100.slt,2015-07-14,01:30,195.062,1,36000,36000,-0.131477,5,116.156,6,-51.6089,6,-19.4488,6,-1.15809,6,-0.877438,6,-4.28826,-0.0113075,0.37004,-0.000253738,0.0246827,1.14058e-09,2.82414e-11,6.43201e-12,16.9977,400.497,404.509,4.25,1,420.873,9.91657,10.0159,3.3,0,0.0958542,2.25851,2.28113,4.25,1,286.46,284.593,100421.0,1.22469,1010.75,0.0235619,-0.0750445,0.00758414,996.099,1347.81,0.0061927,73.9048,351.716,280.072,0.63616,-0.21449,0.130952,0.683998,-4.68727e-14,6.7102e-14,0.683998,2.63839,120.411,341.368,11.0374,-9999,0.327652,0.421916,-26.492,-0.168268,-2.25069,0.286391,0,112.687,-17.1007,38.6819,96.3234,146.899,206.028,308.668,-0.131135,1.00261,112.855,1.00736,-47.0245,1.09749,-17.7507,1.09567,-1.05522,1.09749,-0.798682,1.09861,800000009,800000009,800000009,800000009,800000009,800110009,801110019,811110019,80000,80000,80,81,0,0,7,0,0,0,0,0.447018,0.368753,0.0280623,0.888056,22.8581,0.0727106,0.0388776,0.0911703,-0.41824,-0.024863,-0.0188185,16.7829,370.307
A20151950130.slt,2015-07-14,02:00,195.083,1,36000,36000,-0.00363061,5,2.52515,6,2.40909,6,-0.16587,5,0.0540655,6,0.0141232,5,0.393678,-2.50729,-0.351277,-0.0562694,-0.0178841,-8.04034e-11,-1.90766e-12,-4.2561e-13,16.8592,397.461,401.245,3.15,0,400.004,9.43025,9.52003,43.6,0,0.089243,2.10394,2.12397,12.85,0,286.446,284.71,100405.0,1.22421,1010.48,0.0235754,0.00350344,0.00720807,947.095,1358.26,0.00588792,69.7285,411.167,279.34,-0.301713,-0.708187,0.138618,0.782161,4.90423e-14,-4.76911e-15,0.782161,1.73243,201.653,246.924,10.2081,-9999,0.0544579,0.0790078,-5.59406,-0.796872,1.04818,0.0374837,0,-9999.0,-9999.0,-9999.0,-9999.0,-9999.0,-9999.0,-9999.0,-0.00362072,1.00273,2.6518,1.0077,2.31144,1.04225,-0.159489,1.04001,0.0518741,1.04225,0.0135383,1.0432,800000009,800010009,800000009,800000009,800000009,800100019,811110019,811110019,80000,80000,80,81,0,0,20,0,0,0,3,0.0202686,0.134297,0.00344959,0.113462,4.16417,0.0456519,0.00330513,0.00214366,-0.00376002,0.00122295,0.00031917,17.2153,299.586
A20151950200.slt,2015-07-14,02:30,195.104,1,36000,36000,-0.0094091,5,-6.71368,5,3.55899,5,-0.311429,5,0.0798735,5,0.0122552,5,0.067478,-2.25003,0.0148599,-0.0504968,-0.00838621,-7.30566e-12,-1.6526e-13,-3.73278e-14,16.8634,397.59,401.198,7.1,0,381.464,8.99379,9.07541,3.2,0,0.0861624,2.03145,2.04989,4.55,0,286.242,284.73,100405.0,1.22433,1010.24,0.023577,0.0051758,0.00687398,903.261,1360.06,0.00561448,66.4133,456.799,278.655,-0.873884,-0.818474,0.150579,1.20675,-2.38883e-14,-4.33226e-16,1.20675,2.05689,226.391,223.125,7.1681,-9999,0.0876647,0.0395237,8.77639,0.507925,-1.8864,-0.0619173,0,-9999.0,-9999.0,-9999.0,-9999.0,-9999.0,-9999.0,-9999.0,-0.00925201,1.01698,-6.34252,1.03625,2.58981,1.37423,-0.231833,1.34333,0.0581224,1.37423,0.00886202,1.38289,800000009,800010009,800000009,800000009,800000009,800100009,801100019,811110019,80000,80000,80,80,0,0,2,0,0,0,0,0.0291907,0.0427633,0.00709326,0.073684,4.33069,0.0380227,0.0013141,-0.00512789,-0.00546595,0.00137035,0.00020894,17.5984,236.779
A20151950230.slt,2015-07-14,03:00,195.125,1,36000,36000,-0.00358161,5,1.20661,7,2.47072,5,-0.774783,6,0.0554204,5,-0.0247118,6,-1.87049,-1.1595,0.495258,-0.0260086,0.0216909,1.39273e-10,3.03921e-12,7.68885e-13,17.0783,401.862,405.417,2.7,0,372.683,8.76943,8.84702,4.8,0,0.0942846,2.21857,2.23819,2.35,0,285.559,284.177,100408.0,1.22686,1010.1,0.0235305,0.00359124,0.00671575,880.754,1311.08,0.00547395,67.1779,430.323,278.292,-1.24925,-0.804655,0.155041,1.49403,7.61895e-14,8.15494e-15,1.49403,2.21472,236.869,212.786,5.95651,-9999,0.0540309,0.031057,-11.4327,-0.389912,0.488362,0.0180204,0,-9999.0,-9999.0,-9999.0,-9999.0,-9999.0,-9999.0,-9999.0,-0.00356773,1.00389,1.33121,1.01083,2.2504,1.0979,-0.708842,1.09303,0.0504784,1.0979,-0.0224769,1.09943,800000009,800110009,800000009,800000009,800000009,800000009,811110019,811110019,80000,80000,80,80,0,0,2,0,0,0,0,0.032845,0.0266434,0.00262549,0.0658323,5.37901,0.0330447,0.00858017,0.0010742,-0.0166794,0.00118778,-0.000528893,17.1334,301.635
A20151950300.slt,2015-07-14,03:30,195.146,1,36000,36000,-0.0106148,5,-12.368,5,17.2607,6,2.53534,5,0.387027,6,0.157462,5,-1.32004,-1.66513,0.571713,-0.0373363,0.0366224,-1.05655e-10,-2.19415e-12,-6.58174e-13,17.3107,406.787,410.253,4.6,0,359.493,8.44779,8.51976,42.0,0,0.107836,2.53406,2.55565,4.8,0,285.009,283.787,100404.0,1.22864,1009.92,0.0234992,0.0250794,0.00647807,848.417,1277.49,0.00527254,66.4127,429.076,277.756,-1.31319,-0.81153,0.169704,1.55301,-7.04047e-14,-6.10347e-15,1.55301,2.68421,238.175,211.715,6.27349,-9999,0.0929486,0.0655018,5.67778,0.785122,-0.716541,-0.107237,0,-9999.0,-9999.0,-9999.0,-9999.0,-9999.0,-9999.0,-9999.0,-0.0103516,1.02543,-11.134,1.05348,10.7247,1.60944,1.63553,1.55017,0.240474,1.60944,0.096837,1.62605,800000009,800000009,800000009,800000009,800000009,800100009,811110019,811110019,80000,80000,80,80,0,0,13,0,0,0,0,0.0619766,0.0629518,0.00607502,0.151414,13.5096,0.086322,0.0444143,-0.00897303,0.0384335,0.00565093,0.00227559,16.7941,347.551
A20151950330.slt,2015-07-14,04:00,195.167,1,36000,36000,-0.0221217,5,-11.7038,5,-9.10043,6,2.33315,5,-0.204094,6,0.106355,5,0.68768,-0.281333,-0.949741,-0.00630941,-0.0510611,1.04959e-10,2.21016e-12,5.51351e-13,16.9489,398.599,401.973,5.5,0,356.898,8.39339,8.46444,45.75,0,0.0890325,2.09383,2.11156,4.6,0,285.059,283.99,100397.0,1.2277,1009.9,0.0235176,-0.0132253,0.0064313,842.895,1294.91,0.00523848,65.0931,452.012,277.663,-2.23331,-0.166359,0.185463,2.24716,7.38335e-14,6.19269e-15,2.24716,3.43951,264.918,184.26,4.73412,-9999,0.134234,0.135999,18.0712,0.246677,1.28607,-0.0703226,0,-9999.0,-9999.0,-9999.0,-9999.0,-9999.0,-9999.0,-9999.0,-0.0217541,1.0169,-11.7131,1.03688,-6.64645,1.36922,1.75347,1.33059,-0.149059,1.36922,0.0771889,1.37786,800000009,800000009,800000009,800000009,800000009,800100019,800000019,800100019,80000,80000,80,80,0,0,10,0,0,0,37,0.132895,0.125712,0.0133916,0.110286,7.57295,0.0638234,0.0210128,-0.00944722,0.0412375,-0.00350551,0.0018153,16.4707,344.903
A20151950400.slt,2015-07-14,04:30,195.187,1,36000,36000,-0.0268646,5,-26.4771,5,20.2407,5,-0.610588,5,0.45396,5,0.0600358,5,0.202892,2.06224,-0.378699,0.046252,-0.012768,-1.0533e-10,-2.34256e-12,-5.28534e-13,16.8064,395.333,398.84,4.7,0,373.776,8.79224,8.87023,4.8,0,0.0843323,1.98373,2.00133,4.45,0,285.058,284.05,100396.0,1.22725,1010.11,0.0235228,0.0294166,0.00673544,882.943,1300.08,0.00548824,67.9142,417.142,278.328,-2.2001,-0.28657,0.189257,2.22674,4.07628e-14,-6.26728e-15,2.22674,3.71875,262.418,187.421,4.87561,-9999,0.147953,0.140363,10.6968,0.416738,-1.30811,-0.144359,0,-9999.0,-9999.0,-9999.0,-9999.0,-9999.0,-9999.0,-9999.0,-0.0262907,1.02183,-24.554,1.04673,13.6422,1.48368,-0.426,1.4333,0.305969,1.48368,0.0399948,1.50109,800000009,800000009,800000009,800000009,800000009,800000009,800000019,801000019,80000,80000,80,80,0,0,0,0,0,0,0,0.170795,0.0838137,0.0261165,0.160934,3.88512,0.0706874,0.000977144,-0.019807,-0.0100207,0.00719723,0.000940788,16.3459,361.486
A20151950430.slt,2015-07-14,05:00,195.208,1,36000,36000,-0.0226936,5,-13.5739,5,13.6397,5,-1.43578,5,0.305967,5,0.0279731,5,0.608302,0.547822,-0.221225,0.0122887,-0.00197858,1.52941e-10,3.45914e-12,7.64523e-13,16.7147,393.424,396.957,4.05,0,378.044,8.89828,8.97817,5.0,0,0.0835536,1.96666,1.98431,4.6,0,285.167,284.23,100396.0,1.22642,1010.18,0.0235377,0.0198267,0.00681236,893.591,1315.73,0.00555465,67.916,422.138,278.5,-1.69757,0.0670244,0.170246,1.7074,-1.77444e-13,9.15009e-15,1.7074,3.86581,272.581,177.739,5.7225,-9999,0.136029,0.150704,16.2164,0.274891,-0.995172,-0.0805445,0,-9999.0,-9999.0,-9999.0,-9999.0,-9999.0,-9999.0,-9999.0,-0.022377,1.01415,-12.6085,1.03092,10.0019,1.36372,-1.07438,1.33638,0.224362,1.36372,0.0203713,1.37316,800000009,800010009,800000009,800000009,800000009,800000009,800110019,811110019,80000,80000,80,81,0,0,4,0,0,0,0,0.163134,0.118936,0.0193385,0.0591098,4.65994,0.123235,0.000432128,-0.0101772,-0.0252884,0.00528097,0.000479493,16.2643,365.092
A20151950500.slt,2015-07-14,05:30,195.229,1,36000,36000,-0.0386593,5,-14.3205,5,14.9686,5,-1.64578,5,0.336003,5,0.00903322,6,2.38236,1.43216,-0.165012,0.032148,-0.0002913,-1.61861e-10,-3.78904e-12,-8.11017e-13,16.6127,391.997,395.627,4.5,0,388.891,9.17637,9.26136,4.7,0,0.0832393,1.96414,1.98233,4.2,0,285.526,284.937,100396.0,1.22325,1010.34,0.0235963,0.021773,0.00700781,921.515,1378.76,0.00572885,66.8363,457.249,278.944,-1.72616,0.430744,0.163832,1.78662,-9.63935e-14,-9.7432e-15,1.78662,3.38104,285.347,165.989,5.26139,-9999,0.177775,0.175607,34.3116,0.12992,-0.956703,-0.0651786,0,-9999.0,-9999.0,-9999.0,-9999.0,-9999.0,-9999.0,-9999.0,-0.0382693,1.01019,-13.3214,1.02304,12.0232,1.24498,-1.3407,1.22755,0.269888,1.24498,0.00722552,1.25018,800000009,800010009,800000009,800000009,800000009,800000009,800010019,800110019,80000,80000,80,81,0,0,1,0,0,0,0,0.231823,0.0940937,0.0252985,0.0269354,4.70972,0.0665361,0.000163715,-0.0107786,-0.0316355,0.00636834,0.000170495,16.1889,375.033
A20151950530.slt,2015-07-14,06:00,195.25,1,36000,36000,-0.0331097,5,-3.8451,5,25.8027,5,-3.20085,5,0.57946,5,0.0296322,5,1.59328,2.21491,-0.212913,0.049741,0.00205968,8.80027e-12,2.16703e-13,4.47056e-14,16.5077,390.152,393.937,4.6,0,406.496,9.60735,9.70054,4.65,1,0.0838596,1.98198,2.00121,4.2,0,285.845,285.41,100400.0,1.22107,1010.59,0.0236345,0.037549,0.00732506,964.833,1422.46,0.0059989,67.8287,457.623,279.609,-1.8448,0.119419,0.159996,1.85557,-8.3791e-15,5.33101e-16,1.85557,3.39114,273.917,176.296,4.94645,-9999,0.164667,0.13171,101.566,0.04389,-0.149019,-0.0189228,0,-9999.0,-9999.0,-9999.0,-9999.0,-9999.0,-9999.0,-9999.0,-0.0328759,1.00711,-2.4825,1.01695,21.9073,1.17781,-2.73983,1.16826,0.491981,1.17781,0.0250891,1.18108,800000009,800010009,800000009,800000009,800000009,800000009,800010019,800110019,80000,80000,80,80,0,0,4,0,0,0,0,0.142402,0.0934286,0.0275889,0.0191413,4.7613,0.0737503,0.000237114,-0.00201175,-0.0647546,0.0116277,0.000592969,16.0996,391.323
A20151950600.slt,2015-07-14,06:30,195.271,1,36000,36000,-0.031611,5,3.65611,6,27.4154,5,-7.43051,5,0.616227,5,0.0136852,5,3.10953,2.72305,-0.0011552,0.0612069,0.000535822,9.50563e-11,2.47042e-12,4.84037e-13,16.4541,390.142,394.138,4.45,0,427.626,10.1394,10.2432,4.5,0,0.0837861,1.98664,2.00699,4.2,0,286.516,286.337,100401.0,1.21689,1010.9,0.0237109,0.0399315,0.00770582,1018.28,1511.53,0.00633238,67.3674,493.253,280.394,-1.22149,0.059795,0.155982,1.23286,-4.6758e-14,5.77706e-15,1.23286,2.3432,272.947,177.197,7.26856,-9999,0.161174,0.091476,-100.173,-0.0445003,0.13336,0.0184401,0,-9999.0,-9999.0,-9999.0,-9999.0,-9999.0,-9999.0,-9999.0,-0.0315033,1.00342,5.108,1.00957,24.5701,1.11581,-6.6837,1.11174,0.552271,1.11581,0.0122505,1.11711,800000009,800010009,800000009,800000009,800000009,800010009,800110019,801110019,80000,80000,80,80,0,0,0,0,0,0,0,0.0873256,0.0688622,0.026764,0.0450399,7.90926,0.0877072,0.000163441,0.0041523,-0.158476,0.0130948,0.000290469,16.0594,410.087
A20151950630.slt,2015-07-14,07:00,195.292,1,36000,36000,-0.0278245,5,29.2372,2,44.9934,2,-4.56777,2,1.01225,2,0.0136478,2,3.15516,2.11234,0.239679,0.0475228,0.00119837,-7.60045e-11,-2.04506e-12,-3.86984e-13,16.4871,392.233,396.416,4.25,1,443.619,10.5539,10.6664,4.55,0,0.0839455,1.99709,2.01839,4.55,0,287.181,287.28,100396.0,1.21264,1011.15,0.0237903,0.0655936,0.00799402,1059.85,1607.21,0.00659227,65.9431,547.368,280.98,-1.10364,-0.143306,0.126409,1.12006,-2.25974e-14,-4.60994e-15,1.12006,2.47059,264.482,187.398,6.48014,-9999,0.151478,0.150621,-10.3997,-0.42864,0.64981,0.157412,0,-9999.0,-9999.0,-9999.0,-9999.0,-9999.0,-9999.0,-9999.0,-0.0277349,1.00323,31.5027,1.00907,40.346,1.11519,-4.11025,1.11131,0.907692,1.11519,0.0122271,1.1162,800000009,800010009,800000009,800000009,800000009,800000009,800000019,800110019,80000,80000,80,80,0,0,0,0,0,0,0,0.124879,0.145193,0.0311706,0.107609,5.72052,0.0886979,0.000183443,0.0256921,-0.0977841,0.0215943,0.000290886,16.104,423.896
A20151950700.slt,2015-07-14,07:30,195.312,1,36000,36000,-0.0207574,5,49.1164,1,38.911,1,-4.4023,1,0.876196,1,0.00576222,4,3.12264,1.50958,-0.0267515,0.0339927,0.000467947,6.47838e-11,1.79335e-12,3.30727e-13,16.4223,391.998,396.299,4.6,0,454.603,10.8513,10.9704,4.75,0,0.0838373,2.00119,2.02314,3.55,0,287.793,288.217,100387.0,1.20846,1011.34,0.0238699,0.0567775,0.00819194,1089.63,1707.44,0.00677884,63.8164,617.812,281.387,-0.504639,0.0173064,0.102762,0.515286,5.59847e-14,3.94487e-15,0.515286,2.01179,267.007,178.036,11.5035,-9999,0.13106,0.148618,-4.0096,-1.11177,1.26227,0.306639,0,-9999.0,-9999.0,-9999.0,-9999.0,-9999.0,-9999.0,-9999.0,-0.020707,1.00243,51.0631,1.00686,34.9471,1.11343,-3.96067,1.1115,0.786937,1.11343,0.0051737,1.11375,800000009,800000009,800000009,800000009,800000009,800010009,800000019,811110019,80000,80000,81,81,0,0,0,0,0,0,0,0.111569,0.145919,0.0397476,0.117655,4.67152,0.0717876,9.24617e-05,0.041781,-0.0945406,0.0187841,0.000123496,16.0604,431.888
A20151950730.slt,2015-07-14,08:00,195.333,1,36000,36000,-0.0841195,5,92.2032,2,61.9797,2,-6.01373,2,1.39686,2,0.0106503,6,2.97974,1.73831,-0.182209,0.039177,0.00134345,8.54225e-13,2.44963e-14,4.40459e-15,16.3017,390.399,394.819,4.0,0,467.477,11.1953,11.322,4.45,0,0.0840554,2.01298,2.03577,4.05,0,288.436,289.113,100370.0,1.20435,1011.54,0.0239483,0.0905167,0.00842393,1123.97,1808.48,0.00699462,62.1499,684.513,281.845,-0.431794,-0.106028,0.11738,0.459855,1.74779e-13,5.2401e-17,0.459855,1.9974,254.724,193.796,14.7887,-9999,0.264285,0.261745,-17.5131,-0.254538,1.48764,0.286376,0,60.8782,-9.2385,20.8975,52.0378,79.3609,111.305,166.755,-0.0839192,1.00239,95.3037,1.00672,55.8719,1.10932,-5.42999,1.1075,1.25921,1.10932,0.00959914,1.1095,800000009,800000009,800000009,800000009,800000009,800010009,800000019,811010019,80000,80000,81,81,0,0,0,0,0,0,0,0.247769,0.190593,0.085128,0.193069,4.67567,0.0736476,7.95459e-05,0.0782297,-0.130039,0.0301559,0.000229883,15.9573,441.388
A20151950800.slt,2015-07-14,08:30,195.354,1,36000,36000,-0.0952654,5,113.459,1,64.7252,1,-4.99361,4,1.46003,1,-0.00948697,6,3.04726,2.2775,-0.203521,0.0513744,0.00139894,-3.08722e-10,-9.25345e-12,-1.60897e-12,16.1722,388.606,393.186,4.25,1,484.735,11.6478,11.7851,4.95,0,0.0842849,2.0253,2.04917,4.25,1,289.322,290.033,100350.0,1.20008,1011.82,0.0240293,0.0946101,0.00873492,1169.17,1917.57,0.00727862,60.9715,748.4,282.429,0.193837,-0.403933,0.124209,0.464932,-8.15329e-14,-1.90897e-14,0.464932,2.48779,153.793,295.635,15.495,-9999,0.281749,0.315146,-17.2434,-0.258519,1.75293,0.331637,0,63.4694,-9.63173,21.787,54.2527,82.7388,116.042,173.853,-0.0950382,1.00239,116.875,1.00674,61.6581,1.04974,-4.76522,1.04793,1.39085,1.04974,-0.00903657,1.04984,800000009,800000009,800000009,800000009,800000009,800010009,800000019,811100019,80000,80000,81,81,0,0,0,0,0,0,0,0.287038,0.256079,0.0871755,0.322558,4.99214,0.103648,6.96596e-05,0.0962516,-0.114505,0.033421,-0.000217142,15.8394,454.205
A20151950830.slt,2015-07-14,09:00,195.375,1,36000,36000,-0.126813,5,74.2589,5,83.4612,5,-4.2018,5,1.88353,5,0.0104328,6,1.5762,-0.52473,-0.143746,-0.011842,-0.000541845,6.44158e-11,1.9197e-12,3.36021e-13,16.0926,387.338,391.861,4.25,1,479.587,11.5433,11.6781,4.55,0,0.083946,2.02052,2.04412,12.25,0,289.87,290.51,100348.0,1.19813,1011.77,0.0240693,0.122053,0.00864216,1158.66,1976.33,0.00721304,58.6267,817.673,282.295,0.546875,-0.288161,0.117566,0.62923,-1.00101e-13,4.00282e-15,0.62923,3.13217,111.913,332.214,10.7685,-9999,0.325334,0.532664,-40.5602,-0.109905,0.889742,0.188293,0,73.4408,-11.1449,25.2099,62.7761,95.7376,134.273,201.166,-0.126491,1.00255,78.6079,1.00719,75.4573,1.10607,-3.80859,1.10324,1.7029,1.10607,0.00943316,1.10597,800000009,800000009,800000009,800000009,800000009,800010009,800000019,800000019,80000,80000,81,81,0,0,0,0,0,0,0,0.469533,0.515103,0.0806912,0.26866,4.81206,0.137399,0.000138234,0.0648454,-0.0916701,0.0409877,0.00022705,15.7655,446.691
A20151950900.slt,2015-07-14,09:30,195.396,1,36000,36000,-0.0630516,1,107.989,1,100.242,1,-6.77094,1,2.26333,1,0.0143657,6,1.62816,-2.78491,-0.202525,-0.062879,-0.00649454,6.85407e-11,1.9533e-12,3.48992e-13,15.9886,385.547,389.83,4.45,0,455.649,10.9875,11.1095,4.4,0,0.08141,1.96311,1.98492,2.65,0,290.491,291.003,100332.0,1.19617,1011.47,0.0241139,0.146663,0.0082108,1102.69,2038.8,0.00686425,54.0855,936.104,281.563,0.638156,-0.812992,0.103708,1.03873,2.18772e-14,4.28685e-15,1.03873,4.16064,141.959,308.13,5.73003,-9999,0.229589,0.903239,-9.80057,-0.454846,1.07728,0.388763,0,53.9198,-8.18253,18.5089,46.0898,70.2899,98.5826,147.695,-0.0628567,1.0031,113.148,1.00872,93.4165,1.07307,-6.34205,1.06763,2.1092,1.07307,0.0134011,1.07198,800000009,800000009,800000009,800000009,800000009,800010009,800000019,800100019,80000,80000,81,81,0,0,0,0,0,0,0,0.590814,1.12872,0.0869572,0.32732,5.18081,0.260274,0.000788363,0.0935187,-0.152931,0.050861,0.000323153,15.6677,420.516
A20151950930.slt,2015-07-14,10:00,195.417,1,36000,36000,-0.0580953,1,98.7934,1,108.404,2,-6.67226,1,2.44953,2,0.00785787,7,2.68672,-6.10841,0.0834486,-0.138027,-0.00585047,2.61139e-10,6.60044e-12,1.29204e-12,15.9715,386.287,390.096,4.35,0,403.689,9.76365,9.85991,4.3,0,0.0790223,1.91124,1.93008,6.2,0,290.877,291.82,100314.0,1.19315,1010.82,0.0241861,0.15873,0.00727448,979.69,2146.02,0.00609685,45.6515,1166.33,279.831,-0.269615,-1.57577,0.0858858,1.60097,-2.58762e-14,1.63503e-14,1.60097,3.93168,190.294,260.291,3.07516,-9999,0.220659,0.542233,-9.50782,-0.468851,0.911341,0.371225,0,56.2915,-8.54245,19.323,48.1171,73.3816,102.919,154.191,-0.0578584,1.00409,104.426,1.01137,105.114,1.0313,-6.54443,1.01953,2.37519,1.0313,0.00765921,1.02594,800000009,800000009,800000009,800000009,800000009,800010009,800000019,800000019,80000,80000,80,81,0,0,0,0,0,0,0,0.52347,0.488939,0.0720579,0.288423,4.91527,0.491307,0.00033659,0.0865842,-0.158284,0.0574465,0.000185246,15.6862,367.436
A20151951000.slt,2015-07-14,10:30,195.437,1,36000,36000,-0.0968503,2,125.246,1,101.234,1,-5.78576,1,2.28856,1,-0.00647256,4,1.56531,-0.590848,-0.0794933,-0.0133571,-0.00158534,-2.57291e-10,-6.43591e-12,-1.26593e-12,15.9134,385.581,389.336,4.3,0,398.06,9.645,9.73893,4.3,0,0.0782978,1.89716,1.91563,5.65,0,291.473,292.297,100295.0,1.19104,1010.76,0.02423,0.148299,0.00717305,967.608,2210.85,0.00602249,43.7663,1243.24,279.65,-0.416016,-0.603032,0.0992933,0.739308,-1.75272e-13,-1.61682e-14,0.739308,4.33195,224.436,235.399,7.71848,-9999,0.285159,0.923438,-16.1838,-0.275446,1.23719,0.364837,0,60.2279,-9.13982,20.6743,51.4819,78.5132,110.116,164.974,-0.0965918,1.00268,130.427,1.00755,93.4453,1.08335,-5.37189,1.07704,2.11249,1.08335,-0.00599217,1.08017,800000009,800000009,800000009,800000009,800000009,800000009,800000019,800000019,80000,80000,81,81,0,0,0,0,0,0,0,0.765646,0.979457,0.101774,0.366662,4.52285,0.184949,7.09636e-05,0.108341,-0.130161,0.0511856,-0.00014519,15.6245,359.229
A20151951030.slt,2015-07-14,11:00,195.458,1,36000,36000,-0.097464,1,135.934,1,125.677,1,-7.40474,1,2.84161,1,0.00198424,4,0.557947,1.09236,-0.0840863,0.0246986,0.000210336,-1.76159e-10,-4.51552e-12,-8.69285e-13,15.873,384.834,388.668,4.15,0,406.877,9.86452,9.9628,4.25,0,0.0783281,1.89903,1.91794,7.5,0,291.872,292.467,100294.0,1.19023,1010.89,0.0242445,0.184136,0.00733192,989.614,2234.39,0.00616008,44.2902,1244.77,279.977,0.370051,-1.87607,0.0950928,1.91458,7.46941e-14,-1.1098e-14,1.91458,4.93904,167.642,281.158,2.84691,-9999,0.286158,0.813683,-15.069,-0.295823,1.08161,0.394809,0,59.5877,-9.04266,20.4545,50.9346,77.6785,108.945,163.22,-0.0970053,1.00473,142.053,1.01302,121.013,1.03854,-7.23516,1.02344,2.73616,1.03854,0.00192435,1.03112,800000009,800000009,800000009,800000009,800000009,800000009,800000019,800000019,80000,80000,80,81,0,0,0,0,0,0,0,0.667473,0.854844,0.105049,0.395216,4.52698,0.209857,5.9851e-05,0.118064,-0.175413,0.0663367,4.66549e-05,15.5771,366.922
A20151951100.slt,2015-07-14,11:30,195.479,1,36000,36000,-0.0375631,1,175.112,1,147.437,1,-8.05085,1,3.3351,1,-0.00399234,4,1.51814,-1.22508,0.0629769,-0.027712,-4.19352e-05,4.68074e-10,1.16812e-11,2.30598e-12,15.8701,385.394,389.137,4.8,0,396.051,9.61781,9.71121,4.3,0,0.0781845,1.89865,1.91709,3.9,0,292.332,292.93,100288.0,1.18839,1010.76,0.0242843,0.216114,0.00713684,964.81,2299.65,0.00600545,41.9547,1334.84,279.608,0.572066,-1.40547,0.0712183,1.51911,8.34013e-15,2.94941e-14,1.51911,4.66177,154.094,292.148,2.68711,-9999,0.177787,0.598971,-2.80508,-1.58917,1.18771,0.819989,0,-9999.0,-9999.0,-9999.0,-9999.0,-9999.0,-9999.0,-9999.0,-0.0374158,1.00394,182.305,1.01095,138.892,1.06152,-7.68416,1.04772,3.14181,1.06152,-0.00378793,1.05396,800000009,800000009,800000009,800000009,800000009,800000009,800000019,800000019,80000,80000,80,80,0,0,0,0,0,0,0,0.591186,0.476333,0.130424,0.447446,4.32503,0.174873,5.58565e-05,0.151771,-0.186604,0.0762965,-9.19872e-05,15.5716,354.363
A20151951130.slt,2015-07-14,12:00,195.5,1,36000,36000,-0.0784946,2,167.292,1,146.944,1,-7.90861,1,3.32568,1,0.000182516,8,1.75508,-0.0136744,0.0115574,-0.000309483,-0.000203923,1.03544e-10,2.58258e-12,5.09486e-13,15.844,385.497,389.24,4.3,0,395.179,9.61505,9.7084,4.25,0,0.07796,1.89683,1.91525,4.25,1,292.848,293.467,100279.0,1.18612,1010.77,0.0243309,0.215504,0.00712113,964.449,2377.32,0.00600372,40.5688,1412.87,279.603,0.266187,-1.23054,0.0710939,1.261,-1.54192e-14,6.53522e-15,1.261,4.80126,170.041,282.206,3.23199,-9999,0.25725,0.951151,-8.89472,-0.501168,1.13848,0.542423,0,52.0228,-7.89466,17.8577,44.4683,67.8169,95.1142,142.498,-0.0782234,1.00347,174.997,1.0097,142.555,1.03079,-7.76256,1.01881,3.22635,1.03079,0.000178263,1.02386,800000009,800000009,800000009,800000009,800000009,800000009,800000019,800000019,80000,80000,81,81,0,0,0,0,0,0,0,0.545619,1.23732,0.119355,0.514687,4.60776,0.299737,6.64983e-05,0.145964,-0.18887,0.0784998,4.3373e-06,15.5468,352.094
A20151951200.slt,2015-07-14,12:30,195.521,1,36000,36000,-0.0717754,1,179.306,1,153.303,1,-7.7434,1,3.46992,1,0.0028532,4,0.326837,-1.33203,0.0563444,-0.0301498,-0.0005701,2.74684e-10,6.65075e-12,1.3462e-12,15.8558,386.0,389.642,4.15,0,383.906,9.34597,9.43415,4.3,0,0.0777076,1.89174,1.90959,3.05,0,293.128,293.567,100258.0,1.18558,1010.63,0.0243444,0.224851,0.00691799,937.257,2392.04,0.00583511,39.1823,1454.78,279.188,1.3852,-1.02174,0.0613394,1.72235,1.53845e-13,1.73239e-14,1.72235,5.14573,122.442,323.587,2.04095,-9999,0.24605,0.874724,-7.25988,-0.614025,1.16962,0.608204,0,49.9659,-7.58252,17.1517,42.7101,65.1356,91.3536,136.864,-0.0714656,1.00433,186.225,1.01199,137.772,1.11273,-7.07904,1.09385,3.11839,1.11273,0.0025909,1.10124,800000009,800000009,800000009,800000009,800000009,800000009,800000019,800000019,80000,80000,80,81,0,0,0,0,0,0,0,1.01139,0.617392,0.12067,0.470924,4.43233,0.297725,6.65145e-05,0.155423,-0.172335,0.0759153,6.3074e-05,15.5511,338.502
A20151951230.slt,2015-07-14,13:00,195.542,1,36000,36000,-0.0929153,1,160.657,1,150.142,1,-6.50706,1,3.39993,1,0.00455723,1,1.54417,-2.48402,0.092683,-0.0562501,-0.000469643,-1.2989e-10,-2.96932e-12,-6.338e-13,15.8616,386.829,390.28,4.1,0,362.602,8.84307,8.92197,4.25,0,0.0773972,1.88755,1.90439,3.85,0,293.768,294.04,100241.0,1.1837,1010.37,0.0243878,0.220315,0.00653409,886.673,2462.82,0.00552007,36.0023,1576.15,278.388,1.73263,-1.88379,0.0940781,2.56116,1.37474e-13,-8.18893e-15,2.56116,5.91309,136.662,312.607,2.1051,-9999,0.280171,1.07874,-11.9604,-0.372709,1.07003,0.479463,0,54.1866,-8.22302,18.6005,46.3179,70.6377,99.0703,148.425,-0.0923464,1.00616,166.858,1.01666,135.407,1.10882,-6.04729,1.07603,3.06627,1.10882,0.00419312,1.08683,800000009,800000009,800000009,800000009,800000009,800000009,800000019,800000019,80000,80000,80,81,0,0,0,0,0,0,0,0.508728,1.52123,0.127517,0.522926,4.39187,0.254727,6.16638e-05,0.139517,-0.14748,0.0747796,0.000102261,15.5567,315.806
A20151951300.slt,2015-07-14,13:30,195.562,1,36000,36000,-0.117289,1,173.907,1,169.156,1,-7.67726,1,3.83161,1,0.00395626,1,0.977466,-1.94763,0.0683207,-0.0441166,-0.00067056,8.81234e-11,1.92153e-12,4.27956e-13,15.8676,387.44,390.741,4.25,1,345.993,8.44817,8.52015,4.3,0,0.0770583,1.88154,1.89757,2.5,0,293.909,294.34,100222.0,1.18245,1010.16,0.0244171,0.248288,0.0062348,846.922,2508.62,0.00527278,33.7604,1661.7,277.731,0.907092,-2.62483,0.120906,2.77978,1.6403e-14,5.55367e-15,2.77978,6.54777,160.863,289.064,2.49285,-9999,0.314946,0.871577,-15.6922,-0.284074,1.02809,0.462284,0,58.1471,-8.82405,19.96,49.7033,75.8006,106.311,159.274,-0.116511,1.00667,181.054,1.01794,157.363,1.07494,-7.40991,1.03608,3.56449,1.07494,0.00377732,1.04737,800000009,800000009,800000009,800000009,800000009,800000009,800000019,800000019,80000,80000,80,80,0,0,0,0,0,0,0,0.892532,0.715609,0.135014,0.50209,4.36371,0.243759,5.69817e-05,0.151578,-0.180929,0.0870347,9.22313e-05,15.5751,299.556
A20151951330.slt,2015-07-14,14:00,195.583,1,36000,36000,-0.0982173,1,171.139,1,163.73,1,-6.81935,1,3.70924,1,0.00297899,4,0.477523,-0.546343,0.00806339,-0.0123772,-0.000202773,1.95662e-11,4.20965e-13,9.49108e-14,15.8591,387.513,390.771,4.15,0,341.208,8.3373,8.40739,4.25,0,0.0769287,1.87973,1.89553,6.65,0,294.137,294.487,100200.0,1.18165,1010.1,0.0244347,0.240358,0.00614856,835.624,2531.28,0.00520336,33.0119,1695.66,277.539,1.24103,-2.34347,0.09391,2.65346,-7.05154e-14,1.23375e-15,2.65346,6.22013,152.532,297.904,2.02821,-9999,0.288303,0.712251,-12.2298,-0.3645,1.04525,0.497329,0,57.3577,-8.70425,19.689,49.0285,74.7716,104.868,157.112,-0.097595,1.00638,178.009,1.0172,150.207,1.09003,-6.48993,1.05076,3.40287,1.09003,0.00280589,1.06169,800000009,800000009,800000009,800000009,800000009,800000009,800000019,800000019,80000,80000,80,80,0,0,0,0,0,0,0,0.708801,0.598598,0.117105,0.520317,4.23388,0.224108,5.76079e-05,0.149138,-0.158579,0.083148,6.85609e-05,15.5647,293.963
A20151951400.slt,2015-07-14,14:30,195.604,1,36000,36000,-0.0674584,1,136.524,1,163.92,1,-7.73496,1,3.71484,1,0.0078622,4,1.18122,-0.470214,-0.00377889,-0.0106563,-3.89537e-05,3.31165e-10,7.04392e-12,1.60624e-12,15.8346,387.479,390.699,4.1,0,336.804,8.2417,8.31019,4.3,0,0.0768022,1.87938,1.895,3.0,0,294.223,294.85,100178.0,1.17997,1010.06,0.0244704,0.240722,0.0060692,825.856,2588.2,0.00514351,31.9085,1762.34,277.371,0.704814,-1.59115,0.0830356,1.74224,1.77311e-13,2.0914e-14,1.74224,5.03897,155.044,293.891,2.73176,-9999,0.239101,0.989389,-8.74342,-0.50984,0.832869,0.479082,0,51.332,-7.78983,17.6206,43.8778,66.9165,93.8513,140.606,-0.0671646,1.00437,144.723,1.0121,152.693,1.07353,-7.39389,1.04613,3.46042,1.07353,0.0074645,1.05328,800000009,800000009,800000009,800000009,800000009,800000009,800000019,801000019,80000,80000,80,81,0,0,4,0,0,0,0,0.825234,1.04702,0.106516,0.416235,4.59944,0.296793,6.1623e-05,0.121428,-0.180931,0.0846777,0.000182659,15.5586,289.883
A20151951430.slt,2015-07-14,15:00,195.625,1,36000,36000,-0.0773422,1,162.401,1,158.071,1,-6.67029,1,3.58366,1,0.00438181,4,1.27686,0.71232,-0.0307393,0.0161491,0.000160389,-6.71215e-11,-1.45385e-12,-3.2604e-13,15.7994,387.203,390.477,4.1,0,342.215,8.38679,8.45773,4.3,0,0.0767449,1.88082,1.89673,2.6,0,294.521,295.243,100160.0,1.17812,1010.15,0.0245074,0.232221,0.00616671,840.244,2651.07,0.00523435,31.6945,1810.82,277.618,1.2474,-1.2074,0.0903756,1.73839,1.36586e-13,-4.24836e-15,1.73839,4.69653,132.075,315.934,2.98004,-9999,0.25622,0.860082,-9.04386,-0.492903,1.02739,0.532598,0,52.6315,-7.98704,18.0667,44.9886,68.6105,96.2272,144.166,-0.0770059,1.00437,169.737,1.01208,142.304,1.1108,-6.16386,1.08216,3.22621,1.1108,0.0040217,1.08954,800000009,800000009,800000009,800000009,800000009,800000009,800000019,800000019,80000,80000,80,81,0,0,0,0,0,0,0,0.843031,0.76223,0.114904,0.496991,4.16878,0.232921,5.89767e-05,0.142627,-0.15106,0.0790659,9.85614e-05,15.531,293.345
A20151951500.slt,2015-07-14,15:30,195.646,1,36000,36000,0.0433744,1,143.317,1,163.472,1,-6.6167,1,3.7061,1,0.00530333,4,-0.0108176,-0.61894,0.0279002,-0.014032,1.11896e-05,-1.6162e-10,-3.44582e-12,-7.84597e-13,15.8051,387.453,390.681,4.1,0,336.973,8.26069,8.32949,4.25,0,0.0767272,1.88092,1.89659,3.15,0,294.621,295.24,100130.0,1.17784,1010.08,0.0245144,0.240155,0.00607225,827.364,2650.53,0.0051554,31.2151,1823.16,277.397,1.55835,-1.01543,0.0468825,1.86058,3.83228e-13,-1.02258e-14,1.86058,5.01145,122.901,326.911,1.44388,-9999,0.191899,1.01695,-4.30452,-1.0356,0.876707,0.627745,0,-9999.0,-9999.0,-9999.0,-9999.0,-9999.0,-9999.0,-9999.0,0.0431751,1.00462,150.921,1.01272,145.278,1.12524,-6.05153,1.09339,3.29362,1.12524,0.0048152,1.10137,800000009,800000009,800000009,800000009,800000009,800010009,800000019,800000019,80000,80000,80,81,0,0,1,0,0,0,0,0.670221,1.24671,0.116968,0.374865,4.02793,0.1989,5.73578e-05,0.126855,-0.14835,0.080741,0.000118042,15.5327,288.502
A20151951530.slt,2015-07-14,16:00,195.667,1,36000,36000,-0.0831951,1,136.871,1,140.584,1,-5.60596,1,3.18878,1,-0.0017822,1,1.66283,-0.224503,-0.00117166,-0.00509226,-2.42052e-05,2.49482e-11,5.28968e-13,1.21102e-13,15.7754,387.443,390.652,4.15,0,334.481,8.21484,8.28288,4.3,0,0.0765759,1.8807,1.89628,12.8,0,294.955,295.753,100118.0,1.17568,1010.06,0.02456,0.206633,0.00602735,822.674,2734.57,0.00512669,30.0842,1911.9,277.316,0.807557,-1.48647,0.107807,1.6951,-1.91003e-13,1.58146e-15,1.6951,5.88188,147.183,298.514,3.64644,-9999,0.266013,1.05799,-12.0051,-0.371321,0.973593,0.433282,0,54.5576,-8.27933,18.7279,46.635,71.1214,99.7487,149.442,-0.0828405,1.00428,143.657,1.01185,129.03,1.08954,-5.29127,1.05947,2.92671,1.08954,-0.00167104,1.06652,800000009,800000009,800000009,800000009,800000009,800010009,800000019,800000019,80000,80000,80,81,0,0,0,0,0,0,0,0.883895,1.11886,0.113222,0.393332,4.03078,0.209572,5.52553e-05,0.120973,-0.129953,0.0718799,-4.10407e-05,15.5157,285.167
A20151951600.slt,2015-07-14,16:30,195.687,1,36000,36000,-0.11196,1,119.63,1,137.831,1,-5.37578,1,3.1276,1,0.00812401,2,1.3586,0.789959,-0.0418016,0.0179254,0.000135486,2.37071e-10,5.13046e-12,1.15265e-12,15.7375,387.066,390.335,4.0,0,340.575,8.37646,8.44722,4.25,0,0.0765163,1.88192,1.89782,3.6,0,295.196,296.173,100117.0,1.17393,1010.16,0.0245951,0.202668,0.00613716,838.851,2805.05,0.00522788,29.905,1966.2,277.594,0.399788,-2.23207,0.107251,2.27012,-9.0907e-14,1.50641e-14,2.27012,4.61515,170.006,280.155,2.70792,-9999,0.308825,0.667062,-21.4921,-0.207414,0.867946,0.326658,0,61.5181,-9.33561,21.1172,52.5847,80.195,112.475,168.508,-0.111348,1.0055,126.299,1.01499,130.239,1.05829,-5.27466,1.01917,2.95533,1.05829,0.00790085,1.02824,800000009,800000009,800000009,800000009,800000009,800000009,800000019,800000019,80000,80000,80,80,0,0,1,0,0,0,0,0.559286,0.661948,0.112889,0.33433,4.28287,0.257734,6.3241e-05,0.106504,-0.129731,0.0726866,0.000194322,15.488,291.193
A20151951630.slt,2015-07-14,17:00,195.708,1,36000,36000,-0.076418,1,103.478,1,143.279,1,-5.69801,1,3.2506,1,0.00628518,2,-0.636543,1.6784,-0.0564008,0.0380783,0.000470362,-4.77162e-12,-1.07634e-13,-2.32825e-14,15.7253,386.558,389.958,4.25,1,354.716,8.71961,8.79631,4.35,0,0.0767296,1.88616,1.90275,2.75,0,295.302,295.977,100104.0,1.1744,1010.35,0.0245819,0.210639,0.00639199,873.102,2771.85,0.00544275,31.4989,1898.75,278.167,1.20574,-2.06897,0.0987642,2.39671,-1.00503e-14,-3.03436e-16,2.39671,5.49441,150.345,300.232,2.36173,-9999,0.255087,0.523299,-14.0018,-0.318371,0.722217,0.341878,0,55.9676,-8.4933,19.2119,47.8403,72.9594,102.327,153.304,-0.0759786,1.00578,110.337,1.01571,131.053,1.09329,-5.40397,1.05441,2.97323,1.09329,0.00590533,1.06432,800000009,800000009,800000009,800000009,800000009,800000009,800000019,800000019,80000,80000,80,80,0,0,0,0,0,0,0,0.550974,0.398093,0.0975325,0.266352,4.11948,0.236305,6.25112e-05,0.0929891,-0.13284,0.0730877,0.000145165,15.4607,303.978
A20151951700.slt,2015-07-14,17:30,195.729,1,36000,36000,-0.11886,1,98.121,1,144.312,2,-5.78105,1,3.27423,2,0.0104192,4,0.183384,7.02124,-0.141682,0.159302,0.00177936,2.01724e-10,5.31732e-12,9.95951e-13,15.6673,385.28,389.233,4.35,0,412.98,10.1557,10.2599,4.25,0,0.0773524,1.9022,1.92172,2.3,0,295.326,296.033,100085.0,1.17331,1011.14,0.0245914,0.21217,0.00744189,1016.71,2781.38,0.00634264,36.554,1764.68,280.371,0.38755,-2.58944,0.139508,2.62199,-3.60216e-13,1.28755e-14,2.62199,5.3732,171.337,278.512,3.04997,-9999,0.318282,0.718633,-28.6868,-0.155394,0.679923,0.259852,0,64.1139,-9.72953,22.0082,54.8036,83.5789,117.221,175.618,-0.118116,1.0063,105.398,1.01701,137.758,1.04758,-5.6855,1.01681,3.12552,1.04758,0.0101427,1.02726,800000009,800000009,800000009,800000009,800000009,800000009,800000019,800000019,80000,80000,80,81,0,0,0,0,0,0,0,0.541294,0.787919,0.108052,0.236718,4.25886,0.459868,9.07525e-05,0.0888395,-0.139814,0.076861,0.000249423,15.4052,361.562
A20151951730.slt,2015-07-14,18:00,195.75,1,36000,36000,-0.0976974,1,70.5084,1,93.5864,1,-4.41662,1,2.12331,1,0.00851734,1,-0.0431432,2.77243,-0.0646001,0.0629014,0.000818503,-1.4741e-11,-4.10885e-13,-7.3172e-14,15.64,384.698,388.868,4.2,0,435.944,10.7229,10.8392,4.3,0,0.0776346,1.90958,1.93028,10.35,0,295.23,296.02,100057.0,1.17279,1011.45,0.0245971,0.137591,0.00785571,1073.19,2779.14,0.00669832,38.616,1705.95,281.163,0.207086,-2.81858,0.0936636,2.82773,4.76268e-14,-9.42518e-16,2.82773,5.21027,176.529,274.202,1.89817,-9999,0.288624,0.637257,-29.7659,-0.149761,0.753404,0.205941,0,63.5347,-9.64164,21.8094,54.3085,82.8239,116.162,174.031,-0.0970386,1.00679,75.1241,1.01823,90.2809,1.03661,-4.38492,1.00723,2.04832,1.03661,0.0083635,1.01839,800000009,800000009,800000009,800000009,800000009,800000009,800000019,800000019,80000,80000,80,80,0,0,0,0,0,0,0,0.503732,0.679934,0.090848,0.174339,4.2396,0.293037,9.0755e-05,0.0633308,-0.107856,0.0503826,0.000205718,15.3793,384.764
A20151951800.slt,2015-07-14,18:30,195.771,1,36000,35769,-0.136828,1,54.484,1,72.0829,1,-3.79044,1,1.63453,1,0.0165446,2,-1.85896,5.93205,-0.114996,0.134513,0.00214981,-1.16842e-11,-3.6343e-13,-5.87443e-14,15.6269,383.663,388.297,4.25,1,486.067,11.9336,12.0778,4.25,0,0.0785671,1.92893,1.95223,3.9,0,294.835,295.447,100049.0,1.17443,1012.11,0.0245514,0.105917,0.00875893,1194.27,2684.09,0.00745803,44.4944,1489.82,282.745,0.178324,-3.89908,0.0689334,3.90376,-4.1426e-14,-7.47696e-16,3.90376,7.03385,177.364,272.619,1.01179,-9999,0.34133,0.707654,-63.7196,-0.0699589,0.755851,0.134289,0,64.0451,-9.71909,21.9846,54.7448,83.4892,117.095,175.429,-0.135542,1.00949,57.7129,1.02479,69.5849,1.0359,-3.76788,1.00599,1.57788,1.0359,0.0161984,1.02137,800000009,800000009,800000009,800000009,800000009,800000009,800000019,800000019,80000,80000,80,80,0,0,0,0,0,0,0,0.792853,0.498245,0.124208,0.131761,3.72861,0.188463,0.000145649,0.0485534,-0.0925067,0.0387392,0.000397693,15.3546,436.992
A20151951830.slt,2015-07-14,19:00,195.792,1,36000,36000,-0.167064,1,48.5048,1,78.9956,1,-4.3638,1,1.79063,1,0.013898,1,-1.20115,0.652017,-0.0208351,0.0147796,0.000701112,-4.21208e-11,-1.32538e-12,-2.12566e-13,15.6383,383.475,388.159,4.35,0,492.077,12.0665,12.2139,4.3,0,0.0789198,1.93524,1.95887,4.2,0,294.58,295.077,100045.0,1.1758,1012.17,0.0245216,0.116033,0.00886723,1207.52,2624.27,0.00754144,46.0136,1416.75,282.909,0.18458,-3.80405,0.103793,3.80994,3.13288e-13,-2.69344e-15,3.80994,6.79023,177.286,272.778,1.56108,-9999,0.376942,0.747111,-96.3945,-0.0462449,0.614019,0.108124,0,66.3954,-10.0758,22.7914,56.7538,86.5531,121.392,181.867,-0.165534,1.00924,52.3087,1.0242,76.456,1.03322,-4.33732,1.0061,1.73307,1.03322,0.0136105,1.02112,800000009,800000009,800000009,800000009,800000009,800000009,800000019,800000019,80000,80000,80,80,0,0,0,0,0,0,0,0.716466,0.639295,0.138461,0.064757,4.13854,0.237044,0.000111366,0.0439528,-0.106358,0.0424975,0.000333751,15.3553,443.002
A20151951900.slt,2015-07-14,19:30,195.812,1,36000,36000,-0.165279,1,29.9065,1,64.9225,1,-3.8201,1,1.47052,1,0.0140284,1,-2.5285,3.45957,-0.0199358,0.0783609,0.00163066,8.74559e-11,2.91348e-12,4.44895e-13,15.6738,383.297,388.254,4.2,0,522.152,12.769,12.9342,4.4,0,0.0797338,1.94985,1.97507,4.3,0,294.048,294.3,100055.0,1.17871,1012.54,0.0244546,0.09529,0.00940918,1277.95,2502.47,0.00798263,51.0675,1224.52,283.757,0.91304,-3.96431,0.0983233,4.06928,8.20761e-14,5.57975e-15,4.06928,7.53479,166.994,282.97,1.38453,-9999,0.374462,0.698008,-153.301,-0.0290784,0.460649,0.0669174,0,63.2011,-9.59101,21.6949,54.0233,82.389,115.552,173.118,-0.163656,1.00992,33.1164,1.02582,61.7605,1.0512,-3.71671,1.02782,1.3989,1.0512,0.0134346,1.0442,800000009,800010009,800000009,800000009,800000009,800000009,800010019,800010019,80000,80000,80,80,0,0,0,0,0,0,0,0.781864,0.459685,0.154466,0.0760055,3.93316,0.136711,9.03429e-05,0.0277476,-0.0908904,0.0342096,0.000328538,15.3698,475.003
A20151951930.slt,2015-07-14,20:00,195.833,1,36000,36000,-0.104432,1,2.42216,1,38.8162,1,-2.78585,1,0.878399,1,0.012838,1,-3.10302,1.87334,-0.021111,0.042393,0.0014418,8.6768e-11,2.97777e-12,4.44529e-13,15.7173,383.108,388.212,4.2,0,539.398,13.1478,13.323,4.4,0,0.0805227,1.96274,1.98889,4.1,0,293.405,293.35,100058.0,1.18238,1012.74,0.024375,0.0569203,0.00971995,1315.9,2360.24,0.00822064,55.7527,1044.34,284.197,1.02732,-3.6525,0.0772389,3.79501,4.82973e-14,5.52054e-15,3.79501,6.66488,164.327,285.709,1.16621,-9999,0.297192,0.513802,-946.291,-0.00471076,0.0624008,0.00680631,0,59.2367,-8.98939,20.334,50.6346,77.221,108.303,162.258,-0.10348,1.0092,4.65769,1.02411,36.7821,1.0553,-2.68564,1.03731,0.832368,1.0553,0.0121949,1.05274,800000009,800010009,800000009,800000009,800000009,800000009,800010019,800010019,80000,80000,80,80,0,0,1,0,0,0,0,0.550015,0.363106,0.114482,0.0330738,3.78699,0.0884521,0.000116107,0.00388972,-0.0654624,0.020289,0.000297251,15.3914,495.341
A20151952000.slt,2015-07-14,20:30,195.854,1,36000,36000,-0.0664518,1,-11.7809,2,29.7675,1,-2.1658,1,0.672839,1,0.013713,1,-3.9798,2.53299,-0.083459,0.0572537,0.00388915,-3.08659e-11,-1.10247e-12,-1.61234e-13,15.7517,382.365,387.66,4.15,0,562.62,13.6573,13.8464,4.35,0,0.0822818,1.99735,2.025,4.55,0,292.485,292.137,100057.0,1.18705,1012.99,0.0242745,0.0436,0.0101384,1366.87,2188.9,0.00854085,62.4456,822.029,284.77,0.905771,-2.75557,0.0887456,2.90198,-1.2937e-14,-1.95953e-15,2.90198,5.17897,161.492,288.196,1.75244,-9999,0.236603,0.297902,98.1788,0.0454044,-0.395763,-0.041408,0,58.5683,-8.88797,20.1046,50.0633,76.3497,107.082,160.428,-0.0657568,1.01057,-9.82739,1.02491,27.783,1.07143,-2.05507,1.05388,0.627984,1.07143,0.0127751,1.07342,800000009,800010009,800000009,800000009,800000009,800000009,800010019,800010019,80000,80000,80,80,0,0,0,0,0,0,0,0.324159,0.197097,0.0745476,0.0444113,3.9382,0.0948726,0.000179121,-0.0081727,-0.0498857,0.015244,0.00031011,15.405,522.153
A20151952030.slt,2015-07-14,21:00,195.875,1,36000,36000,-0.0661585,5,-34.9939,5,25.1975,5,-1.67049,5,0.569087,5,0.041162,5,-2.71867,-2.031,0.147019,-0.0458706,0.001624,-1.60209e-10,-5.53289e-12,-8.40049e-13,15.8486,383.67,388.822,4.45,0,547.339,13.2502,13.4282,4.7,0,0.0831016,2.01176,2.03877,4.35,0,291.676,291.31,100046.0,1.19047,1012.74,0.0242085,0.0368769,0.00986304,1325.98,2078.5,0.00828499,63.7953,752.513,284.312,0.616432,-2.59632,0.0803886,2.6697,-1.07059e-13,-1.01087e-14,2.6697,5.11541,167.364,283.356,1.72552,-9999,0.23574,0.348609,32.6864,0.136379,-1.38879,-0.123124,0,67.1068,-10.1837,23.0356,57.3619,87.4805,122.693,183.816,-0.0652392,1.01409,-32.6217,1.03167,23.4202,1.07589,-1.59035,1.05039,0.52895,1.07589,0.038106,1.0802,800000009,800010009,800000009,800000009,800000009,800000009,800010019,810110019,80000,80000,80,81,0,0,1,0,0,0,0,0.468028,0.17671,0.0524795,0.294086,3.66466,0.0770623,0.000648568,-0.0270576,-0.0385,0.0128051,0.000922488,15.4963,510.486
A20151952100.slt,2015-07-14,21:30,195.896,1,36000,36000,-0.0180567,5,-14.2555,5,5.25961,5,0.467903,5,0.118617,5,0.0287757,5,-4.97003,3.71052,-0.244672,0.0836814,0.0142802,-7.17926e-11,-2.63246e-12,-4.02299e-13,15.8407,381.51,386.923,11.95,0,580.841,13.9891,14.1875,4.85,0,0.0887655,2.13784,2.16817,4.45,0,290.621,289.807,100043.0,1.19628,1013.12,0.0240842,0.00768639,0.0104668,1399.88,1890.17,0.00874942,74.0611,490.289,285.132,0.360414,-1.80835,0.0976847,1.84651,-1.0064e-13,-4.53216e-15,1.84651,3.79803,166.098,281.272,3.0325,-9999,0.122858,0.246963,11.3586,0.392456,-2.71036,-0.0957376,0,-9999.0,-9999.0,-9999.0,-9999.0,-9999.0,-9999.0,-9999.0,-0.0177276,1.01857,-13.4811,1.03991,4.71036,1.11661,0.428889,1.09096,0.10623,1.11661,0.0254085,1.13252,800000009,800010009,800000009,800000009,800000009,800000009,801100019,811100019,80000,80000,80,81,0,0,0,0,0,0,0,0.131494,0.349068,0.0133636,0.0663732,4.40861,0.0874225,0.000932734,-0.0111232,0.0103294,0.00255847,0.000611942,15.4616,547.464
A20151952130.slt,2015-07-14,22:00,195.917,1,36000,36000,-0.020873,5,-2.39967,7,-15.6161,6,-0.572298,5,-0.351753,6,-0.0463757,6,-4.19555,4.11325,-0.0451264,0.0926511,0.014559,-1.66013e-10,-6.44842e-12,-9.86995e-13,15.8942,381.113,386.84,4.35,0,617.375,14.8035,15.0259,7.5,0,0.0944954,2.26582,2.29987,7.95,0,289.595,288.543,100047.0,1.2012,1013.55,0.0239781,-0.0227936,0.0111251,1481.45,1743.66,0.00926168,84.9619,262.213,285.994,1.09448,-1.86394,0.104441,2.16404,-4.21882e-13,-1.04449e-14,2.16404,3.71179,150.56,300.421,2.76628,-9999,0.131821,0.346763,83.3616,0.0534749,0.153667,-0.0149522,0,-9999.0,-9999.0,-9999.0,-9999.0,-9999.0,-9999.0,-9999.0,-0.0206717,1.00974,-3.22161,1.02249,-14.1456,1.10395,-0.522707,1.09487,-0.318631,1.10395,-0.0416336,1.1139,800000009,800000009,800000009,800000009,800000009,800000009,801100019,811110019,80000,80000,80,81,0,0,1,0,0,0,0,0.163144,0.517873,0.0125095,0.180176,4.02528,0.200766,0.00325412,-0.00264613,-0.0125335,-0.00764017,-0.000998296,15.4838,589.604
A20151952200.slt,2015-07-14,22:30,195.937,1,36000,36000,-0.0288068,1,-22.2953,1,3.28579,4,0.23656,1,0.0739704,4,0.0269468,1,-1.9747,3.41066,0.312305,0.0767814,-0.0161315,2.71723e-11,1.0956e-12,1.50376e-13,16.0411,383.853,389.887,2.95,0,646.781,15.4771,15.7204,50.55,0,0.0887741,2.12431,2.1577,4.35,0,289.323,287.95,100045.0,1.20334,1013.92,0.0239294,0.00479328,0.011655,1548.82,1678.36,0.00968557,92.2816,129.542,286.675,0.921274,-2.16873,0.10285,2.35854,2.58486e-14,1.69392e-15,2.35854,3.92147,157.137,293.016,2.49932,-9999,0.154722,0.166726,14.5092,0.307236,-6.78538,-0.118105,0,-9999.0,-9999.0,-9999.0,-9999.0,-9999.0,-9999.0,-9999.0,-0.0282597,1.01936,-21.3309,1.0419,2.85309,1.15166,0.209051,1.13159,0.0642293,1.15166,0.022858,1.17888,800000009,800000009,800000009,800000009,800000009,800000009,800000019,800100019,80000,80000,80,80,0,0,0,0,0,0,0,0.146565,0.155219,0.031669,0.06811,3.87373,0.0622877,0.00198216,-0.017483,0.00500246,0.00153697,0.000546978,15.5943,619.481
A20151952230.slt,2015-07-14,23:00,195.958,1,36000,36000,-0.010452,5,-1.99877,8,5.90452,6,-1.08951,6,0.132795,6,-0.0161278,6,-3.37302,0.282017,0.286646,0.00634266,0.0106192,1.29325e-11,5.19916e-13,7.4214e-14,16.2016,386.359,392.455,7.75,0,651.343,15.5325,15.7776,4.05,0,0.0929742,2.21715,2.25213,7.2,0,288.375,286.94,100039.0,1.20747,1013.94,0.0238469,0.00860511,0.0117372,1554.27,1572.13,0.00972047,98.8641,17.8575,286.729,0.831531,-1.98422,0.103229,2.15389,8.96699e-14,7.98221e-16,2.15389,3.07903,156.758,292.737,2.74704,-9999,0.0930383,0.0899571,35.1885,0.126682,-0.338515,-0.0175474,0,-9999.0,-9999.0,-9999.0,-9999.0,-9999.0,-9999.0,-9999.0,-0.0103387,1.01096,-1.63176,1.02493,5.40222,1.09298,-1.00495,1.08414,0.121498,1.09298,-0.0145771,1.10638,800000009,800000009,800000009,800000009,800000009,800000009,811100019,811110019,80000,80000,80,80,0,0,1,0,0,0,0,0.0653825,0.108222,0.00630951,0.147712,6.45577,0.0842166,0.00181613,-0.00133281,-0.0239649,0.00289734,-0.000347619,15.7301,628.476
A20151952300.slt,2015-07-14,23:30,195.979,1,36000,36000,-0.0119263,5,-13.5662,5,-3.91024,5,0.832516,5,-0.0878481,5,0.0305918,5,-3.75404,-2.12584,0.380682,-0.0477594,0.00216821,-5.67855e-11,-2.20286e-12,-3.25846e-13,16.402,389.674,395.655,4.6,0,636.278,15.1166,15.3486,7.9,0,0.0941178,2.23603,2.27035,4.5,0,287.483,285.82,100022.0,1.21219,1013.68,0.0237578,-0.00569255,0.0114657,1512.4,1461.28,0.00945866,100.0,0.0,286.31,0.591943,-1.99972,0.112265,2.08851,-4.1959e-14,-3.46211e-15,2.08851,3.01805,164.044,286.489,3.08134,-9999,0.0991897,0.135704,6.28092,0.709729,3.46941,-0.111307,0,-9999.0,-9999.0,-9999.0,-9999.0,-9999.0,-9999.0,-9999.0,-0.0115753,1.03032,-13.0167,1.0636,-3.30552,1.18294,0.721687,1.15357,-0.0742624,1.18294,0.0249119,1.228,800000009,800000009,800000009,800000009,800000009,800000009,811100019,811110019,80000,80000,80,81,0,0,12,0,0,0,0,0.0749226,0.188838,0.00764736,0.0947408,4.20787,0.059457,0.00337401,-0.0105932,0.0171457,-0.00176431,0.000591852,15.9032,615.157
A20151952330.slt,2015-07-15,00:00,196.0,1,36000,36000,-0.0270085,5,-7.98756,5,9.61012,7,-2.32832,7,0.215774,7,-0.0726294,7,-2.08227,-1.5822,0.372988,-0.0355248,0.00947209,2.94903e-10,1.1114e-11,1.74004e-12,16.5725,392.916,398.822,7.0,0,624.566,14.8078,15.0303,50.7,0,0.0977842,2.31836,2.3532,9.25,0,286.892,285.2,100011.0,1.21483,1013.49,0.0237089,0.0139822,0.0112547,1481.34,1402.92,0.00926437,100.0,0.0,285.993,0.535446,-1.7054,0.119516,1.79148,1.14567e-13,1.77947e-14,1.79148,3.45342,163.905,287.431,3.82526,-9999,0.149105,0.301245,36.2308,0.123038,-0.831161,-0.0435098,0,-9999.0,-9999.0,-9999.0,-9999.0,-9999.0,-9999.0,-9999.0,-0.026743,1.00993,-7.30616,1.02251,9.00104,1.06767,-2.19608,1.06022,0.202099,1.06767,-0.0673059,1.07909,800000009,800000009,800000009,800000009,800000009,800100009,800110019,811110019,80000,80000,80,81,0,0,7,0,0,0,0,0.303154,0.293143,0.0061943,0.149345,10.0248,0.112765,0.0113346,-0.00593408,-0.0520668,0.00479155,-0.00159575,16.0613,604.22
A20151960000.slt,2015-07-15,00:30,196.021,0,36000,36000,-0.00973225,5,-13.0363,5,-3.11772,5,1.11533,5,-0.0699481,5,0.0387105,5,-2.69411,-2.20508,0.353594,-0.0494724,0.00194959,4.91705e-11,1.78549e-12,2.89977e-13,16.7488,395.981,401.758,4.5,0,608.186,14.379,14.5888,31.55,0,0.098774,2.33526,2.36932,4.45,0,286.146,284.4,100011.0,1.21845,1013.23,0.0236424,-0.00453264,0.0109595,1438.44,1330.66,0.00899463,100.0,0.0,285.545,0.745456,-2.094,0.123568,2.22617,-3.35614e-14,2.93576e-15,2.22617,3.4406,160.799,289.595,3.18196,-9999,0.0893722,0.121207,4.78006,0.932572,4.18134,-0.11815,0,-9999.0,-9999.0,-9999.0,-9999.0,-9999.0,-9999.0,-9999.0,-0.00937398,1.03822,-12.2819,1.07937,-2.47461,1.25988,0.913534,1.22089,-0.0555195,1.25988,0.0293328,1.3197,800000009,800000009,800000009,800000009,800000009,800100009,801110019,811110019,80000,80000,80,80,0,0,21,0,0,0,0,0.0854486,0.149599,0.00736724,0.106547,5.20784,0.0530703,0.00796115,-0.00994834,0.0215982,-0.00131261,0.000693498,16.2352,586.656
A20151960030.slt,2015-07-15,01:00,196.042,1,36000,36000,-0.0131668,5,-6.79388,5,-5.68678,5,0.685467,5,-0.127502,5,0.0341014,5,-2.34052,-0.558392,0.0825573,-0.0125196,-0.00612374,2.24619e-11,8.08049e-13,1.29231e-13,16.82,396.695,402.438,4.6,0,605.085,14.2707,14.4773,23.1,0,0.0967708,2.28231,2.31535,4.15,0,285.666,283.707,100011.0,1.22148,1013.16,0.0235847,-0.0082621,0.0109036,1427.62,1270.7,0.00892655,100.0,0.0,285.43,0.300469,-2.05423,0.139059,2.08074,-3.68187e-13,1.33543e-15,2.08074,2.8341,171.472,278.322,3.83201,-9999,0.103823,0.236142,14.3792,0.310014,1.19468,-0.0528762,0,-9999.0,-9999.0,-9999.0,-9999.0,-9999.0,-9999.0,-9999.0,-0.0129304,1.01829,-6.88454,1.03953,-5.32651,1.06764,0.651788,1.05167,-0.119424,1.06764,0.0312247,1.09213,800000009,800110009,800000009,800000009,800000009,810000009,811110019,811110019,80000,80000,80,81,0,0,29,0,0,0,0,0.0387645,0.431407,0.00211312,0.129068,7.21551,0.0849279,0.00496475,-0.00556306,0.0153722,-0.00281658,0.000736426,16.4184,474.225
A20151960100.slt,2015-07-15,01:30,196.062,1,36000,36000,-0.0286282,5,-14.9201,5,-6.96569,6,-0.739035,6,-0.156088,6,0.025662,5,-1.98421,-2.62154,0.258001,-0.0587439,0.00696136,3.29678e-10,1.13748e-11,1.93579e-12,16.9483,398.921,404.488,8.75,0,584.761,13.7639,13.9559,48.45,0,0.0995165,2.34238,2.37507,4.65,0,284.843,283.12,100004.0,1.22416,1012.86,0.0235376,-0.0101145,0.0105374,1376.81,1221.83,0.00860783,100.0,0.0,284.88,-0.843219,-1.76875,0.158171,1.96584,-1.84536e-13,1.9452e-14,1.96584,3.65064,203.7,244.511,4.61498,-9999,0.152925,0.22507,20.9198,0.213087,2.14195,-0.078688,0,-9999.0,-9999.0,-9999.0,-9999.0,-9999.0,-9999.0,-9999.0,-0.0282291,1.01414,-14.9026,1.03111,-6.18095,1.12696,-0.663088,1.11454,-0.138504,1.12696,0.0223923,1.14602,800000009,800000009,800000009,800000009,800000009,800000009,811110019,811110019,80000,80000,80,81,0,0,10,0,0,0,0,0.20293,0.234754,0.0124561,0.0757207,4.85603,0.06558,0.00467459,-0.0120192,-0.0156075,-0.00326004,0.000527061,16.6169,517.921
A20151960130.slt,2015-07-15,02:00,196.083,1,36000,36000,-0.0508,5,1.95882,5,15.1602,5,-2.72012,5,0.339539,5,-0.0838052,5,-1.79557,-1.23757,0.415725,-0.0277176,0.0137806,-1.07638e-10,-3.6169e-12,-6.58145e-13,17.1301,402.502,408.021,7.95,0,575.614,13.5251,13.7105,3.8,0,0.104741,2.46108,2.49482,11.6,0,284.528,282.59,99990.3,1.2264,1012.71,0.0234968,0.0220021,0.0103726,1352.74,1179.12,0.00845774,100.0,0.0,284.613,1.17842,-1.69242,0.133922,2.06662,-1.14945e-13,-6.28355e-15,2.06662,4.1715,148.824,304.849,3.71551,-9999,0.203524,0.494649,-375.567,-0.0118694,0.129208,0.00774926,0,127.54,-19.3547,43.7804,109.019,166.262,233.184,349.352,-0.0505446,1.00505,2.78294,1.01385,14.144,1.07184,-2.54592,1.06842,0.316779,1.07184,-0.0778074,1.07708,800000009,800000009,800000009,800000009,800000009,800100009,801100019,811110019,80000,80000,80,80,0,0,7,0,0,0,0,0.345382,0.635992,0.00792581,0.25892,11.0161,0.0937309,0.0130707,0.00224071,-0.0598209,0.0074433,-0.00182823,14.6343,299.28
A20151960200.slt,2015-07-15,02:30,196.104,1,36000,36000,-0.00373378,5,-4.87,5,-5.73942,5,1.41014,6,-0.128627,5,0.0696612,6,2.25304,3.13514,-0.573209,0.0702618,-0.0264871,-2.05128e-11,-7.29172e-13,-1.15183e-13,16.876,397.552,403.25,4.75,0,599.895,14.1319,14.3345,50.1,0,0.0947622,2.23234,2.26434,4.4,0,285.253,283.257,99969.0,1.22297,1013.06,0.0235573,-0.00833501,0.0108101,1413.13,1233.07,0.00883922,100.0,0.0,285.275,0.579918,-2.07865,0.129,2.16189,5.50748e-14,-1.2155e-15,2.16189,2.77307,164.335,285.588,3.42089,-9999,0.0552543,0.123822,3.02264,1.47479,0.848517,-0.0711397,0,-9999.0,-9999.0,-9999.0,-9999.0,-9999.0,-9999.0,-9999.0,-0.00354397,1.05356,-4.67356,1.1096,-4.42739,1.29634,1.13229,1.24539,-0.0992225,1.29634,0.0506806,1.37451,800000009,800110009,800000009,800000009,800000009,800100019,811110019,811110019,80000,80000,80,80,0,0,16,0,0,0,0,0.0315247,0.214404,0.00171507,0.0801773,9.50279,0.0806861,0.0118076,-0.00377221,0.0266737,-0.00233741,0.0011939,11.0187,3.93261
A20151960230.slt,2015-07-15,03:00,196.125,1,36000,36000,-0.0390613,5,-25.9145,5,-32.2482,5,4.87785,5,-0.722116,5,0.181673,5,-2.94861,-4.61553,0.649682,-0.103353,0.0246645,1.72508e-10,5.66631e-12,1.04609e-12,17.1651,403.146,408.556,4.4,0,563.818,13.242,13.4197,43.65,0,0.10409,2.4447,2.47751,4.45,0,283.915,282.387,99963.0,1.22708,1012.55,0.0234863,-0.0467931,0.01016,1324.07,1163.09,0.00827982,100.0,0.0,284.29,0.433718,-1.15786,0.127389,1.24297,-9.56424e-14,1.00499e-14,1.24297,2.77036,159.18,290.535,5.88245,-9999,0.178418,0.23128,19.1204,0.233141,0.803597,-0.1169,0,-9999.0,-9999.0,-9999.0,-9999.0,-9999.0,-9999.0,-9999.0,-0.0386183,1.01147,-27.1036,1.02516,-28.9161,1.11523,4.40736,1.10675,-0.647501,1.11523,0.161023,1.12824,800000009,800110009,800000009,800000009,800000009,800000009,811110019,811110019,80000,80000,80,81,0,0,0,0,0,0,0,0.322192,0.135147,0.00521972,0.204149,11.3822,0.140693,0.0126124,-0.0218141,0.103513,-0.0152074,0.00378184,15.9546,218.002
A20151960300.slt,2015-07-15,03:30,196.146,1,36000,36000,-0.0275154,5,-15.1248,6,-29.6697,6,3.96737,6,-0.664428,6,0.163232,6,0.282367,2.22422,-0.534766,0.0498097,-0.0185382,-2.32927e-10,-7.99001e-12,-1.33549e-12,16.9638,398.54,404.064,4.25,1,581.904,13.671,13.8605,7.1,0,0.0972622,2.28504,2.31671,4.25,1,284.405,282.47,99961.7,1.2265,1012.78,0.0234936,-0.0430549,0.0104859,1366.94,1169.63,0.00854946,100.0,0.0,284.771,0.577762,-1.38963,0.132725,1.51079,-1.53335e-13,-1.37308e-14,1.51079,2.48312,161.046,292.576,5.04001,-9999,0.14978,0.154493,19.3832,0.22998,0.509773,-0.0812925,0,-9999.0,-9999.0,-9999.0,-9999.0,-9999.0,-9999.0,-9999.0,-0.0271644,1.01292,-16.3659,1.02829,-26.7517,1.10908,3.61097,1.0987,-0.599084,1.10908,0.145096,1.125,800000009,800110009,800000009,800000009,800000009,810000009,811110019,811110019,80000,80000,80,81,0,0,1,0,0,0,0,0.253134,0.0529455,0.0029062,0.102424,8.5475,0.166491,0.0101292,-0.0131751,0.0848346,-0.0140746,0.00340883,12.4697,1048.54
A20151960330.slt,2015-07-15,04:00,196.167,1,36000,36000,-0.0104192,5,-4.25841,5,-1.43114,6,0.659259,5,-0.0320501,6,0.132797,5,0.10164,-0.760643,0.546819,-0.0170345,0.0558048,1.02377e-10,3.43354e-12,7.0216e-13,17.1626,403.25,408.778,4.45,0,575.603,13.5243,13.7097,46.9,0,0.117711,2.76571,2.80363,4.6,0,284.048,282.5,99962.7,1.22645,1012.71,0.0234958,-0.00207685,0.0103724,1352.29,1172.0,0.00845722,100.0,0.0,284.608,0.573581,-0.984918,0.124919,1.14659,-9.19299e-14,5.96512e-15,1.14659,1.93176,149.317,300.215,6.25471,-9999,0.0921706,0.0850624,16.0427,0.277868,2.97554,-0.037198,0,-9999.0,-9999.0,-9999.0,-9999.0,-9999.0,-9999.0,-9999.0,-0.0102974,1.01183,-4.24161,1.02581,-1.2173,1.17567,0.565053,1.16672,-0.0272612,1.17567,0.111651,1.18939,800000009,800110009,800000009,800000009,800000009,800000009,811110019,811110019,80000,80000,80,81,0,0,7,0,0,0,0,0.0815634,0.086389,0.00217238,0.127077,14.1892,0.109869,0.0289153,-0.00341505,0.0132764,-0.000640524,0.00262333,14.1277,1500.75
A20151960400.slt,2015-07-15,04:30,196.187,1,36000,36000,-0.0160452,5,-9.49261,5,-8.01005,5,2.58021,6,-0.179489,5,0.478547,5,2.07349,2.3975,-0.814654,0.0537232,0.0305056,2.87706e-11,1.01572e-12,2.19949e-13,16.8254,396.217,401.838,2.5,0,594.003,13.9881,14.1865,7.5,0,0.128629,3.02907,3.07204,4.5,0,284.513,283.113,99954.3,1.22348,1012.98,0.0235488,-0.0116309,0.0107039,1398.54,1221.29,0.00874879,100.0,0.0,285.117,0.874218,-0.853927,0.129807,1.22894,1.27145e-14,1.70995e-15,1.22894,2.46473,134.449,315.673,6.0632,-9999,0.114518,0.0677353,13.8039,0.322935,1.18509,-0.0668826,0,-9999.0,-9999.0,-9999.0,-9999.0,-9999.0,-9999.0,-9999.0,-0.0158315,1.0135,-9.63823,1.02925,-6.27397,1.27671,2.03955,1.26509,-0.140587,1.27671,0.369665,1.29454,800000009,800010009,800000009,800000009,800000009,800100009,810110019,811110019,80000,80000,80,80,0,0,25,0,0,0,0,0.103405,0.0256371,0.00642854,0.0881395,24.1131,0.0571994,0.106508,-0.00777681,0.048029,-0.00331066,0.00870516,15.8494,769.98
A20151960430.slt,2015-07-15,05:00,196.208,1,36000,36000,-0.0659977,5,-12.5831,5,-4.96165,5,-2.85519,5,-0.111244,5,0.205379,5,2.00181,0.797161,-0.828716,0.0178729,-0.0772248,-5.68503e-10,-2.06662e-11,-3.45006e-12,16.4868,389.048,394.629,4.6,0,599.327,14.1427,14.3456,10.55,0,0.100053,2.36101,2.39488,4.65,0,285.1,283.707,99956.7,1.22087,1013.08,0.0235976,-0.00720859,0.0107999,1414.03,1270.7,0.00884602,100.0,0.0,285.285,0.188604,-1.14089,0.13079,1.16375,5.12628e-13,-3.44823e-14,1.16375,2.59904,177.885,279.387,6.45294,-9999,0.232503,0.347625,87.1527,0.0511487,2.53607,-0.0437568,0,108.206,-16.4207,37.1437,92.493,141.058,197.835,296.393,-0.0655982,1.00609,-12.7559,1.01427,-4.91185,1.01014,-2.8357,1.00687,-0.110127,1.01014,0.202314,1.01515,800000009,800010009,800000009,800000009,800000009,800000019,810110019,811110019,80000,80000,80,81,0,0,0,0,0,0,0,0.265751,0.413916,0.015585,0.0203319,5.30639,0.0441378,0.0158045,-0.0103133,-0.0669157,-0.00259874,0.00477414,16.082,553.881
A20151960500.slt,2015-07-15,05:30,196.229,1,36000,36000,-0.0243117,5,-0.785254,7,4.26857,6,1.61067,6,0.0957191,6,0.0694575,5,0.53957,0.445611,-0.401157,0.00999247,0.00767009,-4.72781e-11,-1.74474e-12,-2.97641e-13,16.3319,385.576,391.142,12.85,0,602.709,14.2292,14.4346,41.6,0,0.102818,2.42739,2.46243,4.5,0,285.077,283.867,99966.0,1.22026,1013.13,0.0236087,0.0062026,0.0108608,1422.81,1284.32,0.0089004,100.0,0.0,285.379,0.413255,-0.667733,0.128077,0.795645,-1.51588e-13,-2.89483e-15,0.795645,1.81108,148.172,301.753,9.26333,-9999,0.14115,0.130028,312.502,0.0142647,-0.183962,-0.0045,0,-9999.0,-9999.0,-9999.0,-9999.0,-9999.0,-9999.0,-9999.0,-0.0242095,1.00422,-0.544656,1.01025,3.95,1.08065,1.4928,1.07896,0.0885756,1.08065,0.0641199,1.08324,800000009,800010009,800000009,800000009,800000009,800000009,810110019,811110019,80000,80000,80,81,0,0,1,0,0,0,0,0.106395,0.14601,0.00765084,0.00814674,10.3447,0.0441445,0.00330838,-0.000440559,0.0352431,0.00209115,0.00151379,15.8695,575.374
A20151960530.slt,2015-07-15,06:00,196.25,1,36000,36000,-0.0323712,5,4.60868,5,5.38663,5,-10.732,5,0.120845,5,0.285671,6,1.58246,1.23256,0.0970467,0.0276515,-0.0143146,-3.18055e-11,-1.19091e-12,-1.89581e-13,16.3407,386.417,392.09,4.5,0,611.855,14.4689,14.6813,8.65,0,0.097401,2.3033,2.33711,4.55,0,285.398,284.337,99967.0,1.21814,1013.28,0.0236476,0.00783077,0.0110256,1446.8,1325.08,0.00905117,100.0,0.0,285.633,0.433013,-0.720576,0.135602,0.851539,4.51047e-14,-1.9464e-15,0.851539,2.02247,145.574,301.003,9.16299,-9999,0.163016,0.114212,-82.0277,-0.0543444,0.855577,0.0229044,0,-9999.0,-9999.0,-9999.0,-9999.0,-9999.0,-9999.0,-9999.0,-0.03228,1.00282,4.89695,1.00796,5.06623,1.06324,-10.107,1.06184,0.113657,1.06324,0.268137,1.06539,800000009,800010009,800000009,800000009,800000009,800000009,811110019,811110019,80000,80000,80,81,0,0,2,0,0,0,0,0.160172,0.0520867,0.0161646,0.00808944,20.4897,0.0447263,0.0203599,0.00396733,-0.239006,0.00268771,0.00634079,15.8803,589.038
A20151960600.slt,2015-07-15,06:30,196.271,1,36000,36000,-0.0182718,5,26.517,1,24.2991,2,-5.20522,1,0.545296,2,0.0138241,1,1.05385,0.867642,0.583811,0.0194707,-0.0226726,-6.56694e-11,-2.45542e-12,-3.53358e-13,16.5367,391.484,397.3,4.35,0,618.318,14.6379,14.8553,4.95,0,0.0889817,2.10653,2.13782,7.0,0,285.492,284.65,99966.7,1.21672,1013.38,0.0236737,0.0353352,0.0111421,1463.69,1352.88,0.00915747,100.0,0.0,285.81,0.617035,-0.599124,0.118128,0.868123,-3.24719e-14,-3.97113e-15,0.868123,1.82458,134.148,315.844,7.82065,-9999,0.122545,0.0857758,-6.05657,-0.736019,1.09127,0.175495,0,-9999.0,-9999.0,-9999.0,-9999.0,-9999.0,-9999.0,-9999.0,-0.0182199,1.00285,27.7774,1.00802,22.4883,1.08052,-4.8238,1.07907,0.504659,1.08052,0.0127676,1.08275,800000009,800010009,800000009,800000009,800000009,800010009,810100019,811110019,80000,80000,80,81,0,0,0,1,0,0,0,0.0644693,0.0787723,0.0283101,0.12034,5.84547,0.0809863,0.000173778,0.0225283,-0.114197,0.0119472,0.000302257,16.0751,596.325
A20151960630.slt,2015-07-15,07:00,196.292,1,36000,36000,-0.0336143,5,39.4007,1,25.8979,1,-4.96891,1,0.581585,1,-0.00919076,7,2.46027,1.07486,-0.206894,0.0241379,-0.00123523,4.61354e-12,1.75787e-13,2.48123e-14,16.4184,389.684,395.557,4.05,0,625.582,14.8479,15.0717,4.9,0,0.0883008,2.09578,2.12736,12.8,0,285.965,285.383,99967.3,1.21351,1013.51,0.0237345,0.0376867,0.011273,1484.7,1419.96,0.0092896,100.0,0.0,286.028,0.953562,-0.313998,0.113805,1.01036,-4.42297e-14,2.80998e-16,1.01036,2.26298,107.788,341.774,6.46743,-9999,0.166434,0.150825,-10.212,-0.436522,1.52138,0.192482,0,-9999.0,-9999.0,-9999.0,-9999.0,-9999.0,-9999.0,-9999.0,-0.0335119,1.00306,40.6557,1.0086,23.3747,1.10795,-4.49181,1.10622,0.524921,1.10795,-0.00827547,1.1106,800000009,800000009,800000009,800000009,800000009,800010009,801110019,801110019,80000,80000,80,80,0,0,1,0,0,0,0,0.149603,0.112925,0.0391221,0.0818589,5.12891,0.0982666,0.000328994,0.0330559,-0.106611,0.0124587,-0.000196414,15.9796,604.216
A20151960700.slt,2015-07-15,07:30,196.312,1,36000,36000,-0.0569663,5,36.4899,5,22.372,5,-6.28393,5,0.502244,5,0.00872024,5,-1.1083,0.596953,0.111215,0.0134014,0.00226653,-8.38975e-11,-3.21379e-12,-4.54327e-13,16.4765,390.65,396.585,4.4,0,631.152,14.9644,15.1917,6.95,0,0.0892245,2.11548,2.14762,4.0,0,286.094,285.053,99956.7,1.21473,1013.57,0.0237096,0.0325454,0.0113734,1496.19,1389.42,0.00936289,100.0,0.0,286.145,1.418,-0.370582,0.111284,1.46984,6.09917e-15,-5.09195e-15,1.46984,3.15721,103.818,345.354,4.34213,-9999,0.216556,0.204995,-24.2883,-0.183535,1.63106,0.136858,0,69.9333,-10.6126,24.0058,59.7779,91.1651,127.86,191.558,-0.0567481,1.00384,37.487,1.01071,20.1351,1.11109,-5.66851,1.10857,0.452026,1.11109,0.00782111,1.11496,800000009,800000009,800000009,800000009,800000009,800000009,800000019,800010019,80000,80000,80,80,0,0,0,0,0,0,0,0.201052,0.168584,0.0403536,0.0645241,7.01217,0.0626045,0.000224844,0.0304472,-0.134398,0.0107174,0.000185436,16.0145,609.305
A20151960730.slt,2015-07-15,08:00,196.333,1,36000,36000,-0.0715028,5,69.502,5,36.4735,5,-10.094,5,0.819273,5,-0.0151753,7,1.94325,0.0232959,-0.0612408,0.000523276,-0.00358452,1.53212e-10,5.87879e-12,8.18551e-13,16.4143,390.117,396.045,4.3,0,629.823,14.9689,15.1964,5.05,0,0.0876954,2.08425,2.11592,12.2,0,286.639,285.633,99918.7,1.2118,1013.59,0.0237669,0.0530889,0.0113494,1496.08,1443.49,0.00936576,100.0,0.0,286.144,1.2833,-0.523816,0.110525,1.39049,9.38487e-14,9.33403e-15,1.39049,3.30823,114.295,337.796,4.55903,-9999,0.242911,0.300183,-17.9926,-0.247754,1.90555,0.232947,0,67.3163,-10.2155,23.1075,57.541,87.7536,123.076,184.39,-0.0712394,1.0037,71.1134,1.01032,33.039,1.10395,-9.16319,1.10158,0.742128,1.10395,-0.0137012,1.10759,800000009,800000009,800000009,800000009,800000009,800000009,800000019,800000019,80000,80000,80,81,0,0,0,0,0,0,0,0.303967,0.240539,0.0558608,0.197971,8.50831,0.0658328,0.000408509,0.0578974,-0.21778,0.0176381,-0.000325636,15.958,605.805
A20151960800.slt,2015-07-15,08:30,196.354,1,36000,36000,-0.0212505,5,17.1738,1,14.9455,1,-3.60062,1,0.335815,1,0.00602794,4,1.11526,-1.33103,-0.397981,-0.0299073,-0.00410923,7.59992e-11,2.89102e-12,4.02635e-13,16.2462,386.645,392.416,4.4,0,618.007,14.708,14.9276,5.6,0,0.0860704,2.04839,2.07897,4.95,0,286.905,285.967,99900.0,1.21028,1013.45,0.0237991,0.0217608,0.0111365,1469.72,1475.4,0.00920159,99.6155,5.67226,285.873,0.47048,-0.825317,0.119194,0.957448,-1.70281e-14,4.67797e-15,0.957448,2.12153,151.52,299.686,7.15139,-9999,0.132508,0.0920923,-11.8177,-0.37721,1.1491,0.105666,0,-9999.0,-9999.0,-9999.0,-9999.0,-9999.0,-9999.0,-9999.0,-0.0211874,1.00298,17.9672,1.00838,14.1858,1.05355,-3.42268,1.05199,0.318747,1.05355,0.0057086,1.05594,800000009,800010009,800000009,800000009,800000009,800000009,811110019,811110019,80000,80000,80,80,0,0,0,0,0,0,0,0.0752372,0.0857775,0.0231697,0.0244678,4.58564,0.0637371,8.42676e-05,0.0146484,-0.0814567,0.00758587,0.000135859,15.8083,594.985
A20151960830.slt,2015-07-15,09:00,196.375,1,36000,36000,-0.0942935,5,54.5126,5,18.7943,5,-8.83981,5,0.422334,5,-0.0454738,7,0.32327,-1.22546,-0.0706103,-0.0275378,-0.000350181,7.50639e-10,2.81326e-11,3.9772e-12,16.2131,386.028,391.695,4.7,0,607.637,14.4676,14.68,5.0,0,0.0859037,2.04534,2.07536,8.5,0,287.131,286.063,99889.3,1.20985,1013.32,0.0238097,0.0273672,0.0109496,1445.55,1484.76,0.00905039,97.359,39.2131,285.62,0.776667,-0.888938,0.14099,1.18882,-2.93999e-13,4.62983e-14,1.18882,2.69648,144.588,311.144,6.81108,-9999,0.279174,0.303826,-34.8139,-0.128045,2.90049,0.159273,0,79.6054,-12.0804,27.3259,68.0455,103.774,145.544,218.051,-0.0939792,1.00334,55.3216,1.00937,17.6385,1.06552,-8.31177,1.06353,0.396362,1.06552,-0.0425589,1.06849,800000009,800010009,800000009,800000009,800000009,800000009,800000019,810000019,80000,80000,80,81,0,0,0,0,0,0,0,0.359974,0.199143,0.0485356,0.0890975,5.86667,0.0735326,0.000334506,0.0451248,-0.1979,0.00943725,-0.00101331,15.7699,582.955
A20151960900.slt,2015-07-15,09:30,196.396,1,36000,36000,-0.0240126,5,37.9905,1,31.131,1,-4.97054,1,0.700224,1,-0.00248155,4,3.30905,-2.63811,-0.0609456,-0.0593387,-0.00328494,6.42771e-11,2.32563e-12,3.36239e-13,16.1294,385.494,390.947,4.5,0,583.583,13.9477,14.145,4.7,0,0.0843742,2.01656,2.04508,2.3,0,287.59,287.057,99856.7,1.20551,1013.05,0.0239001,0.0453745,0.0105162,1393.15,1584.09,0.00872342,87.946,190.946,285.059,-0.0217442,-0.52161,0.103079,0.532142,3.88007e-14,3.98509e-15,0.532142,1.63768,179.875,267.613,11.1691,-9999,0.141134,0.133591,-6.45237,-0.690871,1.22034,0.220415,0,-9999.0,-9999.0,-9999.0,-9999.0,-9999.0,-9999.0,-9999.0,-0.0239539,1.00245,39.7792,1.00691,31.0897,1.00133,-4.96864,1.00038,0.699297,1.00133,-0.00247543,1.00247,800000009,800000009,800000009,800000009,800000009,800010009,800000019,810110019,80000,80000,81,80,0,0,0,0,0,0,0,0.120504,0.110257,0.0364207,0.0944726,5.50043,0.0654828,6.57882e-05,0.0325729,-0.118751,0.0167133,-5.91631e-05,15.7232,557.255
A20151960930.slt,2015-07-15,10:00,196.417,1,36000,36000,-0.0528495,5,33.3059,5,23.6512,5,-5.6146,5,0.531985,5,0.0086068,5,0.011105,2.28963,-0.25351,0.0515006,0.00276298,7.30765e-11,2.74536e-12,3.89101e-13,16.0363,383.273,388.872,4.45,0,602.458,14.399,14.6093,4.7,0,0.0853864,2.04077,2.07058,4.1,0,287.79,287.06,99857.0,1.20529,1013.3,0.0239003,0.0344726,0.0108563,1438.22,1584.44,0.00900719,90.7719,146.213,285.543,0.925836,-1.11185,0.0978344,1.45016,1.99623e-14,4.55694e-15,1.45016,3.45753,142.229,309.784,3.86837,-9999,0.209399,0.293661,-24.0396,-0.185434,1.40821,0.130232,0,69.6021,-10.5624,23.8922,59.4949,90.7334,127.255,190.651,-0.052649,1.00381,34.447,1.01061,22.1047,1.06996,-5.26041,1.06733,0.497201,1.06996,0.00801823,1.0734,800000009,800010009,800000009,800000009,800000009,800000009,800100019,810110019,80000,80000,80,81,0,0,0,0,0,0,0,0.41833,0.13081,0.0381819,0.0519954,5.19945,0.09635,0.000117079,0.0282046,-0.125726,0.0118833,0.000191639,15.6222,576.048
A20151961000.slt,2015-07-15,10:30,196.437,1,36000,36000,-0.075942,5,67.4295,5,54.1404,5,-8.16918,5,1.218,5,0.0100912,5,0.632546,-0.98081,-0.00591552,-0.0220653,-0.00198628,1.48379e-10,5.50022e-12,7.8342e-13,16.0235,383.221,388.743,4.5,0,593.971,14.2055,14.4102,4.6,0,0.0846018,2.02335,2.05251,3.8,0,288.033,287.25,99857.0,1.20458,1013.2,0.0239162,0.0789263,0.0107034,1418.9,1604.09,0.00888552,88.4551,185.191,285.337,0.980741,-0.762779,0.0984936,1.24635,5.20277e-14,9.26009e-15,1.24635,3.46185,128.528,322.126,4.53257,-9999,0.251086,0.399388,-20.4707,-0.217762,1.24546,0.220038,0,66.3734,-10.0724,22.7838,56.735,86.5244,121.352,181.807,-0.0756815,1.00344,70.1034,1.00964,49.7164,1.08898,-7.51812,1.0866,1.11847,1.08898,0.0092418,1.09191,800000009,800000009,800000009,800000009,800000009,800000009,800000019,800000019,80000,80000,80,81,0,0,0,0,0,0,0,0.351951,0.384982,0.0618422,0.197605,5.36446,0.101701,0.000101931,0.0574393,-0.179805,0.0267496,0.000221028,15.6083,565.201
A20151961030.slt,2015-07-15,11:00,196.458,1,36000,36000,-0.0450622,2,51.5184,1,45.6015,1,-6.87024,1,1.02641,1,-0.00552387,7,1.71678,-1.52964,-0.154828,-0.0344295,-0.000200848,1.9124e-10,6.9628e-12,1.01243e-12,15.9367,381.861,387.245,4.5,0,580.233,13.9031,14.0991,4.9,0,0.0843692,2.02159,2.05009,11.45,0,288.448,287.767,99848.7,1.20246,1013.03,0.0239612,0.0665113,0.0104558,1388.58,1658.62,0.00869535,83.7186,270.048,285.009,0.977721,-0.279389,0.08222,1.02017,2.47818e-14,1.2e-14,1.02017,3.47958,107.024,344.052,4.62271,-9999,0.193585,0.31747,-12.2778,-0.363075,1.12975,0.218473,0,-9999.0,-9999.0,-9999.0,-9999.0,-9999.0,-9999.0,-9999.0,-0.0449242,1.00307,53.8016,1.00864,41.1249,1.10885,-6.20794,1.10669,0.925648,1.10885,-0.00497146,1.11112,800000009,800000009,800000009,800000009,800000009,800000009,800010019,810110019,80000,80000,80,81,0,0,0,0,0,0,0,0.327056,0.25731,0.0505751,0.0978407,5.03751,0.140092,9.2936e-05,0.0441673,-0.14875,0.0221796,-0.000119122,15.5311,550.596
A20151961100.slt,2015-07-15,11:30,196.479,1,36000,36000,-0.0760512,5,36.9884,5,33.526,5,-5.76404,5,0.754675,5,0.00538901,7,0.298935,0.381683,-0.121119,0.00859176,0.00044913,-4.87934e-10,-1.79115e-11,-2.59542e-12,15.8858,380.797,386.195,4.35,0,583.149,13.9786,14.1767,4.45,0,0.0844999,2.02553,2.05425,4.1,0,288.648,287.857,99839.7,1.20194,1013.08,0.0239708,0.048903,0.0105083,1395.99,1668.29,0.00874282,83.6781,272.297,285.09,1.56588,-0.809622,0.0970181,1.76547,4.84731e-14,-3.07151e-14,1.76547,4.4571,112.226,332.659,3.15017,-9999,0.251542,0.51752,-37.516,-0.118823,1.10328,0.120762,0,68.7902,-10.4392,23.6135,58.8009,89.675,125.771,188.427,-0.0757164,1.00442,38.5457,1.01222,30.2827,1.1071,-5.22409,1.10336,0.681669,1.1071,0.00485059,1.111,800000009,800010009,800000009,800000009,800000009,800000009,800000019,800000019,80000,80000,80,81,0,0,0,0,0,0,0,0.696075,0.282262,0.056703,0.0631954,5.48164,0.133212,0.000176196,0.0316556,-0.125226,0.0163402,0.000116273,15.4807,553.25
A20151961130.slt,2015-07-15,12:00,196.5,1,36000,36000,-0.0516567,1,67.8891,1,63.4315,1,-7.7201,1,1.42826,1,0.0017708,2,0.984127,-0.280795,-0.0338847,-0.00632255,-0.000480308,6.56065e-11,2.40063e-12,3.48519e-13,15.8533,380.499,385.871,4.1,0,580.093,13.9229,14.1195,4.55,0,0.0842168,2.02131,2.04985,2.45,0,288.899,288.153,99816.0,1.20044,1013.05,0.0240012,0.0925513,0.0104533,1390.1,1700.49,0.00870784,81.7472,310.388,285.026,1.25799,-0.562167,0.0848808,1.3805,1.2326e-13,4.13835e-15,1.3805,3.24871,113.751,335.921,3.5251,-9999,0.20744,0.314999,-11.4617,-0.388927,1.07027,0.269113,0,57.5776,-8.73763,19.7645,49.2165,75.0583,105.27,157.714,-0.0514673,1.00368,70.9905,1.01027,57.4005,1.10507,-7.00537,1.10203,1.29246,1.10507,0.0015982,1.108,800000009,800000009,800000009,800000009,800000009,800000009,800000019,800000019,80000,80000,80,80,0,0,0,0,0,0,0,0.302347,0.267441,0.0602104,0.25332,5.52762,0.108188,9.78234e-05,0.058375,-0.168137,0.0310207,3.83588e-05,15.4499,548.143
A20151961200.slt,2015-07-15,12:30,196.521,1,36000,36000,-0.0494335,1,94.4467,1,89.2153,1,-9.94654,1,2.01061,1,0.00547044,6,3.05261,-0.542113,-0.20036,-0.0122174,-0.00199587,1.86037e-10,6.78617e-12,9.84239e-13,15.7263,378.73,384.035,4.4,0,573.655,13.8151,14.0086,4.3,0,0.0832007,2.00369,2.03175,4.8,0,289.529,289.077,99797.7,1.19644,1013.01,0.0240826,0.130288,0.0103373,1379.08,1804.25,0.00864003,76.4352,425.168,284.905,1.27854,-0.759513,0.0767231,1.4891,-2.04884e-13,1.18297e-14,1.4891,3.93925,119.995,329.288,2.95337,-9999,0.203266,0.428893,-7.75039,-0.575165,1.05864,0.383371,0,50.084,-7.60044,17.1922,42.8111,65.2896,91.5696,137.188,-0.0492424,1.00388,98.7993,1.0108,81.1014,1.10005,-9.0725,1.09634,1.82775,1.10005,0.00496075,1.10274,800000009,800000009,800000009,800000009,800000009,800000009,800000019,800000019,80000,80000,80,81,0,0,0,0,0,0,0,0.350901,0.424978,0.0819064,0.241821,6.10688,0.16922,6.97492e-05,0.0815173,-0.218489,0.0440169,0.000119468,15.3497,538.914
A20151961230.slt,2015-07-15,13:00,196.542,1,36000,36000,-0.102018,1,122.734,1,99.764,1,-9.7609,1,2.2493,1,0.00455674,6,1.4635,1.38412,-0.143806,0.0312068,-0.000405779,1.98999e-11,7.4289e-13,1.05447e-13,15.6491,377.458,382.853,4.05,0,584.203,14.091,14.2924,4.6,0,0.0829226,2.0001,2.02868,4.1,0,289.891,289.52,99795.3,1.19445,1013.18,0.0241201,0.145755,0.0105273,1406.59,1856.01,0.00881353,75.7858,449.418,285.205,1.7905,-1.4182,0.0681239,2.28514,9.81462e-14,1.27163e-15,2.28514,4.84547,129.117,321.618,1.70834,-9999,0.29225,0.614724,-17.7269,-0.251468,1.23024,0.347021,0,61.577,-9.34455,21.1374,52.6351,80.2718,112.582,168.669,-0.101457,1.00553,127.043,1.01507,91.3664,1.09191,-8.98645,1.08618,2.05997,1.09191,0.00415794,1.09591,800000009,800000009,800000009,800000009,800000009,800010009,800000019,800000019,80000,80000,80,80,0,0,0,0,0,0,0,0.504699,0.623895,0.100852,0.306769,5.49626,0.142536,7.10721e-05,0.104978,-0.216754,0.0496866,0.00010029,15.284,548.028
A20151961300.slt,2015-07-15,13:30,196.562,1,36000,36000,-0.0826709,5,94.199,1,72.6754,1,-8.90564,1,1.63891,1,-0.00451132,4,0.736399,0.02916,-0.150814,0.00065759,-0.00085585,-4.02417e-10,-1.50823e-11,-2.13181e-12,15.5757,376.123,381.501,4.45,0,583.766,14.0968,14.2984,4.65,1,0.0825125,1.99252,2.02101,8.15,0,290.238,289.743,99756.3,1.19306,1013.18,0.0241481,0.106201,0.0105195,1406.63,1882.58,0.00881719,74.718,475.953,285.205,0.953648,-1.08128,0.156271,1.45018,9.26957e-14,-2.58362e-14,1.45018,3.91247,138.592,311.411,6.18616,-9999,0.263236,0.393256,-16.8734,-0.264188,1.29616,0.29604,0,60.8722,-9.23759,20.8954,52.0326,79.353,111.294,166.738,-0.0823573,1.00381,97.7639,1.01061,67.5069,1.07656,-8.30081,1.07286,1.52235,1.07656,-0.00418114,1.07897,800000009,800000009,800000009,800000009,800000009,800000009,800000019,800000019,80000,80000,80,80,0,0,0,0,0,0,0,0.403501,0.298657,0.0843548,0.199982,5.86051,0.140897,7.58277e-05,0.0808775,-0.200449,0.036762,-0.000100967,15.2071,547.409
A20151961330.slt,2015-07-15,14:00,196.583,1,36000,36000,-0.10655,5,96.6166,5,69.3786,5,-7.38695,5,1.5652,5,-0.00788257,5,1.3937,-0.998621,0.0687297,-0.0225292,-0.000538399,-3.68384e-10,-1.35891e-11,-1.9437e-12,15.5772,376.732,382.042,4.0,0,574.62,13.8971,14.0929,4.35,0,0.0821898,1.98775,2.01576,11.95,0,290.531,290.167,99750.3,1.19134,1013.08,0.0241848,0.101425,0.0103547,1386.61,1933.85,0.00869159,71.702,547.241,284.988,0.634471,-0.788295,0.127824,1.01995,1.28695e-13,-2.36489e-14,1.01995,3.08263,145.231,308.829,7.19942,-9999,0.299061,0.374026,-24.1219,-0.184801,1.3926,0.267678,0,69.7495,-10.5847,23.9427,59.6208,90.9255,127.524,191.055,-0.106224,1.00307,100.208,1.00864,65.1286,1.06526,-6.95278,1.06245,1.46932,1.06526,-0.00738969,1.0667,800000009,800000009,800000009,800000009,800000009,800000009,800000019,800110019,80000,80000,81,81,0,0,0,0,0,0,0,0.382096,0.288429,0.0775272,0.215371,5.60851,0.146195,7.47806e-05,0.0830275,-0.168152,0.0355352,-0.000178718,15.221,536.455
A20151961400.slt,2015-07-15,14:30,196.604,1,36000,36000,-0.0946494,5,104.907,5,87.1692,5,-8.40818,5,1.96783,5,-0.0024312,5,2.20057,-0.635005,0.0376196,-0.0143351,-0.000250372,-1.90536e-10,-6.95798e-12,-1.00331e-12,15.5543,377.067,382.331,4.4,0,568.012,13.7697,13.9619,4.65,1,0.0819046,1.98552,2.01324,12.85,0,291.058,290.837,99745.3,1.18859,1013.02,0.0242419,0.127515,0.0102356,1373.83,2017.5,0.0086115,68.0956,643.673,284.847,0.787067,-0.411698,0.124366,0.896904,-4.4177e-14,-1.22497e-14,0.896904,3.80197,119.925,332.387,7.9704,-9999,0.282191,0.479028,-18.6633,-0.238851,1.20348,0.308751,0,66.3303,-10.0659,22.769,56.6981,86.4682,121.273,181.689,-0.0943769,1.00289,109.392,1.00814,79.3113,1.09908,-7.67012,1.09623,1.79044,1.09908,-0.00221001,1.10008,800000009,800000009,800000009,800000009,800000009,800000009,800000019,800000019,80000,80000,81,81,0,0,0,0,0,0,0,0.383532,0.49624,0.0782836,0.237698,6.03144,0.175513,5.93578e-05,0.0908514,-0.185938,0.0434037,-5.35747e-05,15.2087,526.885
A20151961430.slt,2015-07-15,15:00,196.625,1,36000,36000,-0.104828,5,73.0551,5,83.0645,5,-6.968,5,1.87588,5,0.00322979,6,1.27858,-1.83772,0.171615,-0.0415019,-2.12871e-05,3.5257e-10,1.24791e-11,1.84886e-12,15.5896,378.595,383.737,4.4,0,551.789,13.4002,13.5822,4.3,0,0.0817513,1.98533,2.0123,2.7,0,291.354,291.227,99701.7,1.18665,1012.83,0.024285,0.121557,0.00994323,1336.38,2067.64,0.00837925,64.6331,731.261,284.43,0.605227,-0.101597,0.0734931,0.61808,1.76603e-13,2.26157e-14,0.61808,2.82837,94.5061,350.471,6.82893,-9999,0.297219,0.607835,-31.303,-0.142406,0.879499,0.204511,0,74.2482,-11.2675,25.487,63.4663,96.79,135.749,203.377,-0.104563,1.00254,77.4355,1.00715,74.5928,1.11357,-6.26994,1.11133,1.68456,1.11357,0.00289919,1.11403,800000009,800000009,800000009,800000009,800000009,800010009,800000019,800110019,80000,80000,81,81,0,0,0,0,0,0,0,0.70455,0.445587,0.0655324,0.209417,5.13077,0.144197,6.94914e-05,0.0644294,-0.152266,0.0409095,7.04069e-05,15.2539,509.726
A20151961500.slt,2015-07-15,15:30,196.646,1,36000,36000,-0.0766493,5,102.214,1,89.8165,2,-7.13821,2,2.02914,2,-0.00281873,7,1.32026,-0.0277423,0.028024,-0.000626757,0.000241167,-1.62701e-10,-5.75254e-12,-8.53558e-13,15.5757,378.844,383.988,4.2,0,550.704,13.3946,13.5765,4.4,0,0.081713,1.98748,2.01447,9.4,0,291.704,291.63,99685.0,1.18481,1012.83,0.0243227,0.131488,0.00992368,1335.6,2120.64,0.00837573,62.981,785.04,284.421,0.203834,0.180004,0.0680956,0.280333,2.09813e-15,-1.04458e-14,0.280333,2.76574,55.8462,41.4475,14.0583,-9999,0.254348,0.420002,-14.0194,-0.317969,1.13804,0.334887,0,56.8813,-8.63195,19.5255,48.6213,74.1505,103.997,155.807,-0.0764738,1.00229,107.063,1.00642,82.2069,1.09257,-6.53977,1.09151,1.85723,1.09257,-0.00257958,1.09271,800000009,800000009,800000009,800000009,800000009,801010009,801000019,811010019,80000,80000,81,81,0,0,0,1,0,0,0,0.352745,0.393813,0.0934452,0.239553,5.04142,0.143203,6.47117e-05,0.0892183,-0.159065,0.0451729,-6.27425e-05,15.2424,506.678
A20151961530.slt,2015-07-15,16:00,196.667,1,36000,36000,-0.0990597,5,128.151,1,140.15,2,-9.48331,1,3.16954,2,0.00930567,6,3.46711,0.198348,-0.025021,0.0044857,-0.000372547,-3.44594e-10,-1.22273e-11,-1.80583e-12,15.5054,378.62,383.776,4.25,1,550.184,13.4348,13.6177,4.4,0,0.0812553,1.98415,2.01117,11.2,0,292.153,292.693,99655.3,1.18014,1012.87,0.0244187,0.205386,0.00991432,1339.21,2266.11,0.00840097,59.0972,926.902,284.462,0.0548033,-0.605481,0.105082,0.616971,3.20234e-13,-2.22241e-14,0.616971,3.37942,176.272,275.172,9.80635,-9999,0.289722,0.530857,-16.5235,-0.269783,0.914382,0.370042,0,59.7165,-9.06221,20.4988,51.0448,77.8465,109.181,163.573,-0.0988093,1.00253,136.363,1.00715,138.823,1.00956,-9.4167,1.00707,3.13952,1.00956,0.00921798,1.00951,800000009,800000009,800000009,800000009,800000009,800010009,800000019,800000019,80000,80000,81,81,0,0,0,0,0,0,0,0.406946,0.547431,0.107336,0.357791,4.89817,0.169024,6.84779e-05,0.114079,-0.229943,0.0766631,0.000225091,15.2143,503.708
A20151961600.slt,2015-07-15,16:30,196.687,1,36000,36000,-0.108591,5,117.396,5,73.726,5,-5.50352,5,1.66776,5,-0.0111769,5,0.857546,-0.761505,-0.00982782,-0.0172261,-0.000404543,-5.48247e-10,-1.92346e-11,-2.86848e-12,15.4826,378.532,383.627,4.3,0,543.189,13.2804,13.4591,4.45,0,0.0810066,1.98052,2.00718,7.95,0,292.477,292.957,99621.7,1.17875,1012.79,0.0244489,0.108071,0.00978826,1323.37,2303.45,0.00830394,57.4515,980.086,284.282,0.562523,-0.951317,0.0750297,1.10773,-3.6005e-14,-3.54105e-14,1.10773,4.04433,149.061,300.596,3.88378,-9999,0.30352,0.584982,-20.7335,-0.215003,1.59233,0.323984,0,66.9137,-10.1544,22.9693,57.1968,87.2288,122.34,183.287,-0.108244,1.00321,121.139,1.00901,69.4754,1.06118,-5.21075,1.05619,1.57161,1.06118,-0.0105365,1.06078,800000009,800000009,800000009,800000009,800000009,800010009,800000019,800110019,80000,80000,81,80,0,0,0,0,0,0,0,0.89415,0.18724,0.0885753,0.290012,5.09762,0.172013,8.94547e-05,0.101471,-0.127397,0.0384241,-0.000257605,15.1938,496.086
A20151961630.slt,2015-07-15,17:00,196.708,1,36000,36000,-0.112711,1,115.034,1,107.231,1,-7.72912,1,2.42589,1,0.012086,6,0.28214,2.36154,-0.0493777,0.053425,-0.000832919,-4.10907e-10,-1.49538e-11,-2.14432e-12,15.4582,378.09,383.365,4.05,0,562.556,13.7594,13.9514,4.15,0,0.0806686,1.97305,2.00058,3.25,0,292.487,293.043,99611.0,1.17806,1013.06,0.0244588,0.157198,0.0101373,1370.96,2315.86,0.00860504,59.1985,944.906,284.816,0.0657689,-2.48835,0.0905397,2.49087,-9.74222e-14,-2.65818e-14,2.49087,5.94237,176.985,271.514,2.08308,-9999,0.309315,0.887105,-22.3946,-0.199054,1.07276,0.311616,0,63.0767,-9.57213,21.6522,53.917,82.2269,115.324,172.777,-0.112039,1.006,120.222,1.01625,105.515,1.01627,-7.68083,1.00629,2.38706,1.01627,0.0118943,1.01612,800000009,800000009,800000009,800000009,800000009,800000009,800000019,800000019,80000,80000,80,81,0,0,1,0,0,0,0,0.858743,0.809138,0.106328,0.311988,5.02033,0.318177,0.000129659,0.100735,-0.187864,0.0583846,0.000290919,15.178,517.359
A20151961700.slt,2015-07-15,17:30,196.729,1,36000,36000,-0.0455358,1,31.3489,1,55.7746,1,-5.00094,1,1.26077,1,-0.00217663,7,-2.72041,-3.43312,0.111049,-0.077605,-0.00158564,2.48076e-10,8.55028e-12,1.28191e-12,15.5439,379.082,384.101,4.4,0,535.742,13.0656,13.2386,4.35,0,0.0803219,1.95888,1.98481,7.35,0,292.3,292.21,99616.7,1.1818,1012.66,0.0243878,0.0816981,0.00965407,1301.9,2198.94,0.00816896,59.2058,897.039,284.036,0.0897275,-2.05117,0.0678089,2.05425,1.87319e-13,1.59597e-14,2.05425,3.93413,179.018,272.505,1.89163,-9999,0.196292,0.384801,-20.9998,-0.212276,0.562064,0.133448,0,-9999.0,-9999.0,-9999.0,-9999.0,-9999.0,-9999.0,-9999.0,-0.0453081,1.00503,34.4601,1.01378,55.1898,1.0106,-4.98898,1.0024,1.24755,1.0106,-0.00215407,1.01047,800000009,800000009,800000009,800000009,800000009,800000009,800000019,800100019,80000,80000,80,81,0,0,0,0,0,0,0,0.351561,0.368567,0.0494742,0.0702361,4.97321,0.175071,9.96126e-05,0.0287945,-0.12167,0.0304251,-5.25332e-05,15.2237,493.181
A20151961730.slt,2015-07-15,18:00,196.75,1,36000,36000,-0.0357041,5,20.194,1,73.0425,1,-6.1148,1,1.6512,1,0.00971006,4,0.184916,1.22729,-0.075915,0.027744,0.00120935,4.60116e-11,1.61888e-12,2.39504e-13,15.5094,378.403,383.509,4.5,0,545.684,13.3137,13.4934,4.6,0,0.0807309,1.96969,1.99627,3.05,0,292.336,292.267,99593.3,1.18118,1012.8,0.0243983,0.106998,0.00983322,1326.32,2206.72,0.0083249,60.1034,880.407,284.316,-0.532673,-1.21373,0.0993131,1.32919,4.78395e-14,2.96669e-15,1.32919,2.84731,204.023,246.305,4.28496,-9999,0.17386,0.148986,-22.6491,-0.196818,0.276469,0.0970916,0,-9999.0,-9999.0,-9999.0,-9999.0,-9999.0,-9999.0,-9999.0,-0.0355765,1.00359,24.3772,1.01002,69.5835,1.04971,-5.85502,1.04437,1.57301,1.04971,0.0092493,1.04982,800000009,800010009,800000009,800000009,800000009,800000009,800010019,810110019,80000,80000,80,80,0,0,0,0,0,0,0,0.140337,0.125213,0.0324216,0.0375453,5.57857,0.204755,0.000129088,0.0203772,-0.142852,0.0383786,0.000225667,15.1913,503.277
A20151961800.slt,2015-07-15,18:30,196.771,1,36000,36000,-0.067075,5,38.3835,5,57.1469,5,-4.96501,5,1.29245,5,0.00657463,5,1.53128,3.95538,-0.138817,0.0894561,0.00238164,-2.01387e-10,-7.53693e-12,-1.06312e-12,15.4316,377.16,382.56,4.15,0,577.529,14.1153,14.3174,4.25,0,0.0814636,1.99103,2.01954,4.3,0,292.521,292.737,99580.0,1.17877,1013.25,0.0244408,0.083751,0.0104071,1405.97,2272.22,0.00882877,61.8768,866.242,285.198,-0.546205,-1.99888,0.0935853,2.07427,-1.28812e-13,-1.30503e-14,2.07427,5.33656,197.595,254.717,2.5859,-9999,0.238542,0.633695,-30.7783,-0.144834,0.671663,0.13472,0,63.7149,-9.66898,21.8713,54.4625,83.0588,116.491,174.525,-0.0667367,1.00507,41.4268,1.01389,54.9074,1.04079,-4.80603,1.03308,1.2418,1.04079,0.00631275,1.04148,800000009,800000009,800000009,800000009,800000009,800000009,800000019,800000019,80000,80000,80,81,0,0,0,0,0,0,0,0.787505,0.418161,0.0617234,0.0733446,4.61618,0.43943,0.000116934,0.0346844,-0.117463,0.0303506,0.000154288,15.1294,531.629
A20151961830.slt,2015-07-15,19:00,196.792,1,36000,36000,-0.133403,1,43.8028,1,49.2956,1,-4.50745,1,1.11447,1,0.0115566,1,-1.26141,2.56482,-0.0416609,0.057985,0.000784678,8.17548e-12,3.1753e-13,4.33535e-14,15.4351,376.787,382.383,4.3,0,599.488,14.6342,14.8515,4.3,0,0.0818503,1.99806,2.02773,4.65,0,292.235,292.35,99569.3,1.17997,1013.53,0.0244111,0.0722176,0.0108028,1457.51,2218.21,0.00915515,65.7063,760.707,285.745,-0.142532,-3.83454,0.104086,3.8386,9.46942e-14,5.29668e-16,3.8386,6.18991,182.1,267.871,1.55381,-9999,0.336239,0.544785,-75.5331,-0.0590172,0.888572,0.108929,0,63.7298,-9.67124,21.8764,54.4753,83.0782,116.518,174.566,-0.132171,1.00932,45.9575,1.02438,48.4683,1.01707,-4.48514,1.00497,1.09576,1.01707,0.011329,1.02009,800000009,800000009,800000009,800000009,800000009,800000009,800000019,800000019,80000,80000,80,80,0,0,0,0,0,0,0,0.554172,0.41335,0.122048,0.0644215,4.21957,0.105654,8.60206e-05,0.0384279,-0.109487,0.0267488,0.000276552,15.1247,556.869
A20151961900.slt,2015-07-15,19:30,196.812,1,36000,36000,-0.171804,5,15.9631,5,59.7173,5,-5.38979,5,1.3489,5,0.0250053,5,-2.96648,-1.81432,0.153802,-0.0409821,0.000661401,-7.26888e-11,-2.74266e-12,-3.85196e-13,15.5381,378.159,383.633,4.3,0,586.277,14.2685,14.4751,4.55,0,0.0823402,2.00396,2.03296,4.15,0,291.641,291.443,99560.7,1.1837,1013.31,0.0243375,0.0874086,0.0105647,1420.97,2095.97,0.00892516,67.7952,675.002,285.359,-0.533725,-3.55418,0.141569,3.59682,2.61879e-14,-4.6781e-15,3.59682,6.15618,188.535,261.46,2.25571,-9999,0.380974,0.525478,-301.44,-0.0147882,0.267311,0.0349331,0,67.5185,-10.2462,23.1769,57.7138,88.0172,123.445,184.944,-0.170323,1.0087,19.2481,1.02289,57.9414,1.03065,-5.28451,1.01992,1.30878,1.03065,0.0241761,1.0343,800000009,800010009,800000009,800000009,800000009,800000009,800010019,800010019,80000,80000,80,80,0,0,0,0,0,0,0,0.597546,0.317708,0.135703,0.0525322,4.56908,0.114668,0.000167589,0.0160474,-0.128612,0.0318526,0.000588388,15.2049,547.367
A20151961930.slt,2015-07-15,20:00,196.833,1,36000,36000,-0.119853,1,-9.99803,2,25.1695,1,-2.38015,1,0.567922,1,0.0175819,1,-3.64567,-1.71514,0.183101,-0.0387003,0.00203843,2.7781e-11,1.01857e-12,1.47913e-13,15.666,379.786,385.149,4.4,0,574.384,13.9246,14.1212,4.45,0,0.0834098,2.02207,2.05063,4.25,1,290.732,290.333,99569.7,1.18849,1013.09,0.0242426,0.0368013,0.0103504,1386.84,1954.37,0.00870888,70.9608,567.533,284.99,-0.328544,-3.64645,0.112596,3.66295,-2.37874e-14,1.77333e-15,3.66295,6.43145,185.013,264.852,1.7615,-9999,0.317561,0.507079,278.735,0.0159928,-0.397228,-0.0261483,0,61.4095,-9.31914,21.0799,52.492,80.0535,112.276,168.21,-0.118506,1.01137,-8.27195,1.02735,24.5045,1.02714,-2.34682,1.0142,0.552918,1.02714,0.0170143,1.03336,800000009,800010009,800000009,800000009,800000009,800000009,800010019,800010019,80000,80000,80,80,0,0,0,0,0,0,0,0.591949,0.303012,0.119199,0.200254,3.92737,0.0686115,0.00022309,-0.00687009,-0.0568931,0.0134042,0.000412472,15.3119,539.678
A20151962000.slt,2015-07-15,20:30,196.854,1,36000,36000,-0.0774005,1,-20.7303,1,14.0128,2,-1.19178,2,0.315713,2,0.0253033,4,-5.10639,-1.29665,0.0298883,-0.029214,0.00433021,-1.09664e-10,-3.94344e-12,-5.94518e-13,15.76,380.051,385.316,4.4,0,566.718,13.6663,13.8557,4.75,0,0.0854392,2.06035,2.0889,4.25,1,289.733,288.787,99564.0,1.1949,1012.92,0.0241149,0.0204582,0.0102123,1361.04,1771.08,0.00854651,76.8479,410.041,284.706,0.0258464,-2.81103,0.101117,2.81297,2.3487e-15,-6.95838e-15,2.81297,5.28138,179.216,270.527,2.06005,-9999,0.254511,0.277454,69.1969,0.0644212,-1.47939,-0.0672966,0,63.4249,-9.62497,21.7717,54.2146,82.6807,115.961,173.73,-0.0765248,1.01144,-19.4409,1.02655,13.7916,1.01604,-1.18712,1.00393,0.310728,1.01604,0.0246842,1.02508,800000009,800010009,800000009,800000009,800000009,800000009,800010019,800010019,80000,80000,80,80,0,0,0,0,0,0,0,0.316753,0.167532,0.070622,0.0278136,3.9353,0.0719178,0.00032616,-0.0160623,-0.0286273,0.00749317,0.000595255,15.3659,536.39
A20151962030.slt,2015-07-15,21:00,196.875,1,36000,36000,-0.171812,5,8.63298,7,-20.4972,6,-1.72137,5,-0.461639,6,0.0258295,5,-1.26737,2.65722,0.0410188,0.0598459,-0.00189011,3.77652e-10,1.40917e-11,2.02883e-12,15.7959,380.413,385.89,4.25,1,589.407,14.1947,14.3991,37.15,0,0.0848593,2.04367,2.07309,4.25,1,289.35,288.403,99563.3,1.19624,1013.21,0.024083,-0.0299142,0.0106211,1413.65,1728.06,0.00887872,81.8058,314.406,285.281,0.111766,-3.8518,0.0974275,3.85466,-2.52634e-14,2.39082e-14,3.85466,7.40787,178.081,271.662,1.44832,-9999,0.378981,0.709614,-548.656,-0.00812486,-0.421179,0.0187943,0,66.8036,-10.1377,22.9315,57.1027,87.0853,122.138,182.985,-0.170219,1.00936,7.23196,1.02448,-20.2282,1.0133,-1.71184,1.00556,-0.45558,1.0133,0.0253044,1.02075,800000009,800010009,800000009,800000009,800000009,800000009,800010019,800010019,80000,80000,80,80,0,0,0,0,0,0,0,0.946552,0.334858,0.137818,0.129684,3.86905,0.132052,0.000128312,0.00596675,-0.0412262,-0.0109717,0.000609407,15.3947,560.125
A20151962100.slt,2015-07-15,21:30,196.896,1,36000,36000,-0.182049,1,-2.97747,8,21.2596,4,-1.83638,4,0.478366,4,0.0306188,4,-3.19557,-0.109934,0.367416,-0.00247365,-0.00137084,9.58328e-11,3.54033e-12,5.07485e-13,15.9835,383.646,389.161,4.4,0,590.475,14.1729,14.3767,4.95,0,0.0846411,2.0316,2.06081,4.4,0,288.467,287.44,99563.3,1.20026,1013.18,0.0240026,0.0309981,0.0106404,1411.48,1623.96,0.00886503,86.9162,212.476,285.257,-0.0137283,-4.33174,0.101331,4.33295,2.50246e-15,5.99573e-15,4.33295,7.25944,180.293,269.818,1.34004,-9999,0.389453,0.704404,1726.3,0.00258225,-0.140053,-0.00628681,0,62.5273,-9.48876,21.4636,53.4474,81.5106,114.32,171.272,-0.179824,1.01237,-1.62719,1.03011,21.0233,1.01124,-1.83246,1.00214,0.473048,1.01124,0.0299623,1.02191,800000009,800010009,800000009,800000009,800000009,800000009,800000019,800010019,80000,80000,80,80,0,0,0,0,0,0,0,0.801671,0.435933,0.171204,0.0768321,5.02979,0.0848091,0.00016983,-0.00133806,-0.0439837,0.0113544,0.000719173,15.5606,564.83
A20151962130.slt,2015-07-15,22:00,196.917,1,36000,36000,-0.161281,1,-18.6307,2,8.1246,2,0.744404,4,0.182616,2,0.0182074,1,-3.74092,-1.97225,0.34311,-0.0443302,-0.000722133,-6.19034e-11,-2.20689e-12,-3.24247e-13,16.1734,386.653,392.057,6.45,0,576.59,13.7844,13.9771,5.65,0,0.0847156,2.02528,2.05358,4.45,0,287.359,286.317,99571.7,1.20525,1012.94,0.0239068,0.0118335,0.0103902,1372.9,1509.56,0.00862074,90.9473,136.656,284.837,-0.0328519,-3.97988,0.107661,3.98147,3.39832e-14,-3.82748e-15,3.98147,8.04496,180.408,269.527,1.54949,-9999,0.365809,0.629765,228.625,0.0194981,-2.29312,-0.0417169,0,64.4803,-9.78513,22.134,55.1168,84.0566,117.891,176.622,-0.159264,1.01266,-17.6784,1.03026,8.0284,1.01198,0.742454,1.00263,0.180454,1.01198,0.0177758,1.02428,800000009,800010009,800000009,800000009,800000009,800000009,800010019,800010019,80000,80000,80,80,0,0,0,0,0,0,0,0.765398,0.354305,0.139827,0.0973103,4.21559,0.0546854,9.11874e-05,-0.0144805,0.0177497,0.00431406,0.000424961,15.7344,555.195
A20151962200.slt,2015-07-15,22:30,196.937,1,36000,36000,-0.174643,1,-8.56351,4,-4.15049,2,-0.773665,4,-0.0931894,2,0.0231162,2,-3.76706,0.152112,0.279691,0.00341532,-0.00104274,1.27734e-11,4.53503e-13,6.61884e-14,16.3409,389.094,394.545,10.6,0,580.161,13.8142,14.0077,19.3,0,0.084674,2.01617,2.04442,3.8,0,286.391,285.19,99578.7,1.21008,1012.94,0.023811,-0.00603867,0.0104545,1375.97,1402.0,0.00863949,98.1434,26.0292,284.871,-0.252662,-3.809,0.156195,3.82057,3.84218e-14,7.81685e-16,3.82057,7.05898,183.795,266.205,2.34306,-9999,0.379899,0.620214,557.129,0.00800128,2.06325,-0.0183902,0,65.7259,-9.97416,22.5616,56.1815,85.6803,120.168,180.033,-0.172665,1.01146,-8.61456,1.02771,-4.07553,1.01839,-0.765368,1.01084,-0.0915063,1.01839,0.0224486,1.02974,800000009,800010009,800000009,800000009,800000009,800000009,800000019,800010019,80000,80000,80,80,0,0,0,0,0,0,0,0.745092,0.351402,0.143934,0.0712559,4.15446,0.0685131,0.000189101,-0.00702806,-0.0182242,-0.00217886,0.000534524,15.8806,562.121
A20151962230.slt,2015-07-15,23:00,196.958,1,36000,36000,-0.195441,1,-19.242,2,-5.82691,4,2.06856,2,-0.130728,4,0.0250656,2,-2.71543,-1.71275,0.149436,-0.0384258,-2.33738e-05,1.75699e-11,6.06659e-13,9.07295e-14,16.4401,390.395,395.729,4.3,0,567.65,13.4797,13.6639,41.45,0,0.0848955,2.01597,2.04352,4.15,0,285.684,284.38,99565.7,1.21353,1012.73,0.0237465,-0.00847117,0.0102291,1342.48,1328.89,0.00842921,100.0,0.0,284.498,-0.346471,-3.86955,0.156687,3.88819,-1.6738e-14,1.06872e-15,3.88819,7.63388,185.114,264.884,2.30955,-9999,0.401313,0.646701,292.234,0.015254,3.30227,-0.0390142,0,66.8942,-10.1515,22.9626,57.1801,87.2033,122.304,183.234,-0.193095,1.01215,-19.1191,1.02915,-5.69666,1.02286,2.03862,1.01468,-0.127806,1.02286,0.0242083,1.03541,800000009,800010009,800000009,800000009,800000009,800000009,800000019,800000019,80000,80000,80,80,0,0,0,0,0,0,0,0.790465,0.349345,0.153592,0.0372247,4.08711,0.0451448,0.00010252,-0.0155569,0.0484102,-0.00303494,0.000574862,15.9679,552.539
A20151962300.slt,2015-07-15,23:30,196.979,1,36000,36000,-0.189776,5,-20.5306,5,4.06134,5,2.47016,5,0.0910595,5,0.0256641,5,-2.20662,-1.44824,0.145229,-0.032471,0.000373624,2.08814e-10,7.03643e-12,1.07655e-12,16.5334,391.656,396.894,4.5,0,557.129,13.1977,13.3742,33.5,0,0.0852392,2.01921,2.04622,4.25,1,285.06,283.723,99577.7,1.21661,1012.56,0.0236888,0.00590066,0.0100395,1314.55,1272.11,0.00825199,100.0,0.0,284.181,-0.342131,-3.76069,0.165945,3.77987,2.41555e-14,1.26298e-14,3.77987,7.25023,185.471,264.802,2.51622,-9999,0.394952,0.641168,261.079,0.0170744,-5.05514,-0.0421974,0,67.3059,-10.2139,23.1039,57.532,87.74,123.057,184.361,-0.187539,1.01193,-19.8076,1.02858,3.96721,1.02373,2.43206,1.01567,0.0889491,1.02373,0.0247701,1.03609,800000009,800010009,800000009,800000009,800000009,800000009,800000019,800010019,80000,80000,80,80,0,0,0,0,0,0,0,0.766924,0.368883,0.14653,0.0366454,4.20586,0.0385667,0.000114173,-0.016079,0.0576126,0.0021071,0.000586774,16.0512,543.859
A20151962330.slt,2015-07-16,00:00,197.0,1,36000,36000,-0.165874,1,-6.29871,6,7.16341,6,2.21063,1,0.160505,6,0.0295906,4,-2.33547,-0.710219,0.143823,-0.0159133,-5.03263e-05,1.13933e-11,3.78707e-13,5.85401e-14,16.6268,392.902,398.101,4.4,0,552.667,13.0599,13.2327,34.85,0,0.0854307,2.01878,2.04549,4.4,0,284.396,283.03,99579.0,1.21967,1012.47,0.0236306,0.0104007,0.00995906,1300.84,1214.49,0.00816537,100.0,0.0,284.024,0.746548,-3.76161,0.126835,3.83707,-1.03224e-13,6.85235e-16,3.83707,6.99486,168.742,281.225,1.89426,-9999,0.36878,0.638521,692.753,0.00643483,-0.87929,-0.0138312,0,65.7892,-9.98376,22.5833,56.2356,85.7628,120.284,180.207,-0.164013,1.01135,-5.74429,1.02751,6.90951,1.03675,2.14772,1.02929,0.154816,1.03675,0.0282304,1.04818,800000009,800010009,800000009,800000009,800000009,800000009,800010019,800010019,80000,80000,80,80,0,0,0,0,0,0,0,0.802361,0.33936,0.135321,0.0306723,4.06877,0.0481315,0.000224182,-0.00465172,0.050752,0.00365839,0.000667101,16.1523,538.786
A20151970000.slt,2015-07-16,00:30,197.021,0,36000,36000,-0.207011,1,-12.8589,4,-13.3262,4,2.75601,2,-0.298474,4,0.0113697,2,-1.37191,-1.89838,0.0500909,-0.042519,-0.00282014,3.62801e-10,1.17068e-11,1.83957e-12,16.6714,393.336,398.392,4.3,0,537.951,12.6921,12.8553,24.8,0,0.0845315,1.99439,2.02002,4.15,0,284.046,282.623,99592.7,1.22176,1012.26,0.0235934,-0.0193411,0.00969388,1264.38,1181.77,0.00793432,100.0,0.0,283.597,0.573654,-4.5232,0.115016,4.56088,-6.60882e-14,2.17619e-14,4.56088,7.9549,172.666,277.228,1.44504,-9999,0.411626,0.736711,471.892,0.00944654,0.964935,-0.0252595,0,63.3139,-9.60813,21.7336,54.1198,82.5361,115.758,173.427,-0.204215,1.01369,-13.2686,1.03296,-12.9467,1.02931,2.70152,1.02017,-0.289974,1.02931,0.0108974,1.04334,800000009,800010009,800000009,800000009,800000009,800000009,800000019,800010019,80000,80000,80,80,0,0,0,0,0,0,0,0.846407,0.441887,0.185127,0.0159406,4.1716,0.0508701,8.90815e-05,-0.0107287,0.063738,-0.00684147,0.000257107,16.1901,524.54
A20151970030.slt,2015-07-16,01:00,197.042,0,36000,36000,-0.176017,1,-5.41526,1,4.10556,1,2.19962,1,0.0919218,1,0.0132449,1,-1.24983,-1.28926,0.0941006,-0.0288659,0.000350911,2.09212e-11,6.60455e-13,1.06022e-13,16.7284,394.148,399.114,4.4,0,528.094,12.4428,12.5995,28.4,0,0.0847741,1.99742,2.02258,4.35,0,283.648,282.253,99596.3,1.22353,1012.1,0.0235617,0.00595653,0.00951625,1239.59,1152.68,0.00777772,100.0,0.0,283.3,0.395784,-4.5239,0.114137,4.54262,-2.87756e-14,1.25064e-15,4.54262,7.92987,174.844,275.0,1.43975,-9999,0.379288,0.712528,876.633,0.00508508,-1.31901,-0.0115295,0,59.899,-9.0899,20.5614,51.2008,78.0844,109.514,164.073,-0.17372,1.01322,-5.0301,1.03202,4.01382,1.02286,2.16868,1.01427,0.0898677,1.02286,0.0127843,1.03603,800000009,800010009,800000009,800000009,800000009,800000009,800010019,800010019,80000,80000,80,80,0,0,1,0,0,0,0,0.770459,0.473961,0.180636,0.0248794,4.04509,0.0397628,8.78886e-05,-0.00406197,0.0510978,0.00211743,0.00030122,16.2454,515.744
A20151970100.slt,2015-07-16,01:30,197.062,1,36000,36000,-0.2069,1,-1.7886,1,3.68016,1,2.08055,1,0.0823679,1,0.0153783,1,-1.26257,-0.467318,0.0397992,-0.0104593,-0.000543427,4.76401e-11,1.49172e-12,2.40648e-13,16.7631,394.492,399.426,4.1,0,524.893,12.3525,12.507,31.6,0,0.0846766,1.99273,2.01765,4.2,0,283.327,281.88,99584.0,1.22504,1012.05,0.0235334,0.00533744,0.00945858,1230.44,1123.96,0.00772105,100.0,0.0,283.19,1.08022,-4.5051,0.0936422,4.63374,3.06184e-13,2.84196e-15,4.63374,8.08983,166.318,283.484,1.15796,-9999,0.410966,0.826417,3375.85,0.00132048,-0.486013,-0.0035104,0,63.5751,-9.64776,21.8233,54.343,82.8765,116.235,174.142,-0.204211,1.01317,-1.53108,1.03203,3.5272,1.04337,2.01063,1.03478,0.0789444,1.04337,0.0145553,1.05654,800000009,800010009,800000009,800000009,800000009,800000009,800010019,800010019,80000,80000,80,80,0,0,0,0,0,0,0,0.885227,0.58487,0.182738,0.00272049,4.1108,0.0362872,7.4469e-05,-0.00123495,0.0473169,0.00185783,0.000342536,16.2703,513.127
A20151970130.slt,2015-07-16,02:00,197.083,1,36000,36000,-0.217448,1,4.97687,4,11.8554,4,3.0434,1,0.265268,4,0.0258292,4,-0.993255,-1.22938,0.0345947,-0.0275078,-0.00125579,-2.31005e-10,-7.08917e-12,-1.15968e-12,16.7974,394.79,399.632,3.8,0,515.486,12.1155,12.2641,33.3,0,0.0843255,1.98191,2.00622,3.85,0,282.988,281.587,99608.7,1.22673,1011.91,0.0235031,0.0171894,0.00928906,1207.13,1101.85,0.00757222,100.0,0.0,282.904,1.71281,-4.18236,0.121316,4.52112,-4.47454e-14,-1.37524e-14,4.52112,8.34517,157.59,292.271,1.53762,-9999,0.421021,0.865481,-1304.64,-0.00341684,0.419797,0.00952274,0,64.1036,-9.72797,22.0047,54.7948,83.5655,117.202,175.59,-0.215056,1.01112,5.51723,1.02864,11.1683,1.06152,2.88706,1.05415,0.249895,1.06152,0.0240761,1.07282,800000009,800010009,800000009,800000009,800000009,800000009,800010019,800010019,80000,80000,80,80,0,0,0,0,0,0,0,1.02497,0.517752,0.188241,0.0156435,4.13919,0.0584208,0.000145263,0.00444458,0.0678548,0.0058733,0.000565862,16.2992,504.917
A20151970200.slt,2015-07-16,02:30,197.104,1,36000,36000,-0.327286,1,10.2673,6,22.4867,6,3.13801,2,0.502917,6,0.0300438,4,-1.61704,-2.86775,-0.0835418,-0.0641377,-0.00231685,-3.02526e-10,-8.87756e-12,-1.5062e-12,16.7997,394.071,398.682,4.2,0,492.984,11.564,11.6993,5.1,0,0.0836414,1.96199,1.98494,4.25,1,282.492,281.11,99635.0,1.22939,1011.6,0.0234571,0.032589,0.00888357,1152.49,1066.73,0.00722599,100.0,0.0,282.216,2.13929,-4.71318,0.148936,5.17811,-3.16603e-13,-1.80078e-14,5.17811,10.1849,155.183,294.413,1.6482,-9999,0.515963,1.48708,-1164.06,-0.00382949,0.456595,0.0160007,0,65.3445,-9.91628,22.4307,55.8555,85.1832,119.471,178.989,-0.323114,1.01291,11.2192,1.03278,21.0508,1.06821,2.96116,1.05972,0.470803,1.06821,0.0277873,1.08121,800000009,800010009,800000009,800000009,800000009,800000009,800010019,800010019,80000,80000,80,81,0,0,0,0,0,0,0,1.76045,0.944718,0.269005,0.0293023,4.11984,0.0629036,0.00010831,0.00902124,0.0694602,0.0110437,0.000651809,16.3045,485.328
A20151970230.slt,2015-07-16,03:00,197.125,1,36000,36000,-0.295196,1,4.02099,4,7.9105,4,2.23825,1,0.17683,4,0.0176352,2,-1.78962,-1.36046,-0.00489648,-0.0304115,-0.000315384,-2.86441e-11,-8.21669e-13,-1.42431e-13,16.8266,394.029,398.534,4.35,0,482.679,11.3029,11.4321,27.8,0,0.0836691,1.95928,1.98168,4.6,0,281.965,280.583,99618.7,1.23162,1011.44,0.023417,0.0114586,0.00869788,1126.28,1029.08,0.00706216,100.0,0.0,281.875,0.608875,-5.4628,0.136292,5.49831,-2.64122e-13,-1.70231e-15,5.49831,9.17414,173.6,276.36,1.4204,-9999,0.489572,1.1503,-2538.73,-0.00175589,0.508311,0.00659325,0,61.4578,-9.32645,21.0965,52.5332,80.1164,112.364,168.342,-0.291178,1.0138,4.35336,1.0348,7.71363,1.02552,2.2011,1.01688,0.172429,1.02552,0.0169771,1.03876,800000009,800010009,800000009,800000009,800000009,800000009,800000019,800010019,80000,80000,80,80,0,0,0,0,0,0,0,1.1849,0.833638,0.28207,0.0320274,3.97939,0.0469221,8.6514e-05,0.00349468,0.0515431,0.00403778,0.000397553,16.4348,465.013
A20151970300.slt,2015-07-16,03:30,197.146,1,36000,36000,-0.363214,1,2.13316,6,11.183,4,2.1679,1,0.249856,4,0.020117,2,-1.82705,-1.70387,-0.0102731,-0.0380686,-0.00132052,1.84625e-10,5.14437e-12,9.12935e-13,16.8558,393.941,398.314,4.15,0,469.668,10.9767,11.0986,36.55,0,0.0833487,1.94796,1.96958,3.85,0,281.459,280.047,99622.7,1.23418,1011.25,0.0233713,0.0161906,0.00846342,1093.82,991.922,0.00685751,100.0,0.0,281.444,0.621702,-5.53316,0.114155,5.56914,-1.55291e-13,1.09532e-14,5.56914,10.5414,173.565,276.411,1.17452,-9999,0.542491,1.45119,-6510.81,-0.000684669,0.19075,0.00315062,0,63.9777,-9.70887,21.9615,54.6872,83.4014,116.972,175.245,-0.358201,1.014,2.70711,1.03525,10.9016,1.02581,2.13154,1.01706,0.243568,1.02581,0.0193577,1.03923,800000009,800010009,800000009,800000009,800000009,800000009,800010019,800010019,80000,80000,80,80,0,0,0,0,0,0,0,1.64873,0.940467,0.31318,0.022402,4.08598,0.0373073,7.75578e-05,0.00216904,0.0498168,0.00569249,0.000452415,16.6583,437.752
A20151970330.slt,2015-07-16,04:00,197.167,1,36000,36000,-0.337384,1,-2.50479,7,-5.385,4,2.01232,1,-0.120241,4,0.0128722,1,-2.16102,-0.853975,0.0475878,-0.0190684,0.000298808,1.61442e-10,4.42704e-12,7.98524e-13,16.912,394.348,398.659,5.25,0,463.758,10.8137,10.9319,34.1,0,0.0836499,1.95052,1.97184,4.6,0,280.877,279.413,99626.0,1.2371,1011.14,0.0233176,-0.00779165,0.00835692,1077.62,949.601,0.00675526,100.0,0.0,281.224,0.832369,-5.52206,0.111072,5.58554,-7.13207e-15,9.54602e-15,5.58554,10.4057,171.408,278.572,1.13944,-9999,0.522228,1.22598,4946.34,0.000901222,0.465141,-0.00383438,0,63.8852,-9.69483,21.9297,54.6081,83.2809,116.803,174.992,-0.332136,1.0158,-2.72556,1.03833,-5.21341,1.03291,1.96765,1.0227,-0.11641,1.03291,0.0122758,1.04858,800000009,800010009,800000009,800000009,800000009,800000009,800010019,800010019,80000,80000,80,80,0,0,0,0,0,0,0,1.37729,0.78391,0.290755,0.0138349,4.0034,0.0378466,6.91332e-05,-0.00217891,0.0458809,-0.0027144,0.000286244,18.2719,266.928
A20151970400.slt,2015-07-16,04:30,197.187,1,36000,36000,-0.316669,1,-0.564039,7,4.71996,1,2.12653,1,0.105344,1,0.0168684,1,-1.6183,-1.43159,-5.97959e-05,-0.0319515,-0.000839595,2.1774e-11,5.82035e-13,1.07303e-13,16.9466,394.348,398.549,4.35,0,452.995,10.5412,10.6535,10.3,0,0.0835135,1.94336,1.96406,4.1,0,280.523,278.94,99661.0,1.23976,1010.99,0.02327,0.00682631,0.00816296,1050.82,919.02,0.00658431,100.0,0.0,280.854,0.290984,-5.41276,0.129199,5.42211,4.40923e-14,1.28486e-15,5.42211,10.3369,176.873,273.077,1.36538,-9999,0.505399,1.28966,19913.9,0.000223851,-0.119501,-0.000890414,0,64.5391,-9.79405,22.1542,55.167,84.1332,117.998,176.783,-0.31191,1.01526,-0.275353,1.03707,4.63201,1.01899,2.10694,1.0093,0.103381,1.01899,0.0163161,1.03385,800000009,800010009,800000009,800000009,800000009,800000009,800010019,800010019,80000,80000,80,80,0,0,0,0,0,0,0,1.5373,0.776401,0.265616,0.0168457,4.06522,0.0379529,7.34886e-05,-0.000219688,0.0490284,0.00240568,0.000379675,18.8879,184.958
A20151970430.slt,2015-07-16,05:00,197.208,1,36000,36000,-0.445418,1,-0.373963,8,11.6001,4,2.58394,1,0.258846,4,0.0328176,2,-0.752653,-0.568044,-0.00398422,-0.0126754,-1.14655e-05,2.63753e-12,6.97863e-14,1.29983e-14,16.9565,394.314,398.471,5.05,0,448.651,10.4331,10.5431,23.6,0,0.0835652,1.94326,1.96375,4.3,0,280.332,278.72,99649.0,1.24064,1010.92,0.0232544,0.0167732,0.00808469,1039.93,905.104,0.00651655,100.0,0.0,280.701,-1.05287,-5.66741,0.17697,5.76709,2.37732e-13,1.55547e-16,5.76709,11.1406,190.086,259.476,1.75847,-9999,0.599185,1.89756,50046.0,8.90731e-05,-0.032238,-0.000497628,0,69.5509,-10.5546,23.8746,59.451,90.6666,127.161,190.511,-0.43903,1.01455,0.291425,1.0365,11.206,1.03516,2.51842,1.02602,0.250053,1.03516,0.0312795,1.04917,800000009,800010009,800000009,800000009,800000009,800000009,800010019,800010019,80000,80000,80,80,0,0,0,0,0,0,0,2.35273,1.13252,0.309892,0.011292,4.11554,0.0383083,0.000130147,0.000232361,0.0585643,0.00581483,0.000727386,18.0086,256.957
A20151970500.slt,2015-07-16,05:30,197.229,1,36000,36000,-0.452398,1,-5.50609,2,6.82378,1,1.77005,1,0.152254,1,0.0161472,1,-0.308006,-0.397796,-0.0149042,-0.00887572,-0.000606499,-1.06952e-10,-2.81022e-12,-5.25848e-13,16.9569,394.187,398.312,4.3,0,445.552,10.3575,10.4659,30.6,0,0.0833718,1.93809,1.95837,4.35,0,280.26,278.63,99651.3,1.24111,1010.88,0.0232464,0.00986605,0.00802885,1032.41,899.466,0.00646912,100.0,0.0,280.595,-1.22157,-5.77519,0.171385,5.90545,2.08381e-14,-6.30727e-15,5.90545,12.1255,192.096,258.057,1.66304,-9999,0.603748,1.62345,3477.3,0.00128196,-0.806896,-0.00726906,0,66.7697,-10.1326,22.9199,57.0738,87.0411,122.076,182.893,-0.444958,1.01672,-4.92764,1.04051,6.54704,1.04227,1.71623,1.03136,0.146079,1.04227,0.0152475,1.059,800000009,800010009,800000009,800000009,800000009,800000009,800010019,800010019,80000,80000,80,80,0,0,0,1,0,0,0,1.80943,1.08979,0.347679,0.00837893,3.99476,0.0336352,7.82484e-05,-0.00392764,0.0398962,0.00339581,0.000354449,18.5825,224.81
A20151970530.slt,2015-07-16,06:00,197.25,1,36000,36000,-0.403145,1,-6.88141,1,4.51091,1,2.04572,1,0.100649,1,0.011942,1,0.0114079,-0.435888,-0.0211849,-0.00972567,8.89439e-05,3.77597e-11,9.84666e-13,1.8581e-13,16.9498,394.006,398.096,4.45,0,442.002,10.2746,10.3812,28.4,0,0.0834073,1.93885,1.95898,4.4,0,280.301,278.633,99656.0,1.24119,1010.83,0.0232455,0.00652205,0.00796488,1024.2,899.674,0.00641715,100.0,0.0,280.478,-1.20766,-5.78765,0.207976,5.91596,-2.33984e-14,2.22774e-15,5.91596,10.8923,191.746,258.214,2.01466,-9999,0.569917,1.54387,2340.35,0.00190473,-1.5255,-0.00962388,0,64.2251,-9.7464,22.0464,54.8986,83.7238,117.424,175.922,-0.396477,1.01682,-6.3815,1.04071,4.33072,1.04161,1.98496,1.03061,0.0966285,1.04161,0.0112822,1.05848,800000009,800010009,800000009,800000009,800000009,800000009,800010019,800010019,80000,80000,80,80,0,0,0,0,0,0,0,1.66831,1.07805,0.341378,0.00741624,3.94424,0.0342831,7.5302e-05,-0.00508635,0.0461415,0.00224618,0.000262261,17.7158,309.486
A20151970600.slt,2015-07-16,06:30,197.271,1,36000,36000,-0.498603,1,-13.3725,1,6.83382,2,2.02061,1,0.15249,2,0.0257262,1,0.273692,-0.0158346,-0.0271803,-0.000353335,-0.000311873,-7.23625e-11,-1.88757e-12,-3.55806e-13,16.9338,393.774,397.861,4.3,0,441.716,10.2716,10.3782,23.6,0,0.0832634,1.93619,1.95628,4.15,0,280.363,278.713,99649.3,1.24075,1010.83,0.0232538,0.00988135,0.00795973,1023.83,904.686,0.00641526,100.0,0.0,280.473,-1.81306,-5.94533,0.194648,6.21868,-1.38245e-13,-4.27326e-15,6.21868,10.8652,196.945,253.041,1.79368,-9999,0.633922,1.71818,1657.29,0.00268978,-1.95681,-0.0168195,0,66.5005,-10.0917,22.8275,56.8437,86.6902,121.584,182.155,-0.489899,1.01777,-12.4866,1.04292,6.4757,1.0553,1.93638,1.0435,0.144499,1.0553,0.0239669,1.07341,800000009,800010009,800000009,800000009,800000009,800000009,800010019,800010019,80000,80000,80,80,0,0,0,0,0,0,0,1.84267,1.2069,0.386792,0.00871295,3.90529,0.0332136,7.10504e-05,-0.0099559,0.0450282,0.00336015,0.000557322,17.7258,310.869
A20151970630.slt,2015-07-16,07:00,197.292,1,36000,36000,-0.551945,1,-11.4101,1,5.70107,1,2.00716,1,0.127217,1,0.0208036,1,0.0798171,-0.101691,-0.0246391,-0.0022692,-4.95166e-05,-1.78179e-10,-4.64151e-12,-8.76384e-13,16.9227,393.564,397.641,4.65,0,440.831,10.2522,10.3584,23.75,0,0.0832353,1.93577,1.95582,4.6,0,280.373,278.737,99645.7,1.24061,1010.83,0.0232566,0.00824367,0.00794378,1021.86,906.152,0.00640313,100.0,0.0,280.445,-1.95943,-5.90831,0.19794,6.22789,2.32308e-14,-1.0529e-14,6.22789,12.5304,198.401,251.652,1.82133,-9999,0.667006,1.799,2262.53,0.00197025,-2.00139,-0.013641,0,67.593,-10.2575,23.2025,57.7775,88.1143,123.582,185.148,-0.542336,1.01772,-10.6632,1.04284,5.38533,1.05863,1.91731,1.04686,0.120171,1.05863,0.0193219,1.07668,800000009,800010009,800000009,800000009,800000009,800000009,800000019,800010019,80000,80000,80,80,0,0,0,0,0,0,0,2.11092,1.07595,0.411146,0.00856326,3.93177,0.0339529,8.25131e-05,-0.00850312,0.04459,0.00279477,0.000449361,17.88,296.62
A20151970700.slt,2015-07-16,07:30,197.312,1,36000,36000,-0.418941,1,-7.63118,1,6.84778,2,1.63242,1,0.152803,2,0.019395,1,-0.0456191,-0.129776,-0.0472797,-0.00289585,-0.000327682,1.36017e-10,3.5383e-12,6.68727e-13,16.9089,393.161,397.224,3.8,0,439.862,10.2275,10.3332,45.05,0,0.0831325,1.93297,1.95295,4.25,1,280.293,278.723,99661.7,1.24088,1010.81,0.0232517,0.00990163,0.00792631,1019.57,905.314,0.00638765,100.0,0.0,280.412,-1.61695,-5.69398,0.182292,5.92192,-1.16609e-14,8.04411e-15,5.92192,10.3144,195.81,254.147,1.76399,-9999,0.581048,1.52233,2236.58,0.00199311,-1.1144,-0.0104708,0,67.6231,-10.2621,23.2128,57.8032,88.1535,123.637,185.23,-0.412002,1.01684,-6.97669,1.04076,6.51163,1.05162,1.56888,1.0405,0.145302,1.05162,0.0181485,1.06868,800000009,800010009,800000009,800000009,800000009,800000009,800000019,800010019,80000,80000,80,80,0,0,0,0,0,0,0,1.8418,0.89093,0.311926,0.00773079,3.85243,0.0343324,7.722e-05,-0.00556226,0.0364791,0.00337853,0.000421984,18.2848,231.806
A20151970730.slt,2015-07-16,08:00,197.333,1,36000,36000,-0.460984,1,-9.44755,1,7.73368,2,1.44385,1,0.172573,2,0.020025,1,0.0342151,0.141023,-0.0354349,0.00314686,0.000185937,-3.29457e-10,-8.59946e-12,-1.62235e-12,16.8962,392.859,396.93,4.05,0,441.023,10.2544,10.3606,22.75,0,0.0832021,1.93456,1.9546,4.15,0,280.242,278.733,99667.0,1.24089,1010.82,0.0232513,0.0111827,0.00794723,1022.3,905.942,0.00640447,100.0,0.0,280.451,-1.07681,-5.61065,0.20737,5.71681,3.09017e-14,-1.94989e-14,5.71681,11.2876,190.88,259.136,2.07879,-9999,0.609504,1.46441,2085.3,0.0021377,-1.22161,-0.0123576,0,67.1689,-10.1931,23.0569,57.4149,87.5614,122.806,183.986,-0.453602,1.01627,-8.68537,1.03941,7.44276,1.03909,1.4039,1.02846,0.166081,1.03909,0.018974,1.05539,800000009,800010009,800000009,800000009,800000009,800000009,800010019,800010019,80000,80000,80,80,0,0,0,0,0,0,0,1.72673,0.852854,0.349253,0.00726535,3.90549,0.0345157,7.0792e-05,-0.00692437,0.0326425,0.00386161,0.00044117,18.393,254.128
A20151970800.slt,2015-07-16,08:30,197.354,1,36000,36000,-0.387033,1,-7.89347,1,-5.50663,2,0.989774,1,-0.122883,2,0.0151712,1,0.159659,0.154872,-0.0380096,0.00345604,-8.90013e-05,3.91205e-10,1.0249e-11,1.92725e-12,16.881,392.535,396.614,3.65,0,442.256,10.2838,10.3907,48.4,0,0.0831631,1.9338,1.95389,4.0,0,280.364,278.78,99676.0,1.24078,1010.84,0.0232531,-0.00796282,0.00796945,1025.33,908.881,0.00642294,100.0,0.0,280.495,-0.751674,-5.92739,0.154776,5.97686,3.67502e-14,2.31743e-14,5.97686,12.2058,187.424,262.773,1.48389,-9999,0.558504,1.47913,1920.44,0.00232122,1.43345,-0.0112685,0,64.184,-9.74017,22.0323,54.8635,83.6704,117.349,175.81,-0.380543,1.01705,-7.91714,1.04124,-5.34003,1.0312,0.970242,1.02013,-0.119165,1.0312,0.0144739,1.04818,800000009,800010009,800000009,800000009,800000009,800000009,800000019,800010019,80000,80000,80,80,0,0,0,0,0,0,0,1.66583,0.964132,0.328291,0.0121103,3.9265,0.0337707,7.49972e-05,-0.00631235,0.0225611,-0.00277096,0.000336563,18.2653,244.267
A20151970830.slt,2015-07-16,09:00,197.375,1,36000,36000,-0.389775,1,-2.53787,6,4.43662,4,-0.910121,1,0.0989942,4,0.0152588,1,-0.399349,-0.451895,-0.038397,-0.0100831,-4.44274e-05,-2.06361e-10,-5.36567e-12,-1.01727e-12,16.8757,392.208,396.249,9.5,0,438.791,10.1979,10.303,25.8,0,0.0831902,1.93342,1.95334,4.1,0,280.19,278.663,99686.3,1.24147,1010.79,0.023241,0.00641483,0.00790701,1016.87,901.55,0.00636908,100.0,0.0,280.373,0.701184,-6.09759,0.113587,6.13882,1.37155e-13,-1.22283e-14,6.13882,10.6876,173.423,276.56,1.06021,-9999,0.560324,1.50675,6032.04,0.000739012,-0.572027,-0.00360937,0,64.0919,-9.72619,22.0007,54.7848,83.5502,117.18,175.558,-0.383137,1.01733,-2.19238,1.04197,4.31129,1.02907,-0.894077,1.01794,0.0961976,1.02907,0.0145858,1.04614,800000009,800010009,800000009,800000009,800000009,800000009,800010019,800010019,80000,80000,80,80,0,0,0,0,0,0,0,1.62812,1.05383,0.331534,0.0159373,3.93638,0.0398062,6.85523e-05,-0.00174711,-0.0207792,0.00223573,0.000338988,17.4073,340.964
A20151970900.slt,2015-07-16,09:30,197.396,1,36000,36000,-0.41574,1,-3.34749,2,-7.46204,1,1.0839,1,-0.166477,1,0.0143767,1,-0.502369,-0.413212,-0.0304311,-0.0092187,-0.00044116,-1.49651e-10,-3.86375e-12,-7.36773e-13,16.8759,391.949,395.956,3.3,0,435.707,10.1194,10.2229,50.35,0,0.0830845,1.92967,1.94939,4.25,1,280.148,278.517,99701.0,1.24234,1010.75,0.0232253,-0.0107877,0.00785143,1009.19,892.409,0.00631987,100.0,0.0,280.263,0.691374,-6.31362,0.120042,6.35249,4.34026e-14,-8.86776e-15,6.35249,11.4187,173.67,276.249,1.08278,-9999,0.578482,1.53721,5032.72,0.000885753,0.448603,-0.00460837,0,62.1786,-9.43585,21.3439,53.1494,81.0561,113.682,170.317,-0.4084,1.01797,-3.64073,1.04349,-7.25176,1.029,1.06531,1.01745,-0.161786,1.029,0.0137351,1.04672,800000009,800010009,800000009,800000009,800000009,800000009,800000019,800010019,80000,80000,80,80,0,0,0,0,0,0,0,1.73128,0.962206,0.380942,0.00843178,3.85741,0.0331178,6.98369e-05,-0.00289938,0.0247421,-0.00375753,0.000319003,17.9973,219.561
A20151970930.slt,2015-07-16,10:00,197.417,1,36000,36000,-0.404875,1,1.21099,4,8.76137,1,-1.21125,1,0.195463,1,0.0187041,1,-0.0342629,0.190253,-0.0537403,0.00424447,-0.000266391,5.61311e-11,1.45608e-12,2.76345e-13,16.8613,391.492,395.508,2.45,0,437.393,10.1556,10.2597,18.3,0,0.0830118,1.9274,1.94717,4.05,0,280.171,278.507,99727.3,1.2427,1010.76,0.0232184,0.012666,0.00788183,1013.06,891.789,0.00634252,100.0,0.0,280.319,0.346819,-5.90755,0.127983,5.91911,1.51864e-14,3.32899e-15,5.91911,11.3684,176.576,273.36,1.23895,-9999,0.570792,1.47774,-13366.8,-0.000333494,0.138219,0.00168908,0,66.2711,-10.0569,22.7487,56.6475,86.3911,121.165,181.527,-0.398901,1.01498,1.67181,1.03746,8.59671,1.01915,-1.19936,1.00991,0.19179,1.01915,0.0181012,1.03331,800000009,800010009,800000009,800000009,800000009,800000009,800010019,800010019,80000,80000,80,80,0,0,0,0,0,0,0,1.90633,0.73195,0.317181,0.0101081,3.9469,0.0354373,7.14691e-05,0.00133098,-0.0278471,0.00445304,0.000420281,19.2708,88.6228
A20151971000.slt,2015-07-16,10:30,197.437,1,36000,36000,-0.457091,1,-8.49124,1,9.59843,1,-1.08187,1,0.214149,1,0.0168901,1,0.182725,-0.472163,-0.00325079,-0.0105343,-0.000906715,9.22039e-11,2.37087e-12,4.52153e-13,16.8594,391.464,395.444,7.25,0,433.512,10.0659,10.1682,25.35,0,0.0826757,1.91968,1.9392,4.3,0,280.223,278.56,99742.0,1.24268,1010.72,0.0232194,0.0138768,0.00781189,1004.26,895.101,0.0062863,100.0,0.0,280.191,0.478579,-6.75984,0.119319,6.77781,-1.30222e-14,5.46899e-15,6.77781,12.8758,175.87,274.05,1.0087,-9999,0.606486,1.72474,2287.01,0.00194916,-0.884649,-0.0111471,0,64.0909,-9.72604,22.0003,54.7839,83.5489,117.179,175.555,-0.448442,1.01929,-7.59384,1.04656,9.36744,1.02466,-1.06874,1.01229,0.208995,1.02466,0.0161839,1.04363,800000009,800010009,800000009,800000009,800000009,800000009,800000019,800010019,80000,80000,80,80,0,0,0,1,0,0,0,2.11624,0.94555,0.387679,0.00941682,3.92955,0.0410966,8.27205e-05,-0.00604604,-0.0248156,0.00485273,0.00037578,19.9081,76.7215
A20151971030.slt,2015-07-16,11:00,197.458,1,36000,36000,-0.493511,1,-2.47503,4,8.26722,1,-1.67773,1,0.184465,1,0.0140191,1,0.319685,0.121865,-0.044958,0.00271914,-0.000163714,1.37216e-10,3.53986e-12,6.73052e-13,16.8384,391.081,395.067,4.25,1,434.393,10.089,10.1919,38.95,0,0.0825935,1.91829,1.93784,4.65,0,280.322,278.653,99748.7,1.24234,1010.73,0.0232256,0.0119533,0.00782776,1006.64,900.925,0.00630082,100.0,0.0,280.226,0.721178,-6.58233,0.134342,6.62309,-1.77661e-13,8.14897e-15,6.62309,11.8864,173.584,276.253,1.16227,-9999,0.630272,1.87725,8806.5,0.000506189,-0.299378,-0.00312735,0,64.57,-9.79874,22.1648,55.1934,84.1735,118.054,176.867,-0.484464,1.01867,-1.90767,1.04519,8.02912,1.02966,-1.64857,1.01769,0.179152,1.02966,0.0133769,1.04801,800000009,800010009,800000009,800000009,800000009,800000009,800010019,800010019,80000,80000,80,80,0,0,0,1,0,0,0,2.22144,1.12186,0.411208,0.0107946,3.95151,0.0361783,6.85755e-05,-0.00151924,-0.038289,0.00416091,0.000310688,21.059,64.6652
A20151971100.slt,2015-07-16,11:30,197.479,1,36000,36000,-0.464855,1,-1.94246,1,5.99583,1,-1.69103,1,0.13378,1,0.0143817,2,-0.0799468,-0.45442,0.000420182,-0.0101391,0.000307303,-5.73403e-11,-1.46659e-12,-2.81641e-13,16.8441,391.085,395.036,4.25,1,430.821,10.0027,10.1038,14.25,0,0.0827338,1.9209,1.94031,4.9,0,280.235,278.63,99773.7,1.2428,1010.68,0.0232178,0.00866897,0.00776339,998.277,899.466,0.00624672,100.0,0.0,280.104,1.17234,-6.69331,0.11267,6.79614,5.33183e-14,-3.40418e-15,6.79614,11.8082,169.808,279.935,0.949926,-9999,0.611587,1.9092,10254.0,0.000434733,-0.323968,-0.0025286,0,62.8924,-9.54417,21.5889,53.7595,81.9866,114.987,172.272,-0.456114,1.01916,-1.52623,1.04635,5.76913,1.0393,-1.64671,1.02691,0.128722,1.0393,0.0135896,1.05829,800000009,800010009,800000009,800000009,800000009,800000009,800000019,800010019,80000,80000,80,80,0,0,0,1,0,0,0,2.1872,1.21789,0.413328,0.00829699,3.97149,0.0351544,6.89342e-05,-0.00121508,-0.038233,0.00298866,0.000315522,19.6313,79.2783
A20151971130.slt,2015-07-16,12:00,197.5,1,36000,36000,-0.454943,1,-2.70878,2,8.57359,2,-1.39301,1,0.191274,2,0.0143256,1,-0.422859,-0.358898,0.00619496,-0.0080069,0.00108782,8.82316e-11,2.24103e-12,4.35399e-13,16.8579,391.137,395.062,4.35,0,428.18,9.93463,10.0343,20.0,0,0.0831892,1.93015,1.94952,4.2,0,280.178,278.507,99797.7,1.24368,1010.65,0.023202,0.0123945,0.00771581,991.719,891.789,0.00620402,100.0,0.0,280.008,0.942665,-6.70477,0.151718,6.77242,-8.30194e-14,5.23384e-15,6.77242,12.0869,171.824,278.003,1.28367,-9999,0.604818,1.83975,7112.8,0.000626722,-0.315945,-0.00356322,0,62.2661,-9.44913,21.3739,53.2242,81.1702,113.842,170.557,-0.44641,1.01911,-2.11457,1.04622,8.28904,1.03433,-1.36299,1.02203,0.184926,1.03433,0.013602,1.0532,800000009,800010009,800000009,800000009,800000009,800000009,800000019,800000019,80000,80000,80,80,0,0,0,0,0,0,0,2.20187,1.06315,0.41449,0.00935911,3.88508,0.0362922,6.86293e-05,-0.00168235,-0.0316241,0.00429064,0.000315593,19.064,135.882
A20151971200.slt,2015-07-16,12:30,197.521,1,36000,36000,-0.562999,1,3.88472,2,13.8444,2,-2.35248,1,0.308909,2,0.0164029,1,0.51402,0.466721,-0.0450311,0.0104139,0.00121497,-2.23333e-10,-5.72873e-12,-1.10908e-12,16.8323,390.754,394.71,3.75,0,431.767,10.0233,10.1247,11.8,0,0.0835898,1.94049,1.96014,4.5,0,280.275,278.657,99797.7,1.24297,1010.69,0.0232145,0.0200173,0.00778045,1000.57,901.133,0.00625958,100.0,0.0,280.138,1.05276,-6.98793,0.139522,7.06816,4.15575e-14,-1.32681e-14,7.06816,13.4143,171.241,278.567,1.13107,-9999,0.673014,2.17717,-6833.78,-0.000652311,0.280598,0.00459468,0,65.282,-9.9068,22.4092,55.8021,85.1017,119.356,178.818,-0.552907,1.01825,4.51048,1.04469,13.3855,1.03428,-2.29934,1.02311,0.298669,1.03428,0.0156012,1.05139,800000009,800010009,800000009,800000009,800000009,800000009,800000019,800000019,80000,80000,80,80,0,0,0,0,0,0,0,2.71323,1.18475,0.45638,0.00901902,3.94614,0.0345521,6.49152e-05,0.0035904,-0.0533781,0.00693345,0.000362175,18.8561,143.36
A20151971230.slt,2015-07-16,13:00,197.542,1,36000,36000,-0.604431,1,24.153,2,24.2417,2,-4.50563,1,0.541008,2,0.0239178,4,0.707729,0.44384,-0.0871714,0.00990529,0.00101248,2.28566e-10,5.92354e-12,1.14227e-12,16.7888,390.012,393.994,4.25,1,435.1,10.1076,10.2108,8.6,0,0.0839032,1.94912,1.96902,4.15,0,280.408,278.863,99802.7,1.24207,1010.75,0.0232305,0.0350573,0.00784051,1009.04,914.149,0.00631246,100.0,0.0,280.261,1.06165,-7.13208,0.117236,7.21161,4.01859e-14,1.36142e-14,7.21161,14.796,171.596,278.467,0.931472,-9999,0.697591,2.41167,-1224.06,-0.00364177,0.996343,0.0275792,0,65.7674,-9.98046,22.5758,56.217,85.7344,120.244,180.147,-0.593355,1.01867,24.5427,1.04558,23.4582,1.0334,-4.40858,1.02201,0.523522,1.0334,0.0227608,1.05083,800000009,800010009,800000009,800000009,800000009,800000009,800000019,800010019,80000,80000,80,80,0,0,0,0,0,0,0,3.12056,1.22164,0.481128,0.0183668,4.1313,0.0436192,8.12818e-05,0.0195494,-0.102414,0.0121617,0.000528746,19.5368,89.5927
A20151971300.slt,2015-07-16,13:30,197.562,1,36000,36000,-0.50473,1,10.5383,1,13.3334,1,-2.64412,1,0.297583,1,0.0145042,1,0.216913,-0.14973,-0.0544274,-0.00334177,0.00198181,7.31994e-11,1.89396e-12,3.69427e-13,16.771,389.548,393.515,5.05,0,433.933,10.0792,10.1818,11.1,0,0.0846409,1.96599,1.98601,3.65,0,280.489,278.927,99838.7,1.24225,1010.73,0.0232274,0.0192834,0.00781948,1006.56,918.171,0.00629462,100.0,0.0,280.225,0.955161,-6.73656,0.128628,6.80516,-2.87042e-14,4.36464e-15,6.80516,12.2072,171.887,278.07,1.08304,-9999,0.63742,1.92912,-2140.87,-0.00208221,0.790364,0.0131673,0,63.6679,-9.66185,21.8551,54.4224,82.9975,116.405,174.396,-0.496051,1.0175,10.8896,1.04304,12.9189,1.03209,-2.58886,1.02135,0.288332,1.03209,0.0138329,1.04853,800000009,800010009,800000009,800000009,800000009,800000009,800000019,800000019,80000,80000,80,80,0,0,0,0,0,0,0,2.18407,1.23803,0.436149,0.0101039,4.04167,0.0359868,0.000119927,0.00867299,-0.0601326,0.0066972,0.000321303,18.1523,235.441
A20151971330.slt,2015-07-16,14:00,197.583,1,36000,36000,-0.486126,1,2.96904,1,15.4397,2,-2.17356,1,0.344613,2,0.0131318,1,0.216907,-0.586766,-0.0384813,-0.0130966,0.000900944,6.08354e-11,1.55794e-12,3.08484e-13,16.7568,389.221,393.139,4.25,1,429.128,9.96764,10.068,8.4,0,0.0849704,1.97366,1.99353,3.45,0,280.474,278.99,99860.3,1.24229,1010.67,0.0232277,0.0223309,0.00773288,995.638,922.208,0.00622471,100.0,0.0,280.066,0.634956,-6.69299,0.137687,6.72445,3.56452e-14,3.63049e-15,6.72445,12.1691,174.419,275.419,1.17325,-9999,0.625553,1.91544,-7183.23,-0.000620577,0.1923,0.00378023,0,63.3373,-9.61168,21.7417,54.1398,82.5666,115.801,173.491,-0.477876,1.01726,3.73488,1.04253,15.0501,1.02588,-2.14073,1.01533,0.335917,1.02588,0.012602,1.04204,800000009,800010009,800000009,800000009,800000009,800000009,800010019,800010019,80000,80000,80,80,0,0,0,1,0,0,0,2.14435,1.26088,0.42566,0.00899861,4.00732,0.0406341,8.49214e-05,0.0029747,-0.0497243,0.00780257,0.000292715,17.1787,335.089
A20151971400.slt,2015-07-16,14:30,197.604,1,36000,36000,-0.544248,1,1.9254,2,9.71886,2,-2.39711,1,0.216951,2,0.00726115,4,0.445031,0.0568431,-0.0229618,0.00126889,0.000311104,-4.41344e-11,-1.13204e-12,-2.2421e-13,16.7408,389.025,392.946,4.25,1,429.399,9.97845,10.079,9.9,0,0.085046,1.97631,1.99623,4.2,0,280.523,279.12,99861.7,1.24172,1010.68,0.0232382,0.0140584,0.00773777,996.732,930.545,0.00623149,100.0,0.0,280.082,0.674783,-6.92797,0.126472,6.96191,-4.87378e-14,-2.63634e-15,6.96191,13.1386,174.371,275.563,1.04091,-9999,0.662044,2.14135,-13130.7,-0.000339492,0.19811,0.00231738,0,64.0605,-9.72143,21.9899,54.7579,83.5093,117.123,175.472,-0.534653,1.01795,2.40256,1.04402,9.46828,1.02646,-2.36043,1.01554,0.211357,1.02646,0.00696053,1.04319,800000009,800010009,800000009,800000009,800000009,800000009,800000019,800010019,80000,80000,80,80,0,0,0,0,0,0,0,2.60464,1.21496,0.463117,0.0104504,3.98202,0.040368,7.26345e-05,0.00191442,-0.054852,0.00491156,0.00016175,16.5716,400.434
A20151971430.slt,2015-07-16,15:00,197.625,1,36000,36000,-0.444975,1,-2.12189,4,15.1579,2,-1.27256,1,0.338344,2,0.0165332,1,-0.228358,0.214353,0.0449672,0.00478462,0.000205054,5.51914e-11,1.42004e-12,2.80354e-13,16.7672,389.408,393.349,4.2,0,431.409,10.0192,10.1206,12.4,0,0.0851718,1.97806,1.99808,4.1,0,280.485,279.053,99897.3,1.24244,1010.7,0.0232243,0.0219247,0.00777399,1001.16,926.261,0.00625703,100.0,0.0,280.146,0.578045,-6.56636,0.107941,6.59263,2.63743e-14,3.29163e-15,6.59263,12.6887,174.969,275.031,0.938143,-9999,0.598453,1.90983,8802.97,0.000506392,-0.139986,-0.00282353,0,64.0034,-9.71276,21.9703,54.7091,83.4348,117.019,175.315,-0.43686,1.01857,-1.17534,1.04495,14.7714,1.02616,-1.25461,1.01431,0.329716,1.02616,0.0158311,1.04435,800000009,800010009,800000009,800000009,800000009,800000009,800000019,800010019,80000,80000,80,80,0,0,0,0,0,0,0,2.29002,1.1506,0.379034,0.00810567,3.90592,0.0371298,6.89049e-05,-0.000935973,-0.0291375,0.00765743,0.000367667,16.7641,363.974
A20151971500.slt,2015-07-16,15:30,197.646,1,36000,36000,-0.468277,1,-7.87712,1,14.0314,2,-1.38261,2,0.313176,2,0.0252922,2,-0.262717,-0.229621,0.0538082,-0.00512505,-0.000621289,1.45023e-10,3.71073e-12,7.33837e-13,16.7938,389.866,393.794,4.2,0,429.706,9.97557,10.0761,10.25,0,0.0849789,1.97277,1.99265,4.45,0,280.49,278.977,99910.7,1.24297,1010.68,0.0232149,0.0202938,0.0077433,996.933,921.357,0.00622968,100.0,0.0,280.085,0.727151,-6.77734,0.117858,6.81725,-4.91674e-14,8.63552e-15,6.81725,12.0671,173.734,276.124,0.990591,-9999,0.613793,1.94347,2558.57,0.00174228,-0.561391,-0.0102158,0,63.3096,-9.60748,21.7321,54.1161,82.5305,115.75,173.415,-0.45938,1.01937,-6.75447,1.04677,13.6232,1.02997,-1.35883,1.0175,0.304066,1.02997,0.0241086,1.0491,800000009,800010009,800000009,800000009,800000009,800000009,800010019,800010019,80000,80000,80,80,0,0,0,0,0,0,0,2.34623,1.13131,0.409408,0.0102546,4.06748,0.0393435,8.42586e-05,-0.00537674,-0.031545,0.00705885,0.000559678,17.7116,266.436
A20151971530.slt,2015-07-16,16:00,197.667,1,36000,36000,-0.431375,1,-10.4188,1,7.71303,1,-1.25026,1,0.172114,1,0.0139365,1,-0.800365,0.228929,0.0768796,0.00510849,-0.000778107,-4.25072e-11,-1.09054e-12,-2.14011e-13,16.8386,390.519,394.472,4.9,0,432.003,10.019,10.1204,18.85,0,0.0847775,1.96616,1.98605,4.2,0,280.408,278.743,99925.7,1.24418,1010.69,0.023192,0.011153,0.0077847,1001.42,906.571,0.00625691,100.0,0.0,280.15,0.592782,-6.67325,0.119662,6.70059,5.4521e-14,-2.52439e-15,6.70059,12.037,174.825,275.076,1.02326,-9999,0.588825,1.72887,1707.99,0.00260994,-1.35081,-0.0140712,0,64.0162,-9.7147,21.9747,54.7201,83.4516,117.042,175.35,-0.423272,1.01914,-9.55296,1.04619,7.50865,1.02722,-1.23194,1.01487,0.167553,1.02722,0.0133215,1.04617,800000009,800010009,800000009,800000009,800000009,800000009,800010019,800010019,80000,80000,80,80,0,0,0,0,0,0,0,2.02467,1.06651,0.366548,0.0100276,4.01822,0.0426001,6.66785e-05,-0.00759689,-0.0285712,0.00388589,0.000308952,18.2116,244.36
A20151971600.slt,2015-07-16,16:30,197.687,1,36000,36000,-0.471822,1,11.0966,1,17.6962,2,-3.16822,1,0.394962,2,0.0165678,2,0.708416,1.37869,0.0271123,0.0307711,-0.00044978,-4.19652e-11,-1.10412e-12,-2.10747e-13,16.8364,390.75,394.809,4.4,0,442.972,10.2808,10.3876,17.2,0,0.0845515,1.96233,1.98271,4.75,0,280.584,278.95,99927.7,1.24316,1010.84,0.0232087,0.0255936,0.00798236,1027.61,919.657,0.00642105,100.0,0.0,280.527,0.699365,-6.41529,0.128637,6.45458,1.17717e-13,-2.49253e-15,6.45458,12.157,173.643,276.222,1.14195,-9999,0.616065,1.80774,-1836.8,-0.00242691,0.627064,0.0143336,0,64.7387,-9.82434,22.2227,55.3376,84.3934,118.363,177.329,-0.464166,1.01649,11.7019,1.04084,17.2285,1.02715,-3.11525,1.017,0.384524,1.02715,0.0158896,1.04268,800000009,800010009,800000009,800000009,800000009,800000009,800000019,800010019,80000,80000,80,80,0,0,0,0,0,0,0,2.23523,0.989072,0.391161,0.0101931,4.01662,0.0388283,7.10934e-05,0.00931209,-0.0723009,0.00892431,0.000368776,17.4124,352.011
A20151971630.slt,2015-07-16,17:00,197.708,1,36000,36000,-0.511241,1,1.91626,2,15.6202,1,-2.58849,1,0.348661,1,0.0163473,1,0.331303,-0.322772,-0.0102115,-0.00720464,-0.000456706,1.05077e-10,2.74872e-12,5.2676e-13,16.8301,390.663,394.697,4.6,0,440.263,10.2195,10.325,13.8,0,0.0843711,1.95844,1.97866,5.3,0,280.616,279.047,99947.0,1.24299,1010.81,0.0232122,0.0225932,0.00793355,1021.68,925.834,0.00638261,100.0,0.0,280.443,0.828653,-6.64989,0.144974,6.70289,4.0922e-14,6.24337e-15,6.70289,12.7453,172.695,277.103,1.23932,-9999,0.641325,1.90612,-12000.8,-0.000371455,0.122678,0.00237814,0,64.8399,-9.8397,22.2574,55.4241,84.5253,118.548,177.606,-0.502595,1.0172,2.72956,1.0424,15.1642,1.03007,-2.53895,1.01951,0.338481,1.03007,0.0156248,1.04624,800000009,800010009,800000009,800000009,800000009,800000009,800000019,800010019,80000,80000,80,80,0,0,0,0,0,0,0,2.33683,1.05344,0.42195,0.00773985,4.02339,0.0367152,6.67804e-05,0.00217247,-0.0589348,0.00785691,0.000362686,17.1572,390.433
A20151971700.slt,2015-07-16,17:30,197.729,1,36000,36000,-0.438708,1,-8.26539,1,8.89429,2,-1.66456,1,0.198539,2,0.0181988,1,0.137096,-0.337855,-0.0755701,-0.0075416,0.00060953,-4.93263e-11,-1.28436e-12,-2.48343e-13,16.8031,390.02,394.022,4.35,0,437.519,10.1553,10.2595,15.1,0,0.0845985,1.96363,1.98378,4.05,0,280.709,279.087,99966.0,1.24308,1010.78,0.0232112,0.0128653,0.0078841,1015.46,928.401,0.00634238,100.0,0.0,280.353,0.665982,-6.38217,0.111732,6.4178,-2.82871e-14,-2.93555e-15,6.4178,11.6116,173.917,275.957,0.997558,-9999,0.594071,1.74668,2211.75,0.00201549,-0.929292,-0.0110731,0,65.376,-9.92105,22.4415,55.8824,85.2242,119.528,179.075,-0.430842,1.01826,-7.43692,1.04412,8.64596,1.02872,-1.63682,1.01695,0.192995,1.02872,0.0173854,1.04679,800000009,800010009,800000009,800000009,800000009,800000009,800000019,800010019,80000,80000,80,80,0,0,0,0,0,0,0,2.24517,0.893853,0.354317,0.00925965,4.04082,0.0358284,7.60525e-05,-0.00591885,-0.0379924,0.00447964,0.000403535,17.6724,278.468
A20151971730.slt,2015-07-16,18:00,197.75,1,36000,36000,-0.347654,1,-10.801,1,6.64863,1,0.939493,1,0.148425,1,0.0111627,1,0.342663,0.122968,0.0057058,0.00274515,8.89815e-05,-2.84389e-11,-7.42103e-13,-1.43219e-13,16.8013,390.069,394.08,11.5,0,438.424,10.1787,10.2834,24.7,0,0.0846116,1.96439,1.98459,4.45,0,280.819,279.187,99978.7,1.24278,1010.8,0.0232165,0.00961792,0.0079004,1017.92,934.846,0.00635702,100.0,0.0,280.389,0.75748,-6.4052,0.107141,6.45073,4.18052e-14,-1.69266e-15,6.45073,11.713,173.345,276.744,0.951678,-9999,0.528904,1.50668,1194.52,0.00373182,-1.62454,-0.0162565,0,60.677,-9.20797,20.8284,51.8658,79.0986,110.937,166.204,-0.341324,1.01855,-9.99531,1.04472,6.45126,1.03059,0.92241,1.01852,0.144019,1.03059,0.0106401,1.04912,800000009,800010009,800000009,800000009,800000009,800000009,800010019,800010019,80000,80000,80,80,0,0,0,0,0,0,0,1.74082,0.934205,0.338321,0.00788475,3.965,0.0382406,6.89837e-05,-0.0079568,0.0214152,0.00334362,0.000247027,18.54,186.316
A20151971800.slt,2015-07-16,18:30,197.771,1,36000,36000,-0.384672,1,-9.75882,1,-7.80892,2,1.26679,1,-0.174335,2,0.0215399,1,0.171317,0.725972,0.000329049,0.0162074,-0.000424607,9.35743e-11,2.47486e-12,4.70371e-13,16.7996,390.072,394.138,10.05,0,444.318,10.3166,10.4242,5.75,0,0.0844467,1.96077,1.98121,4.4,0,280.852,279.237,99985.7,1.24258,1010.87,0.0232191,-0.0112969,0.00800661,1031.79,938.083,0.00644352,100.0,0.0,280.587,0.496269,-5.78085,0.126871,5.8035,2.46603e-14,5.57003e-15,5.8035,10.3768,174.869,274.907,1.25264,-9999,0.556393,1.41221,1539.24,0.00289607,1.2497,-0.0139635,0,63.8537,-9.69004,21.9189,54.5812,83.2397,116.745,174.905,-0.378382,1.01662,-9.85783,1.04019,-7.61653,1.02526,1.24868,1.0145,-0.17004,1.02526,0.0206764,1.04176,800000009,800010009,800000009,800000009,800000009,800000009,800010019,800010119,80000,80000,80,80,0,0,0,8,0,0,0,1.74359,0.750652,0.330185,0.00576506,3.92844,0.0421362,7.05131e-05,-0.00784804,0.0289932,-0.00394818,0.000480086,17.3139,369.644
A20151971830.slt,2015-07-16,19:00,197.792,1,36000,36000,-0.341869,1,-6.66073,1,8.86828,1,-1.81084,1,0.198004,1,0.0152362,1,0.331174,0.00461282,0.0201722,0.000102992,-0.000307098,1.06094e-10,2.80497e-12,5.32354e-13,16.8051,390.243,394.312,4.6,0,444.304,10.3175,10.4251,16.05,0,0.0843243,1.95816,1.97857,4.75,0,280.908,279.333,100009.0,1.24244,1010.87,0.0232218,0.0128307,0.00800636,1032.12,944.37,0.00644407,100.0,0.0,280.591,0.366942,-5.48048,0.159934,5.49508,2.60521e-14,6.31318e-15,5.49508,10.2907,176.14,273.83,1.66782,-9999,0.524557,1.19661,1890.11,0.00235846,-0.751073,-0.0101101,0,63.8332,-9.68693,21.9119,54.5636,83.213,116.707,174.849,-0.336598,1.01566,-5.93079,1.03794,8.68345,1.02129,-1.79074,1.01122,0.193877,1.02129,0.0146965,1.03672,800000009,800010009,800000009,800000009,800000009,800000009,800000019,800010019,80000,80000,80,80,0,0,0,3,0,0,0,1.37609,0.723122,0.293994,0.00530181,3.98022,0.0342002,6.78475e-05,-0.00472217,-0.0415841,0.00450217,0.000341278,17.8663,280.312
A20151971900.slt,2015-07-16,19:30,197.812,1,36000,36000,-0.349546,1,-11.3216,1,9.7987,2,-1.17885,1,0.218799,2,0.0135451,1,0.342503,0.158673,0.00274448,0.00354307,0.000104479,2.38134e-10,6.31398e-12,1.19538e-12,16.8015,390.267,394.347,4.25,1,445.481,10.3477,10.4559,7.8,0,0.0843394,1.95905,1.97953,4.15,0,281.006,279.433,100017.0,1.24208,1010.89,0.0232281,0.0141782,0.00802757,1035.22,950.912,0.00646299,100.0,0.0,280.635,0.804754,-5.68011,0.133847,5.73839,-1.03726e-13,1.41734e-14,5.73839,10.1987,171.852,278.064,1.33653,-9999,0.53049,1.35785,1150.22,0.00387557,-1.15542,-0.0169972,0,63.6408,-9.65774,21.8458,54.3992,82.9622,116.356,174.322,-0.343871,1.0165,-10.3686,1.03987,9.48792,1.03276,-1.15351,1.02196,0.211859,1.03276,0.0129086,1.04931,800000009,800010009,800000009,800000009,800000009,800000009,800010019,800010019,80000,80000,80,80,0,0,0,0,0,0,0,1.62616,0.786838,0.302708,0.00847641,4.00372,0.0348535,6.77876e-05,-0.00825778,-0.0267938,0.00492109,0.000299842,18.6459,175.8
A20151971930.slt,2015-07-16,20:00,197.833,1,36000,36000,-0.304618,1,-13.7157,1,10.7597,1,-1.11386,1,0.240281,1,0.0197069,1,0.353889,0.400098,0.00274566,0.00893481,0.00049107,1.40076e-10,3.74111e-12,7.04607e-13,16.8008,390.29,394.401,4.55,0,448.712,10.4238,10.5336,19.85,0,0.0845111,1.96323,1.98391,4.25,1,281.126,279.537,100044.0,1.24192,1010.93,0.0232305,0.0155702,0.00808579,1043.12,957.715,0.0065107,100.0,0.0,280.746,0.843013,-5.16123,0.123349,5.23108,3.42623e-14,8.33745e-15,5.23108,10.4161,170.427,279.277,1.35116,-9999,0.495258,1.17786,772.725,0.00576887,-1.27472,-0.0220582,0,65.623,-9.95855,22.5263,56.0936,85.5463,119.98,179.752,-0.30005,1.01523,-12.6653,1.03677,10.3899,1.03559,-1.08613,1.02553,0.232023,1.03559,0.01875,1.05103,800000009,800010009,800000009,800000009,800000009,800000009,800010019,800010019,80000,80000,80,80,0,0,0,3,0,0,0,1.47635,0.634712,0.244668,0.00651643,3.95036,0.0353557,7.81843e-05,-0.0100878,-0.0252314,0.00539001,0.000435571,17.9815,248.818
A20151972000.slt,2015-07-16,20:30,197.854,1,36000,36000,-0.284693,1,-15.4216,1,5.69837,1,0.893091,1,0.127252,1,0.0136012,1,-0.0342483,-0.365869,0.0105626,-0.00817034,0.000165721,2.58825e-10,6.86493e-12,1.30257e-12,16.8053,390.38,394.464,9.75,0,445.734,10.3542,10.4625,10.5,0,0.0845751,1.96464,1.9852,4.4,0,281.136,279.527,100044.0,1.242,1010.9,0.0232295,0.00824595,0.00803214,1036.16,957.055,0.00646707,100.0,0.0,280.648,1.09035,-5.54266,0.0949658,5.64968,3.70333e-14,1.54014e-14,5.64968,10.8469,168.844,281.129,0.963133,-9999,0.478771,1.18033,620.866,0.00717989,-2.70633,-0.025655,0,61.404,-9.31829,21.078,52.4872,80.0463,112.266,168.195,-0.28005,1.01658,-14.5584,1.03992,5.4744,1.04091,0.867225,1.02983,0.122251,1.04091,0.0128566,1.05792,800000009,800010009,800000009,800000009,800000009,800000009,800010019,800010019,80000,80000,80,80,0,0,0,0,0,0,0,1.37302,0.718029,0.269612,0.00762333,3.90458,0.0343131,7.22775e-05,-0.0115953,0.0201452,0.00283983,0.000298654,19.9708,65.8682
A20151972030.slt,2015-07-16,21:00,197.875,1,36000,36000,-0.284275,1,-18.3082,1,7.22028,1,-0.785748,1,0.161226,1,0.0129496,1,-0.2741,-0.108224,0.0146508,-0.00241661,0.000404296,6.85199e-11,1.8132e-12,3.4533e-13,16.8177,390.505,394.582,5.05,0,445.036,10.3336,10.4415,16.55,0,0.0847588,1.96808,1.98863,4.2,0,281.009,279.447,100058.0,1.24254,1010.88,0.0232198,0.0104475,0.00801954,1034.24,951.788,0.00645418,100.0,0.0,280.621,0.74192,-5.32028,0.107712,5.37284,-8.32029e-14,4.07427e-15,5.37284,9.65191,171.949,277.939,1.14872,-9999,0.478316,1.15628,521.537,0.00854734,-2.53566,-0.0304733,0,62.2206,-9.44222,21.3583,53.1852,81.1109,113.759,170.432,-0.279825,1.0159,-17.2829,1.03826,6.99158,1.03271,-0.768756,1.0221,0.15612,1.03271,0.0123449,1.04898,800000009,800010009,800000009,800000009,800000009,800000009,800000019,800010019,80000,80000,80,80,0,0,0,0,0,0,0,1.36778,0.68426,0.260532,0.00974489,3.98322,0.0344151,6.85842e-05,-0.0137597,-0.0178504,0.00362507,0.000286645,18.0634,236.934
A20151972100.slt,2015-07-16,21:30,197.896,1,36000,36000,-0.289112,1,-17.5121,1,8.58774,1,1.11122,1,0.19176,1,0.0209115,1,-0.0228428,0.37607,0.0410658,0.00839747,0.00064569,8.94594e-11,2.38155e-12,4.51717e-13,16.8334,390.854,394.964,10.45,0,448.131,10.4051,10.5145,28.6,0,0.0849987,1.97358,1.99433,4.7,0,281.154,279.44,100059.0,1.24255,1010.92,0.0232189,0.012426,0.00807531,1041.41,951.35,0.006499,100.0,0.0,280.722,0.28969,-4.81283,0.138306,4.82353,2.70643e-14,5.3144e-15,4.82353,8.93022,176.595,273.445,1.64308,-9999,0.482366,1.07717,559.223,0.00797132,-2.0392,-0.0289021,0,66.487,-10.0897,22.8228,56.8321,86.6726,121.56,182.118,-0.285049,1.01426,-16.4934,1.03438,8.42308,1.01955,1.10001,1.01019,0.188083,1.01955,0.0202258,1.0339,800000009,800010009,800000009,800000009,800000009,800000009,800010019,800010019,80000,80000,80,80,0,0,0,5,0,0,0,1.36691,0.562575,0.224844,0.00688892,4.03652,0.0353275,9.09767e-05,-0.0131305,0.025541,0.00436709,0.000469621,16.9052,402.296
A20151972130.slt,2015-07-16,22:00,197.917,1,36000,36000,-0.286784,1,-20.5684,1,9.42288,4,0.821106,1,0.210415,4,0.0218073,2,0.114217,-0.169041,0.0255335,-0.00377473,-0.000205342,2.1472e-11,5.69535e-13,1.08265e-13,16.8433,391.072,395.171,3.75,0,446.761,10.373,10.4817,17.8,0,0.084926,1.97183,1.9925,4.15,0,281.134,279.473,100074.0,1.2426,1010.9,0.0232182,0.0136349,0.00805062,1038.34,953.54,0.00647885,100.0,0.0,280.679,0.750456,-4.88078,0.140699,4.94014,2.36813e-15,1.27481e-15,4.94014,9.56052,171.273,278.741,1.63204,-9999,0.480409,1.22194,470.404,0.00947642,-2.18281,-0.0340837,0,65.6315,-9.95984,22.5292,56.1008,85.5573,119.995,179.775,-0.282624,1.01472,-19.397,1.03543,9.11651,1.03361,0.802059,1.02375,0.203574,1.03361,0.0207941,1.04873,800000009,800010009,800000009,800000009,800000009,800000009,800010019,800010019,80000,80000,80,80,0,0,0,0,0,0,0,1.64401,0.569608,0.230257,0.0114966,4.01453,0.0406906,0.000107763,-0.0154416,0.0186224,0.00472662,0.000482803,18.2653,234.28
A20151972200.slt,2015-07-16,22:30,197.937,1,36000,36000,-0.305799,1,-21.4018,1,9.05606,4,1.51466,1,0.202237,4,0.0187236,4,0.228409,-0.158737,0.0216322,-0.00354486,-0.000645302,-1.31971e-10,-3.48862e-12,-6.63244e-13,16.8495,391.256,395.345,3.7,0,445.414,10.3428,10.4509,22.45,0,0.0846805,1.96634,1.98689,4.25,1,281.184,279.54,100087.0,1.24248,1010.9,0.0232207,0.0131049,0.00802636,1035.46,957.935,0.00645993,100.0,0.0,280.638,0.930037,-5.037,0.0996272,5.12311,-1.18235e-13,-7.83231e-15,5.12311,10.6843,169.515,280.461,1.11428,-9999,0.496104,1.21828,497.906,0.00895299,-2.36325,-0.0343464,0,65.9911,-10.0144,22.6526,56.4082,86.0261,120.653,180.76,-0.301218,1.01521,-20.2039,1.0366,8.72113,1.0384,1.47313,1.02819,0.194757,1.0384,0.0177631,1.05408,800000009,800010009,800000009,800000009,800000009,800000009,800000019,800010019,80000,80000,80,80,0,0,0,0,0,0,0,1.56595,0.628529,0.242099,0.0103647,3.93669,0.0367961,8.30588e-05,-0.0160857,0.0342071,0.00452239,0.000412472,17.7308,295.655
A20151972230.slt,2015-07-16,23:00,197.958,1,36000,36000,-0.300506,1,-29.5267,1,-5.8636,1,1.73274,1,-0.130938,1,0.0144849,1,-0.159935,-0.64046,0.0270805,-0.0143019,-0.000155631,6.00264e-11,1.5672e-12,3.01295e-13,16.8648,391.486,395.529,4.6,0,440.315,10.2211,10.3267,26.8,0,0.0846508,1.96501,1.98531,4.3,0,281.132,279.493,100103.0,1.24294,1010.83,0.0232132,-0.00848478,0.00793448,1023.44,954.857,0.00638362,100.0,0.0,280.468,0.830901,-5.26856,0.0995839,5.33461,-3.02584e-15,3.55927e-15,5.33461,9.73609,170.907,278.962,1.06963,-9999,0.4917,1.18362,351.402,0.0126856,5.03559,-0.0477954,0,63.7623,-9.67618,21.8875,54.5031,83.1206,116.578,174.655,-0.295713,1.01621,-28.8476,1.0388,-5.65828,1.03629,1.69007,1.02525,-0.126353,1.03629,0.0137529,1.05322,800000009,800010009,800000009,800000009,800000009,800000009,800010019,800010019,80000,80000,80,80,0,0,0,0,0,0,0,1.46819,0.640136,0.258896,0.0182807,3.98086,0.0371564,7.84293e-05,-0.0229606,0.0392318,-0.00293305,0.000319249,17.1682,352.017
A20151972300.slt,2015-07-16,23:30,197.979,1,36000,36000,-0.261415,1,-29.1552,1,6.75609,2,1.85793,1,0.150862,2,0.0130933,1,-0.125696,-0.169859,0.0011918,-0.00379293,0.00034736,-1.86103e-10,-4.84338e-12,-9.35497e-13,16.8698,391.496,395.526,4.15,0,439.042,10.1888,10.2937,45.95,0,0.0848008,1.96797,1.98823,4.0,0,281.08,279.457,100117.0,1.24329,1010.8,0.023207,0.00977589,0.00791154,1020.35,952.445,0.00636339,100.0,0.0,280.423,0.956418,-5.03348,0.137291,5.12538,-1.06197e-15,-1.10317e-14,5.12538,9.02438,169.125,280.759,1.53494,-9999,0.458542,1.05544,288.653,0.0154433,-4.31539,-0.0505939,0,61.7767,-9.37486,21.206,52.8058,80.5322,112.948,169.216,-0.257349,1.0158,-27.8064,1.03775,6.49016,1.04097,1.80369,1.03007,0.144924,1.04097,0.012379,1.0577,800000009,800010009,800000009,800000009,800000009,800000009,800000019,800010019,80000,80000,80,80,0,0,1,0,0,0,0,1.17412,0.692976,0.243784,0.0157912,4.04541,0.0332811,7.2816e-05,-0.022126,0.0418582,0.00336325,0.00028728,17.7139,300.243
A20151972330.slt,2015-07-17,00:00,198.0,0,36000,36000,-0.296094,1,-33.6748,1,6.22458,2,1.65847,1,0.138983,2,0.0154684,1,-0.297198,-0.0775458,0.0213009,-0.00173144,-9.2921e-05,1.25984e-10,3.27253e-12,6.32748e-13,16.8833,391.678,395.703,4.6,0,438.556,10.1741,10.2787,19.2,0,0.0847953,1.96718,1.9874,4.45,0,281.042,279.37,100119.0,1.24372,1010.79,0.0231991,0.00900608,0.00790277,1018.9,946.764,0.00635415,100.0,0.0,280.403,0.88634,-5.02134,0.13081,5.10065,1.92811e-13,7.46206e-15,5.10065,9.8232,170.082,280.01,1.46956,-9999,0.487927,1.17771,301.107,0.0148045,-5.40998,-0.0548993,0,64.9276,-9.85302,22.2876,55.4992,84.6397,118.708,177.847,-0.291526,1.01567,-32.2134,1.03747,5.99514,1.03827,1.61408,1.0275,0.133859,1.03827,0.014665,1.05479,800000009,800010009,800000009,800000009,800000009,800000009,800000019,800010019,80000,80000,80,80,0,0,0,0,0,0,0,1.3711,0.740524,0.243781,0.0192921,4.01081,0.0357255,8.26012e-05,-0.0256243,0.0374452,0.00310542,0.000340215,19.1927,155.348
A20151980000.slt,2015-07-17,00:30,198.021,0,36000,36000,-0.314755,1,-26.2184,1,4.75922,1,1.6324,2,0.106253,1,0.0254477,2,-0.354494,-0.0191405,0.057826,-0.000427327,-0.000281112,-2.81035e-11,-7.28836e-13,-1.40801e-13,16.9113,392.169,396.199,6.0,0,438.577,10.1705,10.275,28.9,0,0.0847268,1.96479,1.98498,4.0,0,280.891,279.267,100123.0,1.24422,1010.79,0.0231897,0.00688523,0.00790316,1018.57,940.03,0.00635188,100.0,0.0,280.398,1.11963,-5.23624,0.121148,5.35598,-1.42328e-13,-1.66182e-15,5.35598,10.0457,167.732,282.069,1.29609,-9999,0.502964,1.25412,423.621,0.010523,-5.50897,-0.0414486,0,66.0137,-10.0178,22.6604,56.4276,86.0556,120.694,180.822,-0.309784,1.01605,-25.0617,1.03851,4.55895,1.04393,1.58022,1.03302,0.101782,1.04393,0.0239922,1.06067,800000009,800010009,800000009,800000009,800000009,800000009,800010019,800010019,80000,80000,80,80,0,0,0,0,0,0,0,1.57505,0.684771,0.248423,0.0204627,4.11226,0.0333143,9.96238e-05,-0.0199274,0.0366449,0.0023603,0.000556372,19.0047,175.103
A20151980030.slt,2015-07-17,01:00,198.042,0,36000,36000,-0.268254,1,-21.9907,1,7.62723,2,2.57594,1,0.170253,2,0.0165055,1,-0.652234,-0.00222117,0.0872763,-4.95804e-05,-0.000703437,7.22819e-11,1.87094e-12,3.60355e-13,16.9543,392.911,396.948,4.45,0,438.844,10.1701,10.2745,5.15,0,0.084524,1.95881,1.97894,4.45,0,280.701,279.077,100120.0,1.24503,1010.79,0.0231746,0.0110324,0.00790798,1018.5,927.759,0.00635161,100.0,0.0,280.397,1.78852,-4.82205,0.122337,5.14451,-3.07524e-14,4.26334e-15,5.14451,9.31792,159.853,290.35,1.36263,-9999,0.464177,1.18437,396.983,0.0112291,-2.88318,-0.0376458,0,63.5888,-9.64985,21.828,54.3548,82.8945,116.261,174.18,-0.264166,1.01548,-20.8532,1.03715,7.17105,1.06361,2.44659,1.05287,0.160071,1.06361,0.0152815,1.0801,800000009,800010009,800000009,800000009,800000009,800000009,800000019,800010019,80000,80000,80,80,0,0,0,0,0,0,0,1.50511,0.631156,0.232468,0.0124651,4.04662,0.0343924,7.58307e-05,-0.0165703,0.0566989,0.00370958,0.000354144,19.5522,93.0081
A20151980100.slt,2015-07-17,01:30,198.062,1,36000,36000,-0.205561,1,-19.5507,1,-4.69167,1,1.85399,1,-0.10472,1,0.0105264,2,-0.240374,-0.184728,0.0342185,-0.00412317,0.000653585,-1.68482e-10,-4.34274e-12,-8.41706e-13,16.9725,393.201,397.227,4.1,0,437.478,10.135,10.2388,18.1,0,0.0847916,1.96436,1.98448,4.8,0,280.552,279.007,100128.0,1.24546,1010.77,0.023167,-0.00678583,0.00788336,1015.07,923.273,0.00632966,100.0,0.0,280.348,1.68055,-4.40878,0.141411,4.72034,3.12163e-14,-9.92676e-15,4.72034,9.27801,159.264,290.866,1.71672,-9999,0.406261,0.990555,299.389,0.0148895,4.1671,-0.0382275,0,60.0717,-9.11612,20.6207,51.3484,78.3096,109.83,164.546,-0.202609,1.01457,-19.2101,1.03487,-4.40343,1.06546,1.75704,1.05518,-0.0982857,1.06546,0.00973566,1.08122,800000009,800010009,800000009,800000009,800000009,800000009,800010019,800010019,80000,80000,80,80,0,0,1,0,0,0,0,1.21132,0.564303,0.20548,0.00976464,3.98821,0.0346407,8.47462e-05,-0.0152598,0.0407052,-0.00227698,0.000225546,19.0302,141.211
A20151980130.slt,2015-07-17,02:00,198.083,1,36000,36000,-0.25633,1,-23.8901,1,9.09368,2,2.36182,1,0.202963,2,0.0236726,1,-0.183182,-0.613578,0.0219353,-0.0136945,-0.000164262,-2.52378e-12,-6.42754e-14,-1.25934e-14,16.9845,393.387,397.369,4.25,1,432.56,10.0188,10.1201,17.15,0,0.0847513,1.96297,1.98283,4.4,0,280.491,278.953,100132.0,1.24581,1010.7,0.0231615,0.013152,0.00779474,1003.47,919.869,0.00625676,100.0,0.0,280.18,1.6092,-4.34506,0.153943,4.63603,8.15357e-14,-1.48593e-16,4.63603,9.56093,159.16,290.322,1.9029,-9999,0.4536,1.1527,341.028,0.0130715,-2.62711,-0.0418284,0,64.5957,-9.80265,22.1736,55.2154,84.207,118.102,176.938,-0.252758,1.01413,-22.6823,1.03391,8.54096,1.06471,2.23903,1.05484,0.190627,1.06471,0.0219219,1.07986,800000009,800010009,800000009,800000009,800000009,800000009,800010019,800010019,80000,80000,80,80,0,0,2,0,0,0,0,1.32867,0.763009,0.213728,0.0134792,3.98825,0.039221,9.7427e-05,-0.0180141,0.0518593,0.00441521,0.000507745,18.3269,212.062
A20151980200.slt,2015-07-17,02:30,198.104,1,36000,36000,-0.186799,1,-14.7703,1,3.84033,1,1.4594,1,0.0856975,1,0.0103457,1,-0.653119,-0.163572,0.0059989,-0.00365012,7.44751e-05,-2.03335e-10,-5.16183e-12,-1.01482e-12,17.0008,393.438,397.408,3.95,0,431.58,9.98779,10.0886,36.25,0,0.0848488,1.9636,1.98341,4.65,0,280.299,278.763,100147.0,1.24686,1010.67,0.0231424,0.0055532,0.00777708,1000.52,907.83,0.00623735,100.0,0.0,280.137,0.933556,-4.2657,0.128577,4.36855,1.10197e-13,-1.19603e-14,4.36855,8.03758,167.461,282.345,1.6866,-9999,0.387061,0.890988,342.75,0.0130058,-3.84611,-0.0302818,0,60.3912,-9.16459,20.7303,51.6215,78.726,110.414,165.421,-0.184338,1.01335,-14.1425,1.03206,3.6826,1.04283,1.41181,1.03371,0.0821775,1.04283,0.00978948,1.05682,800000009,800010009,800000009,800000009,800000009,800000009,800000019,800010019,80000,80000,80,80,0,0,0,0,0,0,0,1.03118,0.566509,0.184282,0.00897055,4.02773,0.033391,8.44737e-05,-0.0112227,0.0326725,0.00190178,0.000226552,18.1318,237.82
A20151980230.slt,2015-07-17,03:00,198.125,1,36000,36000,-0.214706,1,-20.3591,1,-3.59012,2,2.07809,1,-0.0801101,2,0.0203869,1,-0.171906,-0.233902,0.0389768,-0.00521931,0.000118016,5.43797e-11,1.3732e-12,2.71312e-13,17.0185,393.769,397.724,4.25,1,429.753,9.94352,10.0434,29.1,0,0.0849089,1.9646,1.98433,4.6,0,280.334,278.713,100149.0,1.24713,1010.65,0.0231378,-0.00519113,0.00774415,996.101,904.686,0.0062096,100.0,0.0,280.073,1.46635,-3.95515,0.156649,4.22112,1.16322e-13,3.19533e-15,4.22112,8.78374,159.657,290.342,2.12678,-9999,0.414923,0.898006,306.319,0.0145526,5.67087,-0.0389296,0,64.5698,-9.79872,22.1647,55.1933,84.1733,118.054,176.867,-0.211938,1.01306,-20.0003,1.03132,-3.3772,1.06305,1.97181,1.0539,-0.0753589,1.06305,0.0189279,1.07708,800000009,800010009,800000009,800000009,800000009,800000009,800010019,800010019,80000,80000,80,80,0,0,0,0,0,0,0,1.07236,0.544457,0.179202,0.0109569,4.03709,0.0360692,9.17747e-05,-0.015868,0.0456231,-0.00174364,0.000437949,19.8332,138.591
A20151980300.slt,2015-07-17,03:30,198.146,1,36000,36000,-0.200945,1,-24.2488,1,5.2234,2,1.2799,1,0.116551,2,0.0117435,1,-0.114633,-1.24727,0.00758827,-0.0278307,-0.000133265,-1.11039e-10,-2.73699e-12,-5.53591e-13,17.0261,393.833,397.694,4.6,0,419.673,9.70752,9.80268,29.1,0,0.0848844,1.96347,1.98272,4.6,0,280.378,278.68,100166.0,1.24759,1010.52,0.0231311,0.00755253,0.00756251,972.621,902.594,0.00606167,100.0,0.0,279.725,1.72334,-4.15586,0.144155,4.50132,4.83178e-14,-6.52171e-15,4.50132,7.8445,157.352,292.523,1.83522,-9999,0.40133,0.808216,232.745,0.0191529,-4.64235,-0.0479259,0,60.8186,-9.22945,20.877,51.9868,79.2832,111.196,166.592,-0.198128,1.01422,-23.2418,1.03392,4.87651,1.07114,1.2064,1.06093,0.108811,1.07114,0.0108056,1.0868,800000009,800010009,800000009,800000009,800000009,800000009,800000019,800010019,80000,80000,80,80,0,0,0,0,0,0,0,0.92803,0.493911,0.194491,0.0121022,4.00116,0.0370847,7.23927e-05,-0.0184353,0.0279054,0.00251693,0.000249945,19.6535,81.1687
A20151980330.slt,2015-07-17,04:00,198.167,1,36000,36000,-0.181884,1,-22.0624,1,6.01817,1,1.33919,1,0.134273,1,0.0113119,1,-0.321114,-0.702147,-0.0190636,-0.0156658,-7.97678e-05,1.12392e-10,2.73355e-12,5.60371e-13,17.0271,393.672,397.477,4.5,0,414.127,9.57474,9.6673,3.9,0,0.0848949,1.9628,1.98177,4.15,0,280.316,278.587,100179.0,1.24824,1010.45,0.0231203,0.00870092,0.00746256,959.445,896.762,0.00597846,100.0,0.0,279.527,1.70708,-4.12386,0.123842,4.46494,-6.45768e-15,6.60076e-15,4.46494,8.33852,157.377,292.487,1.5894,-9999,0.381723,0.77672,220.136,0.02025,-3.66596,-0.0458236,0,61.6562,-9.35656,21.1646,52.7028,80.3751,112.727,168.886,-0.179339,1.01419,-21.0787,1.03382,5.61742,1.07134,1.26206,1.06112,0.125332,1.07134,0.0104063,1.08702,800000009,800010009,800000009,800000009,800000009,800000009,800000019,800010019,80000,80000,80,80,1,0,0,0,0,0,0,0.913557,0.469842,0.170041,0.0128158,4.15797,0.0324904,7.7422e-05,-0.0167121,0.0291793,0.00289772,0.000240596,18.7456,169.689
A20151980400.slt,2015-07-17,04:30,198.187,1,36000,36000,-0.183445,1,-21.7157,1,9.60206,4,1.47652,1,0.214232,4,0.0241397,2,-0.045876,0.145393,0.00177135,0.00324388,0.00016911,-8.24232e-11,-2.01035e-12,-4.11236e-13,17.0286,393.687,397.504,4.25,1,415.337,9.60223,9.69533,23.6,0,0.0849612,1.96423,1.98327,4.15,0,280.266,278.573,100179.0,1.24829,1010.47,0.0231191,0.0138822,0.00748437,962.203,895.931,0.00599569,100.0,0.0,279.569,1.62582,-3.76291,0.124363,4.101,-9.99143e-15,-4.84028e-15,4.101,7.23869,156.472,293.367,1.73777,-9999,0.38335,0.766844,226.525,0.0196788,-2.26157,-0.0449096,0,66.0933,-10.0299,22.6877,56.4956,86.1593,120.84,181.04,-0.181085,1.01303,-20.6032,1.03113,8.95363,1.07242,1.38892,1.06307,0.199765,1.07242,0.0222126,1.08676,800000009,800010009,800000009,800000009,800000009,800000009,800010019,800010019,80000,80000,80,80,0,0,0,0,0,0,0,1.00699,0.382386,0.144308,0.0112125,3.96153,0.0368794,0.000107709,-0.0163342,0.0321107,0.00461839,0.000513536,17.0976,354.983
A20151980430.slt,2015-07-17,05:00,198.208,1,36000,36000,-0.166721,1,-16.0669,1,8.80391,2,1.12177,1,0.196419,2,0.0219037,2,-0.114705,0.0571307,-0.0229923,0.00127461,8.13768e-05,-6.41748e-11,-1.5678e-12,-3.2046e-13,17.0223,393.492,397.311,4.3,0,415.857,9.61303,9.70634,13.1,0,0.0850018,1.96492,1.98399,4.2,0,280.215,278.54,100180.0,1.24845,1010.47,0.0231162,0.0127279,0.00749374,963.292,893.858,0.00600246,100.0,0.0,279.585,1.71959,-3.7052,0.130155,4.08686,-4.36848e-14,-3.77004e-15,4.08686,8.02222,155.117,294.896,1.82502,-9999,0.365435,0.703362,265.217,0.0168079,-1.82498,-0.0348521,0,65.1585,-9.88806,22.3668,55.6965,84.9407,119.131,178.479,-0.164616,1.01278,-15.1604,1.03062,8.19162,1.07475,1.05266,1.06565,0.182758,1.07475,0.0201192,1.08869,800000009,800010009,800000009,800000009,800000009,800000009,800010019,800010019,80000,80000,80,80,0,0,0,0,0,0,0,0.900001,0.370801,0.135923,0.00737556,3.99172,0.0358515,9.82368e-05,-0.0120176,0.0243334,0.00422467,0.00046508,16.5044,422.268
A20151980500.slt,2015-07-17,05:30,198.229,1,36000,36000,-0.117979,1,-10.3519,1,6.24339,1,0.765111,1,0.139293,1,0.0139902,1,0.0344105,0.340505,-0.0333671,0.00759686,0.00013526,5.59153e-11,1.37615e-12,2.79579e-13,17.0095,393.209,397.052,4.7,0,418.627,9.67741,9.77198,22.85,0,0.0850483,1.96606,1.98528,4.55,0,280.21,278.55,100180.0,1.24837,1010.5,0.023117,0.00902621,0.00754366,969.743,894.48,0.00604281,100.0,0.0,279.682,1.59776,-3.25744,0.139126,3.63085,-8.41781e-14,3.2873e-15,3.63085,6.62277,153.89,296.128,2.19599,-9999,0.307418,0.527678,245.063,0.0181902,-1.65806,-0.0266937,0,60.6879,-9.20962,20.8322,51.8751,79.1128,110.957,166.233,-0.116633,1.01154,-9.767,1.02764,5.79645,1.07711,0.715791,1.0689,0.129322,1.07711,0.0128387,1.08969,800000009,800010009,800000009,800000009,800000009,800000009,800010019,800010019,80000,80000,80,80,0,0,0,0,0,0,0,0.573406,0.366914,0.115038,0.00422778,4.06317,0.0332125,8.44353e-05,-0.00774247,0.016547,0.00298954,0.000296793,16.6099,407.386
A20151980530.slt,2015-07-17,06:00,198.25,1,36000,36000,-0.114512,1,-5.79025,1,6.63577,1,-0.639845,1,0.14805,1,0.0189535,1,0.0573481,0.402492,-0.0589523,0.00897996,0.000665876,1.46974e-11,3.65032e-13,7.37924e-14,16.9869,392.709,396.578,11.9,0,421.894,9.75352,9.84959,24.0,0,0.0852873,1.97171,1.99113,4.1,0,280.236,278.567,100180.0,1.24826,1010.54,0.0231184,0.00959364,0.00760253,977.37,895.516,0.0060905,100.0,0.0,279.796,1.59786,-2.96039,0.13749,3.36689,-9.64131e-15,8.65222e-16,3.36689,6.2793,151.656,298.358,2.34037,-9999,0.302882,0.474212,419.021,0.0106385,-0.872582,-0.0151553,0,62.3164,-9.45675,21.3912,53.2671,81.2357,113.934,170.694,-0.113343,1.01031,-5.30876,1.02493,6.15043,1.07891,-0.596971,1.07182,0.137222,1.07891,0.0173919,1.08979,800000009,800010009,800000009,800000009,800000009,800000009,800010019,800010019,80000,80000,80,80,0,0,0,0,0,0,0,0.579098,0.264683,0.104641,0.00223896,3.95397,0.0333486,9.74884e-05,-0.00420854,-0.013801,0.00317235,0.000402073,17.7133,267.022
A20151980600.slt,2015-07-17,06:30,198.271,1,36000,36000,-0.115989,1,-6.14389,1,9.63464,1,-0.868343,1,0.214956,1,0.0202631,1,-0.0344094,-0.672926,-0.0676276,-0.0150134,-0.000884427,-2.64393e-11,-6.49038e-13,-1.32434e-13,16.9627,392.136,395.948,7.45,0,416.405,9.62628,9.71985,7.9,0,0.0849662,1.96421,1.9833,4.4,0,280.259,278.557,100180.0,1.24836,1010.48,0.0231176,0.0139291,0.00750362,964.62,894.894,0.00601076,100.0,0.0,279.605,1.38157,-3.08994,0.133496,3.38737,-6.06487e-14,-1.55867e-15,3.38737,6.42114,155.602,294.09,2.2586,-9999,0.304816,0.479759,402.506,0.011075,-0.637688,-0.0159786,0,62.1023,-9.42426,21.3177,53.0841,80.9566,113.543,170.108,-0.114797,1.01038,-5.48728,1.02508,9.00854,1.0695,-0.817327,1.06242,0.200987,1.0695,0.0187558,1.08037,800000009,800010009,800000009,800000009,800000009,800000009,800010019,800010019,80000,80000,80,80,0,0,0,0,0,0,0,0.575469,0.277159,0.10689,0.00334046,4.01662,0.0383376,9.5992e-05,-0.00435,-0.0188946,0.00464633,0.000433589,17.0514,350.725
A20151980630.slt,2015-07-17,07:00,198.292,1,36000,36000,-0.10242,5,0.507811,5,17.3167,5,-2.14738,5,0.386407,5,0.0312506,5,0.55025,0.817654,-0.0634961,0.0182452,0.000683016,1.9017e-11,4.74989e-13,9.56681e-14,16.9297,391.598,395.466,4.75,0,422.855,9.781,9.87761,11.8,0,0.0851678,1.97,1.98946,4.45,0,280.391,278.717,100180.0,1.24757,1010.57,0.0231309,0.0250392,0.00761984,980.123,904.895,0.00610773,100.0,0.0,279.837,1.26917,-2.59871,0.140105,2.89547,-4.32669e-14,1.12329e-15,2.89547,5.25855,153.742,296.03,2.7735,-9999,0.286524,0.372055,-4044.82,-0.00110209,0.0293249,0.00140575,0,66.4882,-10.0898,22.8233,56.8331,86.6741,121.562,182.122,-0.101713,1.00695,1.44576,1.01863,16.2238,1.06736,-2.02087,1.0626,0.362019,1.06736,0.0290794,1.07466,800000009,800010009,800000009,800000009,800000009,800000009,800010019,800010019,80000,80000,80,80,0,0,0,0,0,0,0,0.460134,0.204073,0.079904,0.00370124,4.23565,0.0425193,0.000123941,0.00114674,-0.0467445,0.00837382,0.000672632,16.5834,401.579
A20151980700.slt,2015-07-17,07:30,198.312,1,36000,36000,-0.122112,5,6.70824,5,18.5707,5,-3.25863,5,0.414445,5,0.0201747,5,0.481223,-0.362921,-0.0693358,-0.00809934,-0.000856526,-7.94881e-11,-1.9744e-12,-3.99003e-13,16.8958,391.01,394.845,4.7,0,419.673,9.71228,9.80754,12.2,0,0.084811,1.96274,1.98199,4.2,0,280.48,278.857,100180.0,1.24698,1010.53,0.0231425,0.026856,0.00756251,973.237,913.727,0.00606466,100.0,0.0,279.735,1.34779,-2.74453,0.139688,3.0608,-3.42883e-14,-4.70461e-15,3.0608,5.8231,153.672,296.155,2.61576,-9999,0.312932,0.45632,-398.892,-0.0111753,0.361227,0.0170118,0,67.0487,-10.1749,23.0157,57.3122,87.4048,122.586,183.657,-0.121221,1.00735,7.61639,1.01962,17.4376,1.06498,-3.07429,1.05996,0.389156,1.06498,0.0188078,1.07268,800000009,800010009,800000009,800000009,800000009,800000009,800010019,800010019,80000,80000,80,80,0,0,0,0,0,0,0,0.551539,0.267806,0.0932954,0.00588386,4.53767,0.0444274,0.000119146,0.00604421,-0.0711468,0.00900603,0.000435258,16.5429,403.558
A20151980730.slt,2015-07-17,08:00,198.333,1,36000,36000,-0.0850276,1,9.62774,1,19.7644,2,-2.92998,1,0.441188,2,0.0145014,2,0.835844,-0.149871,-0.0779352,-0.00334547,-0.000246997,-8.59476e-11,-2.13222e-12,-4.31698e-13,16.8557,390.348,394.165,4.3,0,418.162,9.68388,9.77857,7.2,0,0.0846629,1.96064,1.97981,4.7,0,280.641,279.1,100199.0,1.24615,1010.52,0.0231582,0.028589,0.00753528,970.579,929.258,0.00604686,100.0,0.0,279.695,1.23013,-2.73132,0.133032,2.9985,5.86837e-14,-5.09902e-15,2.9985,5.17419,155.866,294.246,2.54284,-9999,0.261213,0.35567,-161.673,-0.0275726,0.487125,0.0292694,0,61.9152,-9.39587,21.2535,52.9242,80.7127,113.201,169.595,-0.0844197,1.0072,10.5682,1.01925,18.7297,1.05525,-2.78947,1.05037,0.41809,1.05525,0.0136456,1.06272,800000009,800010009,800000009,800000009,800000009,800000009,800010019,800010019,80000,80000,80,80,0,0,0,0,0,0,0,0.378867,0.253131,0.0793414,0.00943338,4.36484,0.0437291,8.88959e-05,0.00839238,-0.0645992,0.00968222,0.000316008,16.5298,396.654
A20151980800.slt,2015-07-17,08:30,198.354,1,36000,36000,-0.100859,1,22.3433,1,33.235,2,-4.11635,1,0.742123,2,0.0135451,1,1.1781,0.0361098,-0.00469608,0.000806317,0.000102966,-9.67183e-11,-2.40137e-12,-4.86065e-13,16.8361,390.308,394.128,4.55,0,418.015,9.69073,9.78556,6.9,0,0.084611,1.96152,1.98071,4.2,0,280.897,279.443,100216.0,1.24482,1010.53,0.0231828,0.0480896,0.00753262,971.43,951.569,0.00605115,100.0,0.0,279.708,1.4621,-2.57149,0.137943,2.96131,-5.42038e-14,-5.7447e-15,2.96131,5.16672,150.629,299.622,2.6699,-9999,0.284645,0.432804,-90.1552,-0.0494453,0.672283,0.0624006,0,61.3011,-9.30268,21.0427,52.3992,79.9122,112.078,167.913,-0.100147,1.00711,23.828,1.01902,31.3854,1.05893,-3.90508,1.0541,0.700823,1.05893,0.0127025,1.06634,800000009,800010009,800000009,800000009,800000009,800000009,800010019,800010019,80000,80000,80,80,0,0,0,0,0,0,0,0.464189,0.30482,0.0965997,0.0290668,4.54397,0.0597891,9.2854e-05,0.0189422,-0.0905305,0.016247,0.000294478,16.4581,401.084
A20151980830.slt,2015-07-17,09:00,198.375,1,36000,36000,-0.111666,1,26.9512,1,30.9383,1,-4.43525,1,0.690986,1,0.0206366,1,0.765782,0.130727,0.0664191,0.00291971,5.80612e-05,2.7273e-10,6.77899e-12,1.36899e-12,16.8481,390.873,394.708,4.7,0,418.777,9.71557,9.81088,6.25,0,0.08457,1.96201,1.98126,4.2,0,280.993,279.667,100223.0,1.2439,1010.55,0.0231998,0.0447759,0.00754637,973.981,966.334,0.00606672,100.0,0.0,279.746,2.13196,-2.25667,0.125659,3.10703,3.10294e-14,1.61876e-14,3.10703,5.19181,136.522,313.372,2.31787,-9999,0.299617,0.486446,-87.1717,-0.0511376,0.871129,0.0715599,0,63.9798,-9.70918,21.9622,54.689,83.4041,116.975,175.251,-0.110838,1.00747,28.1798,1.0199,28.6049,1.08157,-4.12046,1.0764,0.638871,1.08157,0.0189412,1.08951,800000009,800010009,800000009,800000009,800000009,800000009,800010019,800010019,80000,80000,80,80,0,0,0,0,0,0,0,0.455925,0.420826,0.0961422,0.028182,4.64088,0.0655457,9.64424e-05,0.0224179,-0.095594,0.0148217,0.000439434,16.3761,414.342
A20151980900.slt,2015-07-17,09:30,198.396,1,36000,36000,-0.127005,5,34.7699,5,40.4988,5,-5.13994,5,0.904386,5,0.023944,5,-0.503094,0.70855,0.0264846,0.0158228,3.07999e-05,2.24418e-10,5.65211e-12,1.12598e-12,16.864,391.098,394.989,4.4,0,424.731,9.85009,9.94808,6.0,0,0.0846122,1.96227,1.98179,4.25,1,280.846,279.52,100207.0,1.24429,1010.62,0.0231914,0.0586042,0.00765365,987.309,956.615,0.00615103,100.0,0.0,279.943,1.87047,-2.11747,0.117639,2.82776,2.34529e-14,1.33075e-14,2.82776,5.34723,137.121,311.456,2.38427,-9999,0.319485,0.775631,-81.9143,-0.0544197,0.858541,0.0865455,0,70.1824,-10.6504,24.0913,59.9909,91.4898,128.316,192.24,-0.126149,1.00679,36.4458,1.01823,37.4936,1.08015,-4.77936,1.07544,0.837277,1.08015,0.0220202,1.08737,800000009,800010009,800000009,800000009,800000009,800000009,800000019,800010019,80000,80000,80,81,0,0,0,0,0,0,0,0.617567,0.846897,0.086798,0.0395891,4.48118,0.062836,9.51278e-05,0.0289827,-0.11084,0.0194176,0.000510679,16.326,428.985
A20151980930.slt,2015-07-17,10:00,198.417,1,36000,36000,-0.126546,5,29.4779,5,36.9173,5,-4.82949,5,0.824392,5,0.0268077,5,-0.0800418,1.68754,-0.0552718,0.0376839,-3.06921e-05,-2.38972e-10,-6.22192e-12,-1.20028e-12,16.8437,390.628,394.642,4.35,0,438.546,10.1705,10.275,8.65,0,0.0846009,1.96201,1.98217,4.25,1,280.862,279.497,100198.0,1.24414,1010.79,0.0231914,0.0534206,0.0079026,1019.34,955.076,0.00635187,100.0,0.0,280.409,1.39036,-2.42599,0.154156,2.80041,-1.90733e-15,-1.41876e-14,2.80041,5.55463,149.063,299.817,3.15561,-9999,0.318926,0.599649,-96.1133,-0.0463802,0.798483,0.0734978,0,69.2978,-10.5162,23.7877,59.2348,90.3367,126.699,189.818,-0.125701,1.00672,31.0818,1.01806,34.7791,1.06148,-4.56949,1.0569,0.776643,1.06148,0.025089,1.0685,800000009,800010009,800000009,800000009,800000009,800000009,800000019,800010019,80000,80000,80,81,0,0,0,0,0,0,0,0.639439,0.470573,0.0892868,0.0578792,4.54184,0.0690533,0.000103094,0.0247158,-0.105973,0.0180114,0.000581848,16.926,359.148
A20151981000.slt,2015-07-17,10:30,198.437,1,36000,36000,-0.0832029,5,27.9871,5,29.0903,5,-4.54791,5,0.649706,5,0.00913364,5,0.548534,0.362183,-0.0742544,0.00808904,-0.000108156,1.83817e-10,4.82608e-12,9.24321e-13,16.8063,389.997,394.031,4.35,0,441.246,10.2393,10.3452,9.5,0,0.0845101,1.96109,1.98138,4.35,0,281.102,279.657,100195.0,1.24335,1010.83,0.0232054,0.042101,0.00795125,1026.2,965.669,0.00639502,100.0,0.0,280.507,0.683083,-2.10196,0.158608,2.21585,8.5449e-14,1.09374e-14,2.21585,4.96707,164.099,288.003,4.10467,-9999,0.258686,0.592202,-54.021,-0.0825188,0.962079,0.0860821,0,65.2222,-9.89772,22.3887,55.7509,85.0237,119.247,178.654,-0.0827578,1.00538,29.3194,1.01468,28.1455,1.03357,-4.4153,1.03003,0.628604,1.03357,0.00879093,1.03898,800000009,800010009,800000009,800000009,800000009,800000009,800000019,800010019,80000,80000,80,81,0,0,0,0,0,0,0,0.452967,0.662992,0.0684455,0.0758193,4.66862,0.0669862,8.3987e-05,0.0233282,-0.102459,0.014587,0.000203997,17.8764,268.548
A20151981030.slt,2015-07-17,11:00,198.458,1,36000,36000,-0.0736163,5,26.9928,5,35.8001,5,-4.71511,5,0.799791,5,0.0128456,5,1.01606,-0.620955,-0.0138724,-0.0138724,-0.000322084,3.31075e-10,8.59463e-12,1.66298e-12,16.7846,389.878,393.865,4.45,0,435.725,10.1212,10.2246,5.95,0,0.0843086,1.95835,1.97837,4.05,0,281.296,279.953,100202.0,1.24218,1010.78,0.0232283,0.0518265,0.00785176,1014.44,985.583,0.00632096,100.0,0.0,280.339,0.623977,-2.17509,0.141328,2.26723,-5.46099e-14,1.97249e-14,2.26723,4.22334,164.011,286.007,3.57386,-9999,0.243442,0.304021,-46.6832,-0.0954893,0.753985,0.0883103,0,64.6271,-9.80741,22.1844,55.2423,84.2479,118.159,177.024,-0.0732142,1.00549,28.7087,1.01497,34.6288,1.03383,-4.57685,1.03021,0.773622,1.03383,0.012359,1.03937,800000009,800010009,800000009,800000009,800000009,800000009,800010019,800010019,80000,80000,80,80,0,0,0,0,0,0,0,0.259979,0.286047,0.0620144,0.0419078,4.6653,0.0575976,8.07971e-05,0.0228651,-0.106313,0.0179699,0.000287078,17.2825,308.585
A20151981100.slt,2015-07-17,11:30,198.479,1,36000,36000,-0.10783,5,11.5571,5,34.8357,5,-3.97415,5,0.778327,5,0.00786445,6,0.376626,0.603119,-0.0547067,0.0134754,0.000602975,5.06262e-10,1.33074e-11,2.55266e-12,16.7591,389.412,393.44,4.5,0,440.523,10.2359,10.3418,6.05,0,0.0845022,1.96348,1.98379,4.35,0,281.488,280.063,100209.0,1.24172,1010.85,0.0232359,0.0504356,0.00793822,1026.01,993.058,0.00639292,100.0,0.0,280.504,1.25658,-1.64627,0.139111,2.0757,3.84098e-13,3.02082e-14,2.0757,4.67188,145.295,307.354,3.84276,-9999,0.294685,0.681333,-193.411,-0.0230481,0.33176,0.031245,0,75.0963,-11.3962,25.7781,64.1912,97.8956,137.3,205.7,-0.107286,1.00507,13.3353,1.0139,32.4022,1.0751,-3.70841,1.07166,0.723955,1.0751,0.00727931,1.08038,800000009,800010009,800000009,800000009,800000009,800000009,800010019,800110019,80000,80000,80,81,0,0,0,0,0,0,0,0.523112,0.777095,0.0624585,0.0726416,4.74368,0.0650128,9.7612e-05,0.0106242,-0.0861683,0.0168217,0.000169141,19.9996,86.1568
A20151981130.slt,2015-07-17,12:00,198.5,1,36000,36000,-0.0949434,1,41.5653,1,45.7459,1,-5.97942,1,1.02248,1,0.0159172,2,1.35629,1.1466,-0.0594053,0.025628,-0.000372333,-3.26193e-10,-8.7687e-12,-1.6442e-12,16.7138,388.906,393.015,4.4,0,449.299,10.4546,10.565,5.6,0,0.084247,1.96031,1.98102,4.0,0,281.841,280.46,100210.0,1.23987,1010.98,0.0232686,0.0662566,0.00809637,1047.93,1020.43,0.00653,100.0,0.0,280.814,1.56415,-2.07687,0.109499,2.60229,-4.15115e-14,-1.95164e-14,2.60229,5.98176,142.962,306.984,2.41159,-9999,0.276722,0.637623,-44.5321,-0.100102,0.908612,0.119831,0,63.3322,-9.6109,21.7399,54.1354,82.5599,115.791,173.477,-0.0943531,1.00626,43.5199,1.0169,42.7201,1.07083,-5.60641,1.06653,0.954847,1.07083,0.0147735,1.07742,800000009,800000009,800000009,800000009,800000009,800000009,800000019,800010019,80000,80000,80,80,0,0,1,0,0,0,0,0.546275,0.644748,0.0842236,0.0700883,4.82773,0.0805271,8.75057e-05,0.0347193,-0.130453,0.0222179,0.000343759,21.5198,28.4617
A20151981200.slt,2015-07-17,12:30,198.521,1,36000,36000,-0.12333,5,66.1897,5,76.186,5,-8.26548,5,1.70338,5,0.011097,5,1.10432,0.427996,-0.0221666,0.00956919,-0.000492263,8.27121e-11,2.24193e-12,4.16225e-13,16.6868,388.716,392.856,4.45,0,452.3,10.5363,10.6485,5.25,0,0.0839715,1.9561,1.97693,4.65,0,282.182,280.783,100212.0,1.23844,1011.02,0.0232949,0.110379,0.00815045,1056.15,1043.24,0.00658125,100.0,0.0,280.928,1.53833,-2.26656,0.130027,2.74238,1.63299e-14,4.95674e-15,2.74238,5.13763,144.674,304.165,2.71764,-9999,0.315571,0.653842,-41.4756,-0.107479,0.868791,0.167516,0,65.5474,-9.94708,22.5003,56.029,85.4477,119.842,179.545,-0.122523,1.00659,69.4505,1.01772,71.3101,1.06838,-7.76933,1.06386,1.59436,1.06838,0.0103199,1.0753,800000009,800000009,800000009,800000009,800000009,800000009,800000019,800000019,80000,80000,80,80,0,0,0,0,0,0,0,0.651081,0.556125,0.100478,0.153512,5.42298,0.11498,7.35059e-05,0.0554676,-0.180985,0.0371404,0.0002404,17.8459,274.83
A20151981230.slt,2015-07-17,13:00,198.542,1,36000,36000,-0.109559,1,44.9164,1,57.5213,1,-6.33511,1,1.28626,1,0.0120115,1,0.523424,-0.354159,-0.0180884,-0.00791951,-8.39627e-05,1.38894e-10,3.7421e-12,6.9897e-13,16.6715,388.562,392.673,4.15,0,449.164,10.4686,10.5794,5.25,0,0.0838974,1.95539,1.97607,4.0,0,282.153,280.937,100215.0,1.23783,1010.99,0.0233069,0.0833495,0.00809393,1049.4,1054.21,0.00653881,99.5437,4.80985,280.834,1.72368,-2.5923,0.138833,3.11615,-1.21721e-13,8.33125e-15,3.11615,6.49409,146.812,303.621,2.55353,-9999,0.297505,0.592204,-51.212,-0.0870449,0.780867,0.120644,0,62.1032,-9.4244,21.318,53.0849,80.9578,113.544,170.11,-0.108745,1.00749,47.3599,1.01995,53.9782,1.06564,-5.97365,1.06051,1.20703,1.06564,0.0111895,1.07346,800000009,800000009,800000009,800000009,800000009,810000009,800000019,800000019,80000,80000,80,80,0,0,0,0,0,0,0,0.559865,0.522431,0.102113,0.0690218,4.89361,0.089242,8.48177e-05,0.0378445,-0.139227,0.0281321,0.000260793,17.0782,404.059
A20151981300.slt,2015-07-17,13:30,198.562,1,36000,36000,-0.139625,1,56.5968,1,62.9755,1,-5.42076,1,1.40874,1,-0.00821882,6,1.31819,-0.236209,-0.111589,-0.00528392,0.000162671,-1.42459e-10,-3.83096e-12,-7.19184e-13,16.6086,387.607,391.69,4.3,0,446.633,10.4234,10.5332,5.0,0,0.0838462,1.95678,1.97739,7.5,0,282.467,281.323,100221.0,1.23621,1010.98,0.0233377,0.0912867,0.00804833,1044.92,1082.32,0.00651046,96.5442,37.4034,280.772,1.90869,-2.818,0.149236,3.40683,1.30756e-13,-8.57742e-15,3.40683,6.14789,146.054,304.111,2.51064,-9999,0.336075,0.668567,-58.5905,-0.0760831,0.898711,0.134748,0,62.7836,-9.52765,21.5516,53.6664,81.8447,114.788,171.974,-0.138488,1.00821,59.0528,1.02172,58.9891,1.06758,-5.10509,1.06183,1.31957,1.06758,-0.00763823,1.07601,800000009,800000009,800000009,800000009,800000009,800000009,800000019,800000019,80000,80000,80,80,0,0,0,0,0,0,0,0.681516,0.528906,0.126713,0.101168,4.84806,0.105507,8.4441e-05,0.0472506,-0.119141,0.0307957,-0.000178259,16.259,450.014
A20151981330.slt,2015-07-17,14:00,198.583,1,36000,36000,-0.208648,5,94.1052,5,74.79,5,-9.04915,5,1.67317,5,0.0146105,5,0.295353,0.805336,0.00508374,0.0180166,0.000401615,3.37166e-10,9.20009e-12,1.70494e-12,16.6041,387.651,391.795,4.45,0,453.068,10.5776,10.6907,5.2,0,0.0839614,1.96022,1.98117,4.15,0,282.451,281.41,100213.0,1.23567,1011.06,0.0233466,0.108421,0.00816428,1060.3,1088.72,0.00660716,97.3901,28.4149,280.986,2.47018,-2.33894,0.152872,3.40526,6.8105e-14,2.03062e-14,3.40526,7.03225,133.743,316.563,2.57303,-9999,0.410917,0.996683,-64.41,-0.069209,1.25826,0.183307,0,71.1751,-10.8011,24.4321,60.8394,92.7839,130.131,194.96,-0.206949,1.00821,96.4732,1.02171,68.8543,1.08621,-8.37569,1.08041,1.54038,1.08621,0.0133451,1.09483,800000009,800000009,800000009,800000009,800000009,800000009,800000019,800000019,80000,80000,80,80,0,0,0,0,0,0,0,1.07938,0.775555,0.138438,0.184603,5.04735,0.157089,7.90755e-05,0.0772195,-0.195544,0.0359626,0.000311562,16.3063,419.525
A20151981400.slt,2015-07-17,14:30,198.604,1,36000,36000,-0.118453,1,71.7841,1,51.3585,1,-6.10998,1,1.14852,1,0.0117199,2,-1.39932,2.18547,-0.00541891,0.0488731,0.000711036,9.87938e-11,2.80251e-12,5.01174e-13,16.6258,387.604,391.914,4.15,0,471.629,10.9953,11.1175,5.45,0,0.0843415,1.96629,1.98815,4.1,0,282.265,281.0,100210.0,1.23723,1011.28,0.0233135,0.0744239,0.00849876,1102.13,1058.77,0.00686917,100.0,0.0,281.555,1.39565,-2.98197,0.129028,3.29494,-1.92053e-13,5.9422e-15,3.29494,6.40308,155.515,295.081,2.24424,-9999,0.309419,0.81741,-36.052,-0.123648,1.39771,0.185421,0,59.9275,-9.09423,20.5712,51.2251,78.1215,109.567,164.151,-0.117521,1.00793,73.4287,1.02104,48.8618,1.0511,-5.8426,1.04576,1.09269,1.0511,0.0110641,1.05927,800000009,800000009,800000009,800000009,800000009,800000009,800000019,800000019,80000,80000,80,81,0,0,0,0,0,0,0,0.629568,0.88455,0.120702,0.136255,4.92867,0.116619,7.18875e-05,0.058687,-0.136211,0.0254743,0.000257942,17.0129,358.181
A20151981430.slt,2015-07-17,15:00,198.625,1,36000,36000,-0.154439,1,67.1621,1,73.1983,1,-6.94406,1,1.63779,1,0.0116198,1,1.89581,-2.56907,-0.0633236,-0.0574822,3.10603e-05,6.12052e-11,1.66081e-12,3.10967e-13,16.5681,387.062,391.17,4.25,1,449.578,10.503,10.6145,5.0,0,0.0841781,1.96656,1.98743,4.45,0,282.814,281.557,100200.0,1.2349,1011.02,0.0233619,0.106129,0.0081014,1052.68,1099.61,0.00656038,95.7325,46.9262,280.88,2.44434,-2.26614,0.127607,3.33564,-1.26166e-13,3.69416e-15,3.33564,6.13307,133.289,317.167,2.19242,-9999,0.35364,0.805725,-57.5198,-0.0774995,0.917536,0.152115,0,64.6217,-9.80659,22.1825,55.2376,84.2409,118.149,177.009,-0.153208,1.00803,69.9564,1.02129,67.3534,1.08678,-6.42368,1.08101,1.50701,1.08678,0.0106103,1.09514,800000009,800000009,800000009,800000009,800000009,800000009,800000019,800000019,80000,80000,80,80,0,0,0,0,0,0,0,0.748074,0.732811,0.130563,0.127896,4.93733,0.11886,8.44085e-05,0.056032,-0.150069,0.0352066,0.000247878,16.3373,410.473
A20151981500.slt,2015-07-17,15:30,198.646,1,36000,36000,-0.178201,1,65.9872,1,62.3252,1,-7.633,1,1.39441,1,0.0155716,1,-0.249813,-0.168812,-0.0173886,-0.00377684,0.00011832,1.886e-10,5.10392e-12,9.59092e-13,16.5661,386.913,391.007,4.4,0,448.314,10.4707,10.5815,5.2,0,0.0842439,1.96757,1.98839,4.75,0,282.78,281.483,100201.0,1.23524,1011.0,0.0233557,0.0903578,0.00807862,1049.45,1094.15,0.0065401,95.9145,44.7017,280.835,1.95881,-3.10741,0.13092,3.67561,-3.45115e-14,1.13847e-14,3.67561,6.85503,147.285,302.226,2.04123,-9999,0.379821,0.933023,-72.5325,-0.0614586,1.05876,0.139116,0,65.9552,-10.009,22.6403,56.3775,85.9792,120.587,180.661,-0.17663,1.0089,68.1438,1.02337,58.4596,1.06612,-7.20161,1.0599,1.30792,1.06612,0.014483,1.07517,800000009,800000009,800000009,800000009,800000009,800000009,800000019,800000019,80000,80000,80,80,0,0,0,0,0,0,0,0.825098,0.897957,0.142991,0.111218,4.84409,0.10194,7.31119e-05,0.054566,-0.168198,0.0305474,0.000338261,16.1159,433.987
A20151981530.slt,2015-07-17,16:00,198.667,1,36000,36000,-0.127686,1,53.6871,1,65.0435,2,-6.93858,1,1.45569,2,0.00931522,1,1.13431,-0.749533,0.0199726,-0.0167747,2.80556e-05,1.81878e-10,4.85226e-12,9.24609e-13,16.5562,387.084,391.123,4.35,0,441.697,10.3269,10.4346,5.1,0,0.0841663,1.96781,1.98835,4.55,0,282.917,281.817,100215.0,1.23402,1010.93,0.02338,0.0943288,0.00795937,1035.18,1119.16,0.00644994,92.4967,83.9736,280.635,1.99754,-2.42461,0.137211,3.14447,7.55865e-14,1.09855e-14,3.14447,6.55406,141.158,309.484,2.50093,-9999,0.321669,0.724885,-54.1563,-0.0823127,0.825402,0.133788,0,63.465,-9.63106,21.7855,54.2489,82.733,116.034,173.84,-0.126728,1.00756,56.3724,1.02013,60.5009,1.07508,-6.48768,1.0695,1.35402,1.07508,0.00860383,1.08268,800000009,800000009,800000009,800000009,800000009,800000009,800000019,800000019,80000,80000,80,80,0,0,0,0,0,0,0,0.747933,0.588772,0.113065,0.111081,4.78708,0.103807,6.94537e-05,0.0451881,-0.151682,0.0316571,0.000201158,16.0412,439.127
A20151981600.slt,2015-07-17,16:30,198.687,1,36000,36000,-0.148133,5,81.2989,5,80.5274,5,-8.18262,5,1.80292,5,0.0101318,5,1.38193,-0.656658,0.0468437,-0.0147019,0.000431727,-2.98123e-10,-7.84818e-12,-1.51684e-12,16.5506,387.486,391.48,4.25,1,435.7,10.2007,10.3058,4.8,0,0.0842089,1.97152,1.99184,3.8,0,283.096,282.223,100221.0,1.23239,1010.86,0.0234122,0.116829,0.00785131,1022.6,1150.35,0.00637083,88.8953,127.743,280.456,2.05688,-2.48556,0.125865,3.22871,-4.99307e-14,-1.80128e-14,3.22871,6.70697,140.344,309.609,2.23412,-9999,0.346699,0.73365,-44.7791,-0.0995498,1.00958,0.188233,0,68.1009,-10.3346,23.3768,58.2117,88.7765,124.51,186.539,-0.146991,1.00777,84.3326,1.02064,74.7832,1.07681,-7.6418,1.07077,1.67432,1.07681,0.00934393,1.08432,800000009,800000009,800000009,800000009,800000009,800000009,800000019,800000019,80000,80000,80,80,0,0,3,0,0,0,0,0.742008,0.615194,0.110098,0.168688,5.07421,0.103175,7.31547e-05,0.067695,-0.178912,0.0391995,0.000218762,16.0446,434.052
A20151981630.slt,2015-07-17,17:00,198.708,1,36000,36000,-0.10467,5,51.917,5,37.0339,5,-5.11619,5,0.828645,5,0.0108294,5,-2.16885,2.21171,0.039796,0.0494877,0.00093021,-2.54231e-10,-6.96459e-12,-1.2976e-12,16.605,387.827,391.992,4.2,0,454.89,10.6244,10.7385,5.55,0,0.0847524,1.97948,2.00074,3.9,0,282.616,281.587,100236.0,1.23515,1011.09,0.0233561,0.0536962,0.00819711,1065.23,1101.85,0.00663653,96.6768,36.6167,281.054,1.3733,-2.84181,0.0852762,3.15739,2.58308e-14,-1.53105e-14,3.15739,6.39945,153.984,295.792,1.54766,-9999,0.291106,0.65901,-41.5163,-0.107373,1.40188,0.142807,0,64.8124,-9.83554,22.248,55.4007,84.4896,118.498,177.531,-0.103881,1.00759,53.134,1.0202,35.1482,1.05365,-4.88001,1.0484,0.786451,1.05365,0.0102032,1.06137,800000009,800000009,800000009,800000009,800000009,800000009,800000019,800010019,80000,80000,80,80,0,0,3,0,0,0,0,0.85929,0.370871,0.0878595,0.145806,4.75332,0.129466,7.57072e-05,0.0425465,-0.113978,0.0183684,0.000238308,17.1852,343.077
A20151981700.slt,2015-07-17,17:30,198.729,1,36000,36000,-0.0805686,1,50.6746,1,63.8763,2,-5.81045,1,1.4298,2,0.00849889,1,1.36053,-0.63978,-0.000693625,-0.0143207,0.000437804,1.01232e-11,2.74122e-13,5.1768e-14,16.5794,387.821,391.937,4.95,0,448.946,10.5016,10.6131,5.05,0,0.0847836,1.98324,2.00429,4.25,1,283.006,281.987,100225.0,1.23332,1011.03,0.0233917,0.092651,0.00809001,1052.81,1132.1,0.00655952,92.9958,79.2949,280.882,1.69122,-1.43721,0.113581,2.22232,-1.38282e-13,6.1059e-16,2.22232,4.40485,130.709,319.642,2.92961,-9999,0.25559,0.508016,-28.7858,-0.154859,0.793325,0.159004,0,61.3911,-9.31634,21.0736,52.4762,80.0295,112.243,168.16,-0.0801365,1.00539,53.5743,1.01472,58.7049,1.08809,-5.35963,1.08411,1.31404,1.08809,0.00777174,1.09356,800000009,800000009,800000009,800000009,800000009,800000009,800000019,800010019,80000,80000,80,80,0,0,0,0,0,0,0,0.407735,0.530565,0.0777333,0.0861123,4.74848,0.0878796,7.69729e-05,0.0429652,-0.125371,0.0307378,0.000181794,16.2459,428.94
A20151981730.slt,2015-07-17,18:00,198.75,1,36000,36000,-0.0966751,1,62.8077,1,61.2776,2,-6.94719,1,1.37185,2,0.0105792,1,0.577948,0.693902,-0.0623697,0.0155347,0.000518067,5.05519e-11,1.38816e-12,2.59449e-13,16.5482,387.286,391.449,4.3,0,454.414,10.6349,10.7492,5.3,0,0.0849307,1.98768,2.00905,4.2,0,283.102,282.157,100235.0,1.23264,1011.1,0.0234036,0.088896,0.00818854,1066.27,1145.18,0.0066431,93.1096,78.9079,281.068,1.76144,-1.95615,0.133175,2.6357,5.02728e-13,3.05483e-15,2.6357,5.71309,140.112,312.002,2.89624,-9999,0.280053,0.705491,-30.555,-0.145893,1.02497,0.179947,0,60.1307,-9.12506,20.6409,51.3988,78.3864,109.938,164.707,-0.0960666,1.00633,65.3287,1.01709,56.9709,1.07559,-6.48698,1.07094,1.27544,1.07559,0.00977731,1.08201,800000009,800000009,800000009,800000009,800000009,800000009,800000019,800000019,80000,80000,80,81,0,0,0,0,0,0,0,0.638276,0.674506,0.0982008,0.130317,4.92769,0.109307,7.32592e-05,0.0524171,-0.151819,0.0298498,0.000228824,16.0357,451.615
A20151981800.slt,2015-07-17,18:30,198.771,1,36000,36000,-0.159829,5,45.4504,5,50.1177,5,-4.64912,5,1.12208,5,-0.00367839,7,0.226599,-0.326437,0.00708205,-0.00730858,0.000163305,-4.5827e-10,-1.2508e-11,-2.35329e-12,16.5474,387.347,391.486,4.35,0,451.644,10.5722,10.6852,5.05,0,0.0849736,1.98908,2.01034,9.65,0,283.133,282.223,100238.0,1.23242,1011.07,0.0234083,0.0727109,0.00813862,1060.02,1150.35,0.00660377,92.1483,90.3221,280.982,1.20842,-1.29304,0.134822,1.77494,-1.27396e-13,-2.76944e-14,1.77494,5.38112,142.293,313.062,4.3563,-9999,0.36012,0.83897,-89.7817,-0.049651,0.906874,0.101286,0,79.1596,-12.0128,27.1729,67.6644,103.192,144.729,216.83,-0.159122,1.00444,47.8182,1.01227,46.8175,1.07049,-4.35584,1.06733,1.04819,1.07049,-0.00342252,1.07476,800000009,800000009,800000009,800000009,800000009,800000009,800000119,810010119,80000,80000,80,81,0,0,0,0,0,0,0,1.3009,0.295223,0.0818143,0.0892581,4.25461,0.0814925,0.000106511,0.0383754,-0.101963,0.0245364,-8.01152e-05,16.0363,450.074
A20151981830.slt,2015-07-17,19:00,198.792,1,36000,36000,-0.104462,5,59.0603,5,43.4033,5,-6.53071,5,0.971902,5,0.00675185,5,0.543469,-1.32215,-0.00521447,-0.029606,7.90568e-05,-9.19473e-11,-2.44954e-12,-4.72379e-13,16.535,387.302,391.34,4.4,0,440.503,10.318,10.4255,4.65,1,0.0849485,1.98976,2.01051,3.65,0,283.316,282.383,100231.0,1.23175,1010.94,0.0234232,0.0629793,0.00793786,1034.46,1162.82,0.00644435,88.9611,128.363,280.624,1.43147,-2.09181,0.127093,2.5379,-5.24893e-14,-5.56077e-15,2.5379,4.63008,145.453,304.385,2.87046,-9999,0.291217,0.421774,-36.5343,-0.122015,1.36073,0.162867,0,67.7537,-10.2819,23.2577,57.9149,88.3238,123.875,185.588,-0.103828,1.00611,60.6968,1.01652,40.6682,1.06725,-6.14629,1.06255,0.910656,1.06725,0.0062918,1.07312,800000009,800000009,800000009,800000009,800000009,800000009,800000019,800000019,80000,80000,80,80,0,0,0,0,0,0,0,0.428513,0.336227,0.0788088,0.106159,5.02334,0.0935412,6.93684e-05,0.0487438,-0.143965,0.0213305,0.000147374,16.0229,439.873
A20151981900.slt,2015-07-17,19:30,198.812,1,36000,36000,-0.0840757,1,38.8368,1,41.8804,1,-4.66089,1,0.937631,1,0.014654,1,-0.645896,1.6959,-0.0571883,0.0379683,0.000975103,4.65509e-11,1.28092e-12,2.40465e-13,16.5267,386.811,390.973,4.1,0,454.758,10.6438,10.7583,5.15,0,0.0853708,1.99813,2.01963,4.3,0,283.232,282.193,100240.0,1.23254,1011.12,0.0234053,0.0607585,0.00819474,1067.22,1148.02,0.00664865,92.9618,80.7994,281.081,2.01125,-1.88057,0.126278,2.75638,-7.28525e-14,2.81671e-15,2.75638,4.80318,132.809,316.923,2.62581,-9999,0.261176,0.358944,-40.0825,-0.111214,0.927327,0.119319,0,63.593,-9.65048,21.8294,54.3583,82.8999,116.268,174.191,-0.0835228,1.00662,40.5665,1.0178,38.5495,1.08641,-4.30971,1.08148,0.863057,1.08641,0.013405,1.09317,800000009,800000009,800000009,800000009,800000009,800000009,800000019,800000019,80000,80000,80,80,0,0,0,0,0,0,0,0.347447,0.296209,0.0742328,0.0631829,4.54508,0.0707427,8.7798e-05,0.0325512,-0.10087,0.0202001,0.000313748,16.008,454.806
A20151981930.slt,2015-07-17,20:00,198.833,1,36000,36000,-0.0506474,1,16.8548,1,23.5104,1,-2.88643,1,0.526281,1,0.0133231,1,-0.510181,-0.530148,0.0478721,-0.0118674,0.000461028,7.46959e-11,2.03358e-12,3.86207e-13,16.553,387.222,391.347,4.4,0,450.651,10.542,10.6543,4.55,0,0.0855855,2.00208,2.02341,4.15,0,283.163,282.043,100241.0,1.23325,1011.05,0.0233928,0.034103,0.00812073,1057.02,1136.45,0.00658482,93.0108,79.4289,280.94,1.4407,-1.88543,0.104658,2.37517,1.38113e-14,4.51253e-15,2.37517,4.27487,142.05,307.384,2.52547,-9999,0.202653,0.367094,-43.1442,-0.103322,0.716907,0.0667031,0,61.6577,-9.3568,21.1651,52.7041,80.3771,112.73,168.89,-0.0503586,1.00573,17.948,1.01558,21.9298,1.07207,-2.70293,1.06789,0.4909,1.07207,0.012361,1.07784,800000009,800010009,800000009,800000009,800000009,800000009,800010019,800010019,80000,80000,80,81,0,0,0,0,0,0,0,0.273625,0.412238,0.0483248,0.0274628,4.40588,0.0559843,9.4599e-05,0.0143944,-0.0632291,0.0114835,0.000289157,16.0302,451.186
A20151982000.slt,2015-07-17,20:30,198.854,1,36000,36000,-0.0679261,5,14.0512,5,-9.96374,5,-1.76297,5,-0.223033,5,0.00677107,5,-0.0907084,0.35958,-0.00559992,0.00804901,0.000661301,1.61263e-10,4.41961e-12,8.36255e-13,16.5526,387.174,391.326,4.8,0,453.644,10.611,10.7248,30.15,0,0.085836,2.00775,2.02929,4.35,0,283.189,282.017,100241.0,1.23333,1011.09,0.0233906,-0.0144526,0.00817467,1063.94,1134.4,0.00662811,93.7886,70.4622,281.036,1.18945,-1.58213,0.108926,1.98237,-1.11487e-14,9.74247e-15,1.98237,6.52744,142.349,306.936,3.14984,-9999,0.234682,0.57239,-80.3741,-0.0554625,-1.41024,0.0480137,0,69.9018,-10.6079,23.995,59.751,91.124,127.803,191.472,-0.0675968,1.00487,13.3627,1.01338,-9.30526,1.07076,-1.6518,1.06731,-0.208294,1.07076,0.00629513,1.0756,800000009,800010009,800000009,800000009,800000009,810000009,800010019,800010019,80000,80000,80,81,8,0,5,0,0,0,0,0.572061,0.525322,0.0473963,0.0168795,4.15874,0.0641959,0.000111514,0.0107158,-0.0386365,-0.00487211,0.000147247,16.0268,454.682
A20151982030.slt,2015-07-17,21:00,198.875,1,36000,36000,-0.0654388,5,11.5354,5,25.5347,5,-2.34964,5,0.571476,5,0.014843,5,-0.658184,0.630453,0.0187862,0.0141098,0.000149063,3.69671e-10,1.02424e-11,1.9174e-12,16.573,387.335,391.537,5.35,0,459.187,10.7319,10.8483,6.85,0,0.0859607,2.00903,2.03082,4.7,0,283.059,281.823,100254.0,1.23428,1011.16,0.0233715,0.0370316,0.00827455,1076.2,1119.66,0.00670393,96.1183,43.4621,281.205,0.67112,-1.52195,0.149561,1.67007,-1.44697e-13,2.23056e-14,1.67007,3.95648,157.316,293.796,5.13793,-9999,0.230256,0.237422,-92.4776,-0.0482036,0.451756,0.0401414,0,75.18,-11.4089,25.8069,64.2628,98.0048,137.453,205.93,-0.0651631,1.00423,12.8845,1.01172,24.4379,1.04488,-2.25471,1.0421,0.54693,1.04488,0.0141506,1.04893,800000009,800010009,800000009,800000009,800000009,800000009,800010019,800110019,80000,80000,80,81,0,0,0,0,0,0,0,0.301289,0.135497,0.0380582,0.00914156,4.21235,0.0754865,0.00013878,0.0103237,-0.052696,0.0127826,0.000330721,16.0378,460.035
A20151982100.slt,2015-07-17,21:30,198.896,1,36000,36000,-0.0384627,5,4.67859,5,8.00941,5,-0.784233,5,0.179248,5,0.00364235,7,-0.10215,-0.560476,0.0622639,-0.0125433,0.000730732,2.21323e-10,6.06246e-12,1.14995e-12,16.599,387.868,392.033,4.15,0,454.679,10.6244,10.7385,6.7,0,0.0862454,2.01529,2.03693,4.5,0,283.014,281.793,100263.0,1.23458,1011.09,0.0233669,0.0116153,0.00819331,1065.52,1117.39,0.00663654,95.358,51.8697,281.058,0.385766,-1.38162,0.119726,1.43946,8.55864e-14,1.33335e-14,1.43946,2.87503,164.143,285.6,4.77107,-9999,0.176506,0.140807,-102.713,-0.0434,0.584137,0.0212347,0,-9999.0,-9999.0,-9999.0,-9999.0,-9999.0,-9999.0,-9999.0,-0.0383176,1.00379,5.10352,1.01056,7.75698,1.03254,-0.761274,1.03016,0.173599,1.03254,0.00351586,1.03598,800000009,800010009,800000009,800000009,800000009,800000009,800010019,810110019,80000,80000,80,80,0,0,0,0,0,0,0,0.136146,0.121238,0.024231,0.00429547,3.95123,0.0661632,0.000206014,0.00408848,-0.0177886,0.00405648,8.21549e-05,16.0675,456.296
A20151982130.slt,2015-07-17,22:00,198.917,1,36000,36000,-0.0632642,5,-4.83623,7,10.9184,5,0.277954,5,0.244258,5,0.0640937,6,-1.36414,1.78162,0.0554503,0.0398569,0.00401831,3.08486e-10,8.71049e-12,1.62818e-12,16.6446,388.342,392.648,4.55,0,469.981,10.9654,11.0869,7.5,0,0.0878495,2.04966,2.07238,4.5,0,282.608,281.393,100272.0,1.23629,1011.28,0.0233315,0.0158279,0.00846905,1099.82,1087.48,0.00685037,100.0,0.0,281.524,-0.587677,-1.17105,0.134796,1.31716,-4.86453e-14,1.85337e-14,1.31716,3.00328,210.92,243.351,5.87383,-9999,0.226214,0.212863,209.201,0.0213085,-0.442943,-0.0171001,0,89.2108,-13.5381,30.6232,76.256,116.295,163.106,244.362,-0.0629202,1.00547,-4.19576,1.01316,10.0804,1.08313,0.257343,1.08009,0.22551,1.08313,0.0589205,1.0878,800000009,800010009,800000009,800000009,800000009,800000009,810110019,811110019,80000,80000,80,81,0,0,0,0,0,0,0,0.263967,0.137841,0.0239191,0.00627316,3.86626,0.0386221,0.000660963,-0.00335599,0.0060042,0.00526148,0.0013747,16.1061,472.761
A20151982200.slt,2015-07-17,22:30,198.937,1,36000,36000,-0.00690285,5,-1.52604,5,2.54394,5,-0.295521,6,0.0568937,5,-0.0233575,7,-1.08114,-0.156685,0.0783223,-0.00350417,0.0142946,1.99039e-10,5.59513e-12,1.1112e-12,16.6919,389.012,393.313,12.95,0,469.221,10.9354,11.0563,9.4,0,0.0931879,2.17179,2.1958,12.7,0,282.436,281.077,100271.0,1.23768,1011.25,0.0233055,0.00368671,0.00845536,1096.8,1064.31,0.00683159,100.0,0.0,281.484,-0.898857,-0.361105,0.154474,0.980919,-6.71628e-14,1.19243e-14,0.980919,1.5002,247.452,201.887,9.06057,-9999,0.0746808,0.026462,23.8543,0.186874,-0.599872,-0.0163263,0,-9999.0,-9999.0,-9999.0,-9999.0,-9999.0,-9999.0,-9999.0,-0.0068442,1.00857,-1.38318,1.01911,2.02814,1.25432,-0.236739,1.2483,0.0453582,1.25432,-0.0184854,1.26356,800000009,800010009,800000009,800000009,800000009,800000009,811110019,811110019,80000,80000,80,81,0,1,0,0,0,0,0,0.0254664,0.0224934,0.00496394,0.00214783,4.18935,0.0367431,0.00237443,-0.00110512,-0.00551732,0.00105709,-0.000430811,16.141,471.521
A20151982230.slt,2015-07-17,23:00,198.958,1,36000,36000,-0.00514345,5,-0.402542,5,0.714487,5,0.620091,5,0.0159789,5,0.0254512,5,-0.034141,-1.82272,0.104652,-0.0407636,-0.00735158,-3.08736e-10,-8.38313e-12,-1.66994e-12,16.7311,389.906,394.078,4.4,0,454.301,10.5872,10.7004,3.65,0,0.0904977,2.10898,2.13155,4.35,0,282.528,281.067,100273.0,1.23791,1011.06,0.0233043,0.00103543,0.00818651,1061.89,1063.59,0.00661315,99.8405,1.69653,281.008,-0.804276,-0.372965,0.151735,0.899437,5.79822e-14,-1.84528e-14,0.899437,1.3715,245.656,204.878,9.71223,-9999,0.0644588,0.0197524,58.1459,0.076665,-0.5634,-0.00498957,0,-9999.0,-9999.0,-9999.0,-9999.0,-9999.0,-9999.0,-9999.0,-0.00511326,1.00591,-0.362843,1.01369,0.604423,1.1821,0.526039,1.17879,0.0135174,1.1821,0.0214388,1.18716,800000009,801110009,800000009,800000009,800000009,800000009,811110019,811110019,80000,80000,80,81,0,0,1,0,0,0,0,0.0304018,0.00758287,0.00152009,0.00529573,4.24339,0.0406127,0.00284612,-0.000289902,0.0122589,0.000315014,0.000499616,16.1711,455.962
A20151982300.slt,2015-07-17,23:30,198.979,1,36000,36000,-0.152516,5,1.5496,5,5.453,7,-9.4386,6,0.121969,7,-0.414449,5,0.511864,-0.435734,0.115188,-0.00974623,-0.00377143,1.87064e-09,5.02672e-11,9.93848e-12,16.7653,390.89,395.04,4.25,1,450.512,10.5039,10.6154,45.7,0,0.089072,2.07675,2.09879,4.25,1,282.692,281.217,100279.0,1.23736,1011.02,0.0233154,0.00790361,0.00811822,1053.59,1074.5,0.00656091,98.0542,20.9076,280.893,0.23134,-0.199026,0.122416,0.328809,-1.28184e-13,1.11578e-13,0.328809,2.31832,152.125,319.294,21.8577,-9999,0.351083,0.216707,-2440.64,-0.00182647,0.284174,0.00352823,0,89.7001,-13.6123,30.7911,76.6743,116.933,164.0,245.702,-0.152165,1.00231,1.84626,1.00647,5.11392,1.06631,-8.85625,1.06576,0.114385,1.06631,-0.388377,1.06713,800000009,800010009,800000009,800000009,800000009,810101019,811110019,811110019,80000,80000,81,81,0,157,67,0,13,0,0,0.283704,0.0926995,0.0570102,0.0100575,10.3708,0.0448004,0.00945848,0.00147584,-0.206487,0.00266693,-0.00905516,16.1942,452.189
A20151982330.slt,2015-07-18,00:00,199.0,0,36000,36000,-0.0398162,5,-6.94869,5,5.59553,5,5.58359,5,0.125125,5,0.280055,5,-0.933751,1.35662,0.213723,0.0303362,0.0121123,-6.07759e-11,-1.66564e-12,-3.37399e-13,16.8614,392.715,396.988,4.75,0,462.109,10.7629,10.88,10.05,0,0.0936064,2.18017,2.20389,4.65,0,282.297,280.943,100287.0,1.23855,1011.15,0.0232908,0.00810811,0.0083272,1079.67,1054.69,0.00672336,100.0,0.0,281.252,1.08954,-0.934574,0.118494,1.44034,-1.04741e-13,-3.60444e-15,1.44034,2.91673,129.036,319.378,4.71898,-9999,0.179297,0.16367,72.5025,0.0614841,-1.24183,-0.0309458,0,-9999.0,-9999.0,-9999.0,-9999.0,-9999.0,-9999.0,-9999.0,-0.0395392,1.00701,-6.57402,1.01635,4.86625,1.14987,4.8762,1.14507,0.108817,1.14987,0.242006,1.15722,800000009,800010009,800000009,800000009,800000009,800000009,800110019,811110019,80000,80000,80,80,0,0,1,0,0,0,0,0.217611,0.0885443,0.0211845,0.0324151,8.51274,0.0421727,0.017709,-0.00524931,0.113571,0.00253443,0.00563651,16.3001,465.778
A20151990000.slt,2015-07-18,00:30,199.021,0,36000,36000,-0.00654835,5,-3.58793,5,-1.90196,5,1.22231,5,-0.0425044,5,0.0286151,5,-2.21419,0.124038,0.114335,0.00277197,0.000668231,-8.66494e-12,-2.37406e-13,-4.81099e-14,16.9422,393.689,397.982,4.45,0,464.191,10.7865,10.9041,33.8,0,0.0940673,2.18586,2.20969,4.35,0,281.781,280.297,100287.0,1.24139,1011.16,0.0232372,-0.00275429,0.00836472,1082.03,1009.08,0.00673817,100.0,0.0,281.284,0.853012,-1.25687,0.116059,1.52343,-3.85724e-14,-5.11441e-16,1.52343,2.25604,146.267,304.164,4.36919,-9999,0.0726292,0.0339765,9.3331,0.477628,1.88644,-0.0393555,0,-9999.0,-9999.0,-9999.0,-9999.0,-9999.0,-9999.0,-9999.0,-0.00642561,1.0191,-3.54718,1.04075,-1.49587,1.27147,0.975312,1.25325,-0.0334294,1.27147,0.0220214,1.29942,800000009,800010009,800000009,800000009,800000009,810000009,811110019,811110019,80000,80000,80,80,0,0,1,0,0,0,0,0.0348983,0.027865,0.00518989,0.03207,6.05834,0.0372239,0.00229631,-0.00282591,0.0226635,-0.000776804,0.000511715,16.3652,469.026
A20151990030.slt,2015-07-18,01:00,199.042,0,36000,36000,-0.00788982,5,-2.68605,5,-0.789122,5,-0.685277,6,-0.0176299,5,-0.0225975,7,-1.06272,0.399219,0.73559,0.00891901,0.0149985,2.95813e-11,8.0341e-13,1.71111e-13,17.2322,399.948,404.34,9.15,0,468.016,10.8624,10.9817,42.75,0,0.0996783,2.31347,2.33888,8.3,0,281.533,279.987,100296.0,1.24284,1011.18,0.0232094,-0.00114242,0.00843365,1089.74,987.843,0.00678577,100.0,0.0,281.389,-0.796021,-0.908052,0.141452,1.21582,1.47354e-13,1.71663e-15,1.21582,1.97046,219.075,228.761,6.6811,-9999,0.0796756,0.28143,16.4598,0.270827,3.40384,-0.0268252,0,-9999.0,-9999.0,-9999.0,-9999.0,-9999.0,-9999.0,-9999.0,-0.00779651,1.01197,-2.66477,1.02615,-0.649053,1.2158,-0.568137,1.20618,-0.0145006,1.2158,-0.0183635,1.23057,800000009,800010009,800000009,800000009,800000009,800000009,811110019,811110019,80000,80000,80,81,0,0,0,0,0,0,0,0.0788958,0.479026,0.00493775,0.0209485,9.04349,0.034506,0.00475446,-0.00212038,-0.0131861,-0.00033655,-0.000426205,16.6373,471.534
A20151990100.slt,2015-07-18,01:30,199.062,1,36000,36000,-0.0192834,5,-6.79324,5,-2.55809,5,4.46605,5,-0.0571458,5,0.0781404,5,-0.308621,0.780288,-0.148167,0.017431,-0.0127488,2.50813e-10,6.92677e-12,1.38718e-12,17.1825,398.688,403.126,4.35,0,474.534,11.0106,11.1332,48.75,0,0.0950317,2.20503,2.22958,4.6,0,281.543,279.897,100291.0,1.24311,1011.26,0.0232031,-0.00370305,0.0085511,1104.56,981.751,0.00687879,100.0,0.0,281.588,-1.04912,-0.0938514,0.160343,1.06544,6.58321e-14,1.4597e-14,1.06544,1.88735,267.594,185.112,8.6556,-9999,0.124548,0.078408,24.8593,0.179319,2.65559,-0.0433878,0,-9999.0,-9999.0,-9999.0,-9999.0,-9999.0,-9999.0,-9999.0,-0.0191092,1.00912,-6.79838,1.02028,-1.98986,1.28556,3.49286,1.27862,-0.0444519,1.28556,0.060284,1.2962,800000009,800010009,800000009,800000009,800000009,811000009,811110019,811110019,80000,80000,80,81,0,0,4,0,0,0,0,0.104946,0.0461902,0.00568067,0.0432811,11.2013,0.0439716,0.0122288,-0.00540793,0.0810451,-0.00103142,0.00139878,16.5777,475.437
A20151990130.slt,2015-07-18,02:00,199.083,1,36000,36000,-0.00659471,5,-2.18581,5,-2.09846,5,1.40646,5,-0.0468957,5,0.00811047,5,1.34692,1.15914,-0.368499,0.0259039,-0.0175621,1.54614e-10,4.39016e-12,8.03438e-13,17.0228,395.549,400.042,4.5,0,483.35,11.2313,11.3589,11.45,0,0.0884573,2.05543,2.07877,4.55,0,281.896,280.29,100288.0,1.24123,1011.39,0.0232364,-0.00303884,0.00870997,1126.67,1008.62,0.00701723,100.0,0.0,281.88,-0.960549,0.4917,0.143857,1.08863,-4.26991e-15,9.08278e-15,1.08863,1.95082,296.221,152.892,7.59355,-9999,0.0728907,0.0622938,15.4872,0.287834,1.04162,-0.0238874,0,-9999.0,-9999.0,-9999.0,-9999.0,-9999.0,-9999.0,-9999.0,-0.00651682,1.01195,-2.2307,1.02602,-1.57691,1.33074,1.0649,1.32075,-0.0352402,1.33074,0.00602527,1.34608,800000009,800010009,800000009,800000009,800000009,800000009,811110019,811110019,80000,80000,80,80,0,0,0,0,0,0,0,0.0373993,0.0817377,0.00545017,0.00568978,4.97486,0.036108,0.000287876,-0.00177693,0.0247445,-0.000818856,0.000140006,16.4388,483.739
A20151990200.slt,2015-07-18,02:30,199.104,1,36000,36000,-0.030565,5,-7.04258,5,-3.34819,5,3.13642,5,-0.0748253,5,0.0889489,6,0.0684956,0.0956062,0.130536,0.00213661,0.00722657,1.47143e-10,4.17304e-12,7.85301e-13,17.0727,396.66,401.173,4.4,0,484.19,11.2495,11.3775,33.0,0,0.0911169,2.11698,2.14106,4.45,0,281.832,280.31,100307.0,1.24136,1011.41,0.0232336,-0.00484868,0.00872511,1128.71,1010.0,0.00702865,100.0,0.0,281.907,-0.619492,0.0161447,0.145212,0.636489,1.29697e-14,8.61861e-15,0.636489,1.57921,265.633,178.507,13.1879,-9999,0.156914,0.0630013,47.9604,0.0929464,2.1034,-0.0357475,0,-9999.0,-9999.0,-9999.0,-9999.0,-9999.0,-9999.0,-9999.0,-0.0303856,1.0059,-7.13527,1.0135,-2.74913,1.21791,2.58112,1.21514,-0.0614377,1.21791,0.0727804,1.22215,800000009,800010009,800000009,800000009,800000009,800000009,811110019,811110019,80000,80000,81,80,0,0,0,0,0,0,0,0.0906215,0.0242079,0.0111733,0.00825425,5.51245,0.0351941,0.00183155,-0.00568312,0.0599689,-0.00142742,0.00169095,16.5023,484.837
A20151990230.slt,2015-07-18,03:00,199.125,1,36000,36000,-0.00720419,5,-1.6642,5,0.66401,5,1.45967,5,0.0148389,5,0.019466,5,-0.102765,-0.210863,-0.130508,-0.00471224,-0.00706428,1.50986e-10,4.27875e-12,7.85113e-13,17.0286,395.549,400.033,4.8,0,482.569,11.2094,11.3365,9.3,0,0.0885472,2.05682,2.08014,4.4,0,281.824,280.28,100318.0,1.24166,1011.38,0.0232285,0.000961559,0.0086959,1124.81,1007.93,0.00700347,100.0,0.0,281.856,-0.704376,0.627536,0.154095,0.955872,2.05464e-14,8.86661e-15,0.955872,1.72009,311.276,138.302,9.27705,-9999,0.0761714,0.0280656,23.2184,0.191992,-2.50628,-0.0173979,0,-9999.0,-9999.0,-9999.0,-9999.0,-9999.0,-9999.0,-9999.0,-0.00714095,1.00886,-1.60576,1.01967,0.547775,1.21219,1.21013,1.20621,0.0122414,1.21219,0.0159378,1.22137,800000009,800010009,800000009,800000009,800000009,800000009,811110019,811110019,80000,80000,80,80,0,0,0,0,0,0,0,0.0272735,0.0241168,0.00474079,0.0054747,6.02113,0.035673,0.000675761,-0.00127869,0.0281095,0.000284349,0.000370211,16.4459,483.622
A20151990300.slt,2015-07-18,03:30,199.146,1,36000,36000,-0.0220759,5,-2.15081,5,0.7418,5,0.874961,5,0.0165768,5,0.0131957,5,-0.102777,0.0886988,-0.042863,0.00198213,-0.000533737,3.49797e-10,9.93691e-12,1.81657e-12,17.0147,395.184,399.671,4.1,0,483.348,11.2263,11.3537,38.85,0,0.0883611,2.05228,2.07558,4.25,1,281.811,280.25,100318.0,1.24178,1011.39,0.023226,0.00107418,0.00870992,1126.5,1005.86,0.00701406,100.0,0.0,281.878,-0.559353,0.272642,0.150739,0.640259,1.13983e-14,2.05585e-14,0.640259,1.54935,291.223,154.014,13.6172,-9999,0.133333,0.0580918,96.3537,0.0462644,-2.89945,-0.0128441,0,-9999.0,-9999.0,-9999.0,-9999.0,-9999.0,-9999.0,-9999.0,-0.0219702,1.00481,-2.0971,1.01132,0.634567,1.16899,0.749752,1.167,0.0141805,1.16899,0.0112588,1.17203,800000009,800010009,800000009,800000009,800000009,800000009,811110019,811110019,80000,80000,80,81,0,0,0,0,0,0,1,0.0673979,0.0416854,0.00710008,0.00520581,5.30851,0.0352185,0.000455711,-0.00166977,0.0174138,0.000329357,0.000261498,16.4254,484.323
A20151990330.slt,2015-07-18,04:00,199.167,1,36000,36000,-0.00716358,5,-0.319358,7,1.10004,5,0.5959,5,0.0245822,5,-0.0324386,7,-0.0342618,0.541948,0.0785248,0.0121107,0.00535638,1.05149e-10,3.00938e-12,5.57253e-13,17.0447,395.853,400.389,4.0,0,487.821,11.3294,11.4592,17.6,0,0.0903308,2.09788,2.12192,7.1,0,281.823,280.24,100322.0,1.24182,1011.44,0.0232244,0.00159293,0.00879053,1136.89,1005.17,0.00707876,100.0,0.0,282.014,-0.67738,0.15272,0.140689,0.708492,-9.46792e-15,6.16902e-15,0.708492,1.21869,284.621,167.295,11.4537,-9999,0.0759515,0.0344749,119.953,0.0371626,-0.290314,-0.00334766,0,-9999.0,-9999.0,-9999.0,-9999.0,-9999.0,-9999.0,-9999.0,-0.00713089,1.00458,-0.26161,1.01091,0.943746,1.16561,0.512092,1.16366,0.0210895,1.16561,-0.0277582,1.16861,800000009,800110009,800000009,800000009,800000009,800010009,811110019,811110019,80000,80000,80,81,0,0,0,38,0,0,34,0.0347569,0.0315435,0.00264943,0.00712726,5.6382,0.0367067,0.0042214,-0.000208283,0.0118931,0.000489792,-0.000644669,16.4413,485.774
A20151990400.slt,2015-07-18,04:30,199.187,1,36000,36000,-0.0128152,5,-1.98736,6,-1.32368,5,0.586014,5,-0.0295834,5,-0.00343327,5,0.445242,-0.106577,-0.334351,-0.00238193,-0.00630706,3.5022e-10,1.00779e-11,1.82163e-12,16.9159,393.005,397.5,5.0,0,486.772,11.3091,11.4384,50.85,0,0.087986,2.04416,2.06755,12.55,0,281.934,280.37,100332.0,1.24138,1011.44,0.0232328,-0.00191701,0.00877162,1134.97,1014.16,0.00706603,100.0,0.0,281.989,-0.204506,0.482215,0.123633,0.538181,7.35843e-15,2.07036e-14,0.538181,1.11144,335.844,112.982,13.2809,-9999,0.101603,0.0282991,46.1486,0.0965956,1.50139,-0.0155785,0,-9999.0,-9999.0,-9999.0,-9999.0,-9999.0,-9999.0,-9999.0,-0.012741,1.00582,-2.04001,1.01327,-1.21783,1.08692,0.540217,1.08478,-0.0272177,1.08692,-0.0031492,1.0902,800000009,800110009,800000009,800000009,800000009,800000019,811110019,811110019,80000,80000,80,81,0,0,2,0,0,0,0,0.0435298,0.009777,0.00329128,0.00426546,4.44324,0.0368951,0.000365184,-0.00162476,0.0125508,-0.000632345,-7.31649e-05,16.3339,486.307
A20151990430.slt,2015-07-18,05:00,199.208,1,36000,36000,-0.0116406,5,-1.97777,5,-1.55507,6,-1.08328,6,-0.0347601,6,-0.063774,6,0.54772,0.451725,0.190033,0.0100973,0.00811494,-1.67022e-10,-4.8229e-12,-8.94444e-13,16.977,394.624,399.173,11.95,0,490.225,11.3951,11.5265,46.85,0,0.090916,2.11332,2.13767,12.1,0,282.024,280.53,100338.0,1.2407,1011.49,0.0232447,-0.00225246,0.00883385,1143.67,1025.33,0.00712003,100.0,0.0,282.102,0.0962283,0.725395,0.112845,0.740399,4.32681e-14,-9.83814e-15,0.740399,1.39843,7.29065,82.4435,8.76666,-9999,0.0968624,0.0340867,40.1815,0.11094,1.27182,-0.0162701,0,-9999.0,-9999.0,-9999.0,-9999.0,-9999.0,-9999.0,-9999.0,-0.0115644,1.00659,-2.0445,1.01496,-1.50948,1.0302,-1.0546,1.0272,-0.0337411,1.0302,-0.0616285,1.03481,800000009,800010009,800000009,800000009,800000009,800100019,811110019,811110019,80000,80000,80,81,0,0,3,0,0,0,0,0.0449279,0.0180325,0.00521301,0.00412453,5.33504,0.0374426,0.00401403,-0.00162913,-0.0245138,-0.000784301,-0.00143254,16.402,489.676
A20151990500.slt,2015-07-18,05:30,199.229,1,36000,36000,-0.0187146,5,-1.1582,7,6.10486,5,1.12571,5,0.136499,5,0.0342705,5,1.01448,-0.115005,-0.282291,-0.0025714,-0.00450655,-1.64703e-10,-4.77593e-12,-8.71298e-13,16.8553,392.216,396.728,5.05,0,488.756,11.3732,11.504,4.4,0,0.0891664,2.07487,2.09874,4.6,0,282.277,280.827,100336.0,1.23938,1011.49,0.0232697,0.00884513,0.00880738,1141.45,1046.33,0.00710626,100.0,0.0,282.073,0.0806308,1.05167,0.106761,1.06015,-1.46317e-13,-9.7716e-15,1.06015,2.18753,6.75813,85.6158,5.77969,-9999,0.122882,0.120541,140.094,0.0318197,-0.189718,-0.00751844,0,-9999.0,-9999.0,-9999.0,-9999.0,-9999.0,-9999.0,-9999.0,-0.0186211,1.00502,-0.796404,1.01205,5.98076,1.02075,1.10541,1.01837,0.133724,1.02075,0.0334542,1.0244,800000009,800010009,800000009,800000009,800000009,800000009,800110019,800110019,80000,80000,80,81,0,0,0,0,0,0,0,0.0808197,0.145876,0.0143858,0.00461473,5.89956,0.0449419,0.000542918,-0.000635284,0.0257225,0.00311172,0.000778467,16.2922,487.65
A20151990530.slt,2015-07-18,06:00,199.25,1,36000,36000,-0.0464907,5,8.65946,5,3.93749,5,-4.63047,5,0.0880534,5,-0.00773342,5,0.603801,0.45055,0.437145,0.0100756,0.000568527,-1.78755e-10,-5.17336e-12,-9.38913e-13,17.0061,395.947,400.537,4.2,0,492.176,11.4592,11.592,13.85,0,0.089325,2.07972,2.10383,11.15,0,282.368,281.003,100343.0,1.23865,1011.54,0.0232827,0.00570586,0.00886902,1150.16,1059.01,0.00716023,100.0,0.0,282.186,-0.868771,1.51242,0.153449,1.75092,3.08297e-14,-1.05112e-14,1.75092,3.31803,330.461,119.874,5.0278,-9999,0.193735,0.201972,-73.4341,-0.0607041,2.19924,0.035674,0,-9999.0,-9999.0,-9999.0,-9999.0,-9999.0,-9999.0,-9999.0,-0.0462874,1.00439,8.80643,1.01214,3.72557,1.05688,-4.39314,1.05402,0.0833143,1.05688,-0.007287,1.06126,800000009,800010009,800000009,800000009,800000009,800000009,800110019,800110019,80000,80000,80,81,0,0,0,0,0,0,0,0.194424,0.174711,0.0348084,0.0167151,28.2485,0.0437969,0.000249027,0.00702861,-0.102284,0.00193978,-0.000169661,16.4436,492.596
A20151990600.slt,2015-07-18,06:30,199.271,1,36000,36000,-0.0529211,5,16.4165,5,8.70876,5,-1.46929,5,0.194707,5,0.0119174,5,-0.855215,-0.385477,0.7182,-0.00861829,0.00304565,2.93828e-10,8.32049e-12,1.53881e-12,17.2852,402.072,406.702,4.05,0,489.475,11.3857,11.5168,9.1,0,0.0905246,2.1057,2.12995,4.55,0,282.022,280.753,100347.0,1.23984,1011.49,0.023261,0.012617,0.00882034,1142.83,1041.1,0.00711411,100.0,0.0,282.091,-0.712105,1.53975,0.149803,1.70305,-5.78311e-14,1.69988e-14,1.70305,3.15006,335.562,114.82,5.04637,-9999,0.2066,0.175721,-46.9764,-0.0948934,1.88505,0.0633613,0,66.6914,-10.1207,22.893,57.0068,86.939,121.933,182.678,-0.0526947,1.0043,16.7715,1.01189,8.31016,1.04797,-1.40574,1.04521,0.185794,1.04797,0.0113263,1.05219,800000009,800010009,800000009,800000009,800000009,800000009,800110019,800110019,80000,80000,80,80,0,0,0,0,0,0,0,0.189921,0.120183,0.0413374,0.0227428,4.95904,0.0431526,0.00011485,0.0133735,-0.0326989,0.00432177,0.000263461,16.7194,489.814
A20151990630.slt,2015-07-18,07:00,199.292,1,36000,36000,-0.025093,5,14.6977,1,8.57814,1,-1.21953,1,0.191827,1,0.00954793,1,0.774817,-0.446115,-0.702023,-0.00997618,-0.0038638,-1.27978e-11,-3.65133e-13,-6.69718e-14,17.0151,396.081,400.608,4.3,0,485.457,11.3006,11.4297,8.4,0,0.0890414,2.07272,2.09641,4.0,0,282.299,280.98,100354.0,1.23896,1011.45,0.0232782,0.0124304,0.00874793,1134.36,1057.33,0.00706069,100.0,0.0,281.981,-0.238397,1.26435,0.117914,1.29202,5.86068e-14,-7.52142e-16,1.29202,2.45522,349.896,100.678,5.23628,-9999,0.142314,0.15882,-17.1506,-0.259918,1.71339,0.0824137,0,-9999.0,-9999.0,-9999.0,-9999.0,-9999.0,-9999.0,-9999.0,-0.0250049,1.00352,15.1017,1.00985,8.40062,1.02113,-1.19668,1.01909,0.187858,1.02113,0.00932179,1.02426,800000009,800010009,800000009,800000009,800000009,800000009,800010019,801110019,80000,80000,80,81,0,0,0,0,0,0,0,0.0961242,0.193635,0.0278817,0.0415434,7.75222,0.0385816,0.0002138,0.012051,-0.0278565,0.00437299,0.000216994,16.4612,485.532
A20151990700.slt,2015-07-18,07:30,199.312,1,36000,36000,-0.0374855,5,19.0995,5,21.2734,5,0.911459,7,0.476047,5,0.0154555,5,2.43279,0.341813,-0.703284,0.00764895,-0.00372793,2.26476e-10,6.59921e-12,1.18493e-12,16.7177,390.065,394.55,12.55,0,487.131,11.366,11.4967,7.6,0,0.0874676,2.04084,2.0643,3.55,0,282.892,281.693,100375.0,1.23605,1011.5,0.0233325,0.0308479,0.00877811,1141.17,1109.85,0.00710174,100.0,0.0,282.069,0.139745,0.669898,0.12336,0.695348,1.28785e-14,1.35471e-14,0.695348,2.33242,13.2564,78.2167,10.2188,-9999,0.174146,0.209013,-24.1869,-0.184305,0.897812,0.0877214,0,-9999.0,-9999.0,-9999.0,-9999.0,-9999.0,-9999.0,-9999.0,-0.0373874,1.00262,20.2529,1.0074,20.7375,1.02584,0.889455,1.02474,0.464055,1.02584,0.0150413,1.02754,800000009,800010009,800000009,800000009,800000009,800000009,800000019,810110019,80000,80000,81,81,0,0,0,0,0,0,0,0.161144,0.220351,0.0365303,0.0445202,6.32512,0.0478896,0.000125561,0.0161988,0.0207532,0.0108276,0.000350951,16.1712,486.069
A20151990730.slt,2015-07-18,08:00,199.333,1,36000,36000,-0.0254764,5,37.5356,1,31.7273,1,-5.56714,1,0.710266,1,0.000917054,4,1.43048,0.440854,-0.352476,0.00986922,-0.000696587,9.35843e-11,2.76864e-12,4.92014e-13,16.5657,387.046,391.529,4.2,0,490.087,11.4505,11.5832,5.35,0,0.0870933,2.03487,2.05844,2.7,0,283.097,282.113,100388.0,1.23433,1011.56,0.0233642,0.0460253,0.00883137,1149.8,1141.83,0.00715479,100.0,0.0,282.181,0.419997,-0.570279,0.134469,0.720901,-1.58397e-13,5.64928e-15,0.720901,2.29547,145.374,306.371,10.7503,-9999,0.143666,0.216702,-6.91088,-0.645033,1.18307,0.20925,0,-9999.0,-9999.0,-9999.0,-9999.0,-9999.0,-9999.0,-9999.0,-0.025409,1.00265,39.1575,1.00749,29.8382,1.06331,-5.24151,1.06213,0.667975,1.06331,0.000860978,1.06513,800000009,800010009,800000009,800000009,800000009,800000009,800010019,811110019,80000,80000,81,81,0,0,0,0,0,0,0,0.142752,0.252285,0.0383674,0.0566883,5.42937,0.086543,0.00011898,0.0313612,-0.122464,0.0156067,2.01161e-05,16.6421,419.606
A20151990800.slt,2015-07-18,08:30,199.354,1,36000,36000,-0.024236,5,25.9474,1,24.6344,1,-4.89026,1,0.551638,1,-0.00222865,7,1.02072,-1.21295,-0.0467139,-0.0271617,0.000112471,-5.90456e-11,-1.71307e-12,-3.10897e-13,16.5321,386.646,391.032,4.1,0,479.642,11.2176,11.3449,5.45,0,0.0870478,2.03583,2.05893,10.45,0,283.234,282.413,100395.0,1.23321,1011.43,0.0233875,0.0357461,0.00864314,1126.49,1165.18,0.00700866,96.6799,38.6847,281.878,0.241873,-0.760226,0.110487,0.80539,-9.46149e-14,-3.57157e-15,0.80539,2.05002,167.225,287.649,7.88493,-9999,0.140188,0.144681,-9.28877,-0.479908,1.0533,0.148391,0,-9999.0,-9999.0,-9999.0,-9999.0,-9999.0,-9999.0,-9999.0,-0.0241693,1.00276,27.2609,1.00779,24.029,1.02519,-4.77618,1.02388,0.538081,1.02519,-0.0021698,1.02712,800000009,800010009,800000009,800000009,800000009,800010009,800110019,811110019,80000,80000,80,81,0,0,0,0,0,0,0,0.114568,0.143252,0.0315421,0.0378252,5.04676,0.0767279,0.000138366,0.0218558,-0.111703,0.0125844,-5.07463e-05,16.0222,479.01
A20151990830.slt,2015-07-18,09:00,199.375,1,36000,36000,-0.150753,5,61.8115,5,42.2824,5,-6.20477,5,0.947151,5,0.0174899,5,1.21198,-1.06162,-0.0854024,-0.023781,-0.00154419,8.89785e-10,2.53934e-11,4.66338e-12,16.4803,385.913,390.21,4.65,0,470.328,11.0135,11.1361,5.25,0,0.0863736,2.02258,2.0451,12.3,0,283.609,282.77,100397.0,1.23177,1011.33,0.0234166,0.0613754,0.00847531,1106.01,1193.48,0.00688057,92.6716,87.4624,281.607,-0.105509,-0.200847,0.140182,0.266688,9.46315e-14,5.39908e-14,0.266688,1.93414,221.028,242.286,31.7114,-9999,0.349837,0.330272,-60.5957,-0.0735655,1.46187,0.141834,0,74.1534,-11.2531,25.4545,63.3852,96.6664,135.576,203.118,-0.150408,1.00229,63.9708,1.0064,39.4274,1.07241,-5.78837,1.07194,0.883199,1.07241,0.0162991,1.07306,800000009,800010009,800000009,800000009,800000009,800010009,800000019,811110019,80000,80000,81,81,0,0,0,0,0,0,0,0.140844,0.428598,0.091102,0.0760921,4.52081,0.0546302,7.79069e-05,0.0513523,-0.135544,0.0206815,0.00038167,15.9691,468.444
A20151990900.slt,2015-07-18,09:30,199.396,1,36000,36000,-0.0833199,5,47.4123,5,40.1269,5,-5.12931,5,0.898978,5,-0.00267104,7,0.441564,0.844631,-0.101945,0.0189226,0.000119811,-5.25167e-10,-1.52433e-11,-2.76007e-12,16.4356,385.037,389.389,4.05,0,477.055,11.176,11.3023,5.2,0,0.086379,2.02361,2.04648,10.9,0,283.772,282.9,100398.0,1.23115,1011.42,0.0234271,0.0582538,0.00859654,1122.35,1203.94,0.00698253,93.223,81.5914,281.824,-0.377097,0.454711,0.153168,0.610266,1.28849e-13,-3.1953e-14,0.610266,2.32086,319.942,129.669,14.5359,-9999,0.260147,0.326712,-32.4859,-0.137221,1.18156,0.146362,0,67.6943,-10.2729,23.2373,57.8641,88.2463,123.767,185.425,-0.0831099,1.00253,49.4654,1.00713,37.4436,1.07166,-4.79113,1.07059,0.838864,1.07166,-0.00248897,1.07315,800000009,800000009,800000009,800000009,800000009,800000009,800000019,810100019,80000,80000,81,81,0,0,0,0,0,0,0,0.218419,0.371752,0.0632528,0.0713942,4.57994,0.0697456,7.01075e-05,0.0397246,-0.112242,0.0196521,-5.83093e-05,15.9444,473.066
A20151990930.slt,2015-07-18,10:00,199.417,1,36000,36000,-0.0435346,5,67.1455,1,75.2461,2,-7.44345,1,1.687,2,0.00975298,6,2.5857,-0.593814,-0.0491728,-0.0133132,-0.00111152,4.11167e-10,1.1825e-11,2.15308e-12,16.3728,384.614,388.915,4.3,0,470.877,11.0614,11.1851,4.65,1,0.0857365,2.01403,2.03656,11.25,0,284.177,283.663,100395.0,1.22785,1011.37,0.023491,0.109318,0.0084852,1110.8,1267.03,0.0069106,87.6698,156.228,281.671,-0.0919456,-0.436161,0.162872,0.474571,-2.45849e-13,2.51128e-14,0.474571,2.90518,182.284,258.096,20.0719,-9999,0.188297,0.218541,-8.69825,-0.512488,0.892345,0.287156,0,-9999.0,-9999.0,-9999.0,-9999.0,-9999.0,-9999.0,-9999.0,-0.0434304,1.0024,71.3791,1.00676,74.8563,1.00521,-7.41116,1.00436,1.67826,1.00521,0.00969261,1.00623,800000009,800000009,800000009,800000009,800000009,800010009,800010019,800110019,80000,80000,81,81,0,0,0,0,0,0,0,0.124798,0.240844,0.0714386,0.142979,5.10448,0.0827937,7.01441e-05,0.0574799,-0.174095,0.0394241,0.000227689,15.8902,466.437
A20151991000.slt,2015-07-18,10:30,199.437,1,36000,36000,-0.0843558,5,76.1829,5,58.5987,5,-6.86031,5,1.31417,5,-0.00158242,5,1.07149,-0.0580071,-0.0538199,-0.0013009,-0.00024132,3.52284e-11,1.01335e-12,1.84507e-13,16.335,384.15,388.442,4.4,0,469.881,11.0501,11.1736,4.9,0,0.0855536,2.01195,2.03444,8.35,0,284.452,283.98,100396.0,1.2265,1011.37,0.0235169,0.0851581,0.00846725,1109.69,1294.05,0.00690356,85.7537,184.354,281.656,0.0188197,-0.573178,0.151825,0.593243,4.73595e-14,2.15662e-15,0.593243,2.34499,177.914,271.881,14.8283,-9999,0.262254,0.255153,-20.7126,-0.21522,1.30008,0.234183,0,65.5915,-9.95377,22.5155,56.0667,85.5052,119.922,179.665,-0.0841447,1.00251,79.3837,1.00708,58.3,1.00512,-6.83281,1.00402,1.30747,1.00512,-0.00157242,1.00636,800000009,800000009,800000009,800000009,800000009,800000009,800000019,810110019,80000,80000,81,81,0,0,0,0,0,0,0,0.261768,0.178979,0.0695593,0.12974,4.93715,0.0736596,5.88255e-05,0.063996,-0.160686,0.0307477,-3.69785e-05,15.8579,464.684
A20151991030.slt,2015-07-18,11:00,199.458,1,36000,36000,-0.115541,5,66.4792,5,71.9051,5,-7.14906,5,1.61283,5,0.00370413,5,0.529862,-0.61839,-0.000235855,-0.0138705,-0.000584126,-2.07233e-10,-5.89658e-12,-1.08265e-12,16.3277,384.147,388.393,4.5,0,464.587,10.9305,11.0513,4.5,0,0.0853014,2.00692,2.0291,4.25,1,284.685,284.137,100407.0,1.22601,1011.3,0.0235274,0.104511,0.00837186,1097.79,1307.6,0.00682851,83.955,209.803,281.497,0.208855,0.436394,0.0898406,0.492069,-5.47384e-14,-1.26921e-14,0.492069,2.6546,38.8245,64.4246,10.5199,-9999,0.306987,0.461286,-38.0732,-0.117084,0.92454,0.174659,0,76.1781,-11.5603,26.1495,65.1159,99.3059,139.278,208.664,-0.115263,1.00241,70.2641,1.0068,67.2215,1.06967,-6.68968,1.06867,1.50778,1.06967,0.00345943,1.07073,800000009,800000009,800000009,800000009,800000009,800010009,800110019,810110019,80000,80000,81,81,0,0,0,2,0,0,0,0.454407,0.402592,0.0655744,0.151137,4.76972,0.0785204,5.86029e-05,0.0566704,-0.157391,0.035474,8.13913e-05,15.845,458.876
A20151991100.slt,2015-07-18,11:30,199.479,1,36000,36000,-0.117599,5,72.5954,5,74.2482,5,-7.30703,5,1.66606,5,-0.00229048,7,1.41852,-1.05181,0.00671866,-0.0236015,-0.00070445,-1.34743e-12,-3.7619e-14,-7.01702e-15,16.3081,384.206,388.371,4.2,0,455.307,10.7267,10.843,4.8,0,0.0849279,2.00083,2.02253,11.75,0,285.004,284.557,100420.0,1.22445,1011.2,0.0235592,0.10796,0.00820464,1077.46,1344.55,0.00670065,80.1354,267.089,281.222,0.775164,0.143947,0.101361,0.794905,1.47616e-13,-8.26233e-17,0.794905,3.60425,83.5074,10.5199,7.32589,-9999,0.309906,0.521114,-35.8717,-0.124269,0.977739,0.189192,0,73.3878,-11.1369,25.1917,62.7308,95.6684,134.176,201.021,-0.117277,1.00275,76.263,1.00775,66.7201,1.11283,-6.57699,1.111,1.49713,1.11283,-0.00205523,1.11447,800000009,800000009,800000009,800000009,800000009,800010009,800000019,800010019,80000,80000,81,81,0,0,0,0,0,0,0,0.604712,0.364178,0.0733375,0.140005,4.73593,0.0879461,8.20343e-05,0.0615936,-0.154948,0.0352712,-4.84195e-05,15.8346,448.277
A20151991130.slt,2015-07-18,12:00,199.5,1,36000,36000,-0.0898977,5,69.3813,5,63.651,5,-6.38443,5,1.42843,5,-0.00251857,5,0.393958,0.510567,-0.04674,0.0114579,-5.49225e-05,7.09096e-10,2.0001e-11,3.69577e-12,16.2875,383.802,388.002,4.35,0,459.41,10.8256,10.9441,4.95,0,0.0848896,2.00036,2.02225,8.7,0,285.253,284.673,100439.0,1.22415,1011.25,0.0235642,0.092562,0.00827857,1087.61,1354.97,0.00676274,80.2683,267.359,281.36,1.04459,-0.178425,0.111632,1.06558,1.81849e-13,4.35362e-14,1.06558,3.68035,104.011,350.307,6.01343,-9999,0.270993,0.664196,-25.0999,-0.1776,1.09003,0.20682,0,68.8863,-10.4538,23.6464,58.883,89.8003,125.946,188.69,-0.0896161,1.00314,72.433,1.00883,57.3025,1.11079,-5.76032,1.10835,1.28595,1.11079,-0.0022629,1.11298,800000009,800000009,800000009,800000009,800000009,800000009,800000019,800000019,80000,80000,80,81,0,0,0,0,0,0,0,0.561094,0.701632,0.0656656,0.156796,5.03985,0.0938583,6.20972e-05,0.0585117,-0.135738,0.0303025,-5.33234e-05,15.8075,451.855
A20151991200.slt,2015-07-18,12:30,199.521,1,36000,36000,-0.0768789,1,101.548,1,99.4562,1,-9.87165,1,2.23283,1,0.00340449,2,1.38241,0.601897,-0.0581762,0.0135128,0.000190749,3.39739e-10,9.69902e-12,1.7745e-12,16.2413,383.298,387.539,4.1,0,463.664,10.9426,11.0636,4.75,0,0.0848302,2.00201,2.02416,2.45,0,285.543,285.083,100431.0,1.22223,1011.32,0.0236002,0.144687,0.00835522,1099.26,1392.17,0.00683607,78.9601,292.912,281.517,0.934028,-0.540457,0.126763,1.08654,-1.84562e-13,2.09182e-14,1.08654,3.45863,118.551,329.945,6.69975,-9999,0.2508,0.461711,-13.5938,-0.327925,1.02103,0.327566,0,59.3989,-9.01401,20.3897,50.7733,77.4325,108.6,162.703,-0.0766355,1.00318,106.407,1.00892,90.3994,1.10019,-8.9935,1.09764,2.0295,1.10019,0.00308847,1.10232,800000009,800000009,800000009,800000009,800000009,800000009,800000019,800010019,80000,80000,81,81,0,0,0,0,0,0,0,0.432719,0.409242,0.0814612,0.239413,5.59687,0.130802,6.4645e-05,0.0860851,-0.212248,0.0478965,7.28884e-05,15.7715,454.915
A20151991230.slt,2015-07-18,13:00,199.542,1,36000,36000,-0.0504243,1,57.3523,1,53.62,1,-6.21301,1,1.20363,1,-0.00445493,2,-0.472338,1.11898,-0.0572226,0.0251181,0.000636643,3.78354e-11,1.103e-12,1.98418e-13,16.23,382.804,387.124,4.65,0,473.148,11.1597,11.2857,4.75,0,0.085114,2.00751,2.03017,9.1,0,285.52,284.943,100441.0,1.22285,1011.45,0.0235862,0.0779951,0.00852612,1121.2,1379.37,0.00697233,81.2832,258.175,281.808,0.810858,-0.568189,0.111175,0.996338,7.22702e-14,2.3312e-15,0.996338,3.94162,124.119,324.98,6.40661,-9999,0.203064,0.36116,-12.7769,-0.34889,1.06961,0.228349,0,52.7123,-7.99929,18.0944,45.0577,68.7158,96.3749,144.387,-0.0502717,1.00303,60.0002,1.00854,49.0143,1.09397,-5.69077,1.09177,1.10024,1.09397,-0.00406458,1.09604,800000009,800000009,800000009,800000009,800000009,800000009,800000019,810110019,80000,80000,81,81,0,0,0,0,0,0,0,0.349004,0.301322,0.0719929,0.103651,4.70235,0.0735896,6.18021e-05,0.0485106,-0.134223,0.0259505,-9.58678e-05,15.7518,465.535
A20151991300.slt,2015-07-18,13:30,199.562,1,36000,36000,-0.0789065,5,57.2995,5,63.5372,5,-6.17967,5,1.42654,5,0.00805404,6,0.75297,-0.505501,-0.00141868,-0.0113496,-0.000136468,-3.75336e-10,-1.08461e-11,-1.96726e-12,16.2184,382.791,387.073,4.45,0,468.665,11.0615,11.1853,5.05,0,0.085006,2.00633,2.02877,3.5,0,285.657,285.167,100451.0,1.22206,1011.4,0.0236022,0.0924399,0.00844534,1111.44,1399.85,0.00691072,79.3977,288.401,281.679,-0.221303,-0.324278,0.155419,0.422239,-4.02065e-13,-2.31426e-14,0.422239,2.72129,227.157,235.688,21.5974,-9999,0.254102,0.413602,-25.0597,-0.177885,0.901827,0.182443,0,64.7526,-9.82646,22.2275,55.3496,84.4116,118.388,177.368,-0.0787208,1.00236,60.6369,1.00664,58.739,1.08169,-5.71809,1.08072,1.31881,1.08169,0.00744012,1.08251,800000009,800000009,800000009,800000009,800000009,800000009,801100019,801110019,80000,80000,81,81,0,0,1,0,0,0,0,0.150298,0.60946,0.0674477,0.0917109,4.63847,0.0767401,6.2253e-05,0.0490593,-0.13496,0.031127,0.000175603,15.7525,460.484
A20151991330.slt,2015-07-18,14:00,199.583,1,36000,36000,-0.0570667,5,96.7296,1,94.195,2,-8.52222,1,2.1162,2,0.00414817,2,2.18635,0.294292,-0.0401438,0.0066116,-0.000202285,9.24871e-11,2.6889e-12,4.84771e-13,16.1654,382.443,386.743,4.45,0,469.981,11.1189,11.2439,4.55,0,0.084731,2.00458,2.02712,4.5,0,286.082,285.817,100442.0,1.21915,1011.44,0.0236581,0.13713,0.00846906,1117.11,1460.96,0.00694669,76.4637,343.857,281.754,-0.957451,0.0902158,0.126292,0.969949,-5.35879e-14,5.7213e-15,0.969949,3.26644,272.399,174.617,7.48146,-9999,0.216353,0.370041,-9.16254,-0.486519,1.02691,0.362575,0,55.1259,-8.36557,18.9229,47.1208,71.8622,100.788,150.998,-0.0568963,1.00299,101.331,1.00843,84.5441,1.11415,-7.6659,1.11171,1.89938,1.11415,0.00371721,1.11594,800000009,800000009,800000009,800000009,800000009,800000009,800000019,800000019,80000,80000,81,80,0,0,0,0,0,0,0,0.269418,0.397591,0.0730729,0.247461,5.06219,0.108157,6.7089e-05,0.0821758,-0.181361,0.0449358,8.79424e-05,15.716,458.614
A20151991400.slt,2015-07-18,14:30,199.604,1,36000,36000,-0.13003,5,99.3587,5,86.3816,5,-7.75081,5,1.94152,5,0.00171648,5,1.54472,-0.0260645,-0.0213453,-0.000585827,-0.000368775,1.15113e-09,3.34679e-11,6.02692e-12,16.1309,382.258,386.554,4.25,1,468.991,11.1138,11.2387,4.5,0,0.084456,2.00137,2.02387,12.0,0,286.435,286.277,100438.0,1.21714,1011.44,0.0236972,0.12581,0.00845122,1116.55,1505.62,0.0069435,74.1585,389.075,281.747,0.66873,-0.347659,0.105086,0.760992,3.21205e-14,7.13616e-14,0.760992,3.88657,116.823,332.531,7.93737,-9999,0.326851,0.809613,-30.755,-0.144944,1.15023,0.24693,0,69.2052,-10.5022,23.7559,59.1556,90.216,126.529,189.564,-0.129679,1.0027,103.668,1.00763,78.4439,1.10119,-7.05152,1.09917,1.76311,1.10119,0.00155697,1.10245,800000009,800000009,800000009,800000009,800000009,800010009,800000019,800000019,80000,80000,81,81,0,0,0,0,0,0,0,0.83442,0.690333,0.0944708,0.30679,5.13829,0.113053,6.23683e-05,0.0842094,-0.167102,0.0417808,3.68958e-05,15.6915,455.909
A20151991430.slt,2015-07-18,15:00,199.625,1,36000,36000,-0.071641,2,100.471,1,81.9014,1,-7.67341,1,1.84185,1,0.00499968,4,1.95462,0.795819,-0.0824415,0.0178969,-8.64733e-05,-4.01712e-10,-1.18655e-11,-2.1064e-12,16.0649,381.54,385.889,4.15,0,474.513,11.2696,11.3981,4.5,0,0.0842371,2.00062,2.02342,9.85,0,286.832,286.86,100420.0,1.21437,1011.55,0.0237499,0.119352,0.00855072,1131.99,1563.98,0.00704127,72.3793,431.981,281.95,0.606679,-0.796393,0.102367,1.00637,1.74893e-13,-2.50056e-14,1.00637,4.11995,140.984,307.3,5.83815,-9999,0.242888,0.665784,-12.4798,-0.357197,1.22673,0.336744,0,53.5991,-8.13388,18.3989,45.8157,69.8719,97.9963,146.816,-0.0714232,1.00305,104.574,1.00858,76.411,1.07185,-7.17732,1.06912,1.71838,1.07185,0.00465805,1.07334,800000009,800000009,800000009,800000009,800000009,800010009,800000019,800000019,80000,80000,81,81,0,0,0,0,0,0,0,0.626091,0.606688,0.0987895,0.285284,4.93462,0.113458,6.92249e-05,0.085131,-0.17046,0.0408113,0.000110628,15.6418,459.207
A20151991500.slt,2015-07-18,15:30,199.646,1,36000,36000,-0.150771,5,112.768,5,81.9351,5,-7.17141,5,1.8436,5,-0.0100427,6,1.88368,0.283135,-0.0321963,0.00637076,-0.000557939,2.81065e-10,8.34897e-12,1.47128e-12,16.0194,381.259,385.626,4.05,0,475.852,11.3252,11.4549,4.3,0,0.0838558,1.99575,2.01861,7.6,0,287.318,287.423,100406.0,1.2118,1011.59,0.0237998,0.119465,0.00857486,1137.42,1622.21,0.00707615,70.1156,484.787,282.021,0.945109,-1.13082,0.0961753,1.4769,1.72418e-13,1.75453e-14,1.4769,4.80501,149.762,309.888,3.73372,-9999,0.352731,1.06501,-34.0523,-0.130909,1.37631,0.2608,0,69.5749,-10.5583,23.8828,59.4716,90.6979,127.205,190.576,-0.150192,1.00386,116.639,1.01074,77.3441,1.05936,-6.79677,1.05512,1.74031,1.05936,-0.00946324,1.06123,800000009,800000009,800000009,800000009,800000009,800010009,800000019,800000019,80000,80000,80,81,0,0,0,0,0,0,0,1.01641,1.00519,0.108443,0.266333,4.85308,0.121088,7.59627e-05,0.0951507,-0.161762,0.041419,-0.000225224,15.6068,460.759
A20151991530.slt,2015-07-18,16:00,199.667,1,36000,36000,-0.116693,5,89.5652,5,84.541,5,-8.47964,5,1.90107,5,0.0115092,5,-2.15573,-0.672248,0.0318976,-0.0151168,-0.000569821,2.11791e-10,6.2136e-12,1.10509e-12,16.0655,381.537,385.856,4.15,0,471.334,11.1936,11.3203,4.7,0,0.0838272,1.99079,2.01333,4.4,0,287.237,286.78,100396.0,1.21446,1011.5,0.0237488,0.123189,0.00849343,1124.1,1555.86,0.00699357,72.2494,431.76,281.846,2.06611,-1.11895,0.0945256,2.35155,3.42823e-14,1.3183e-14,2.35155,5.14325,118.474,331.561,2.30375,-9999,0.309978,0.609371,-29.0943,-0.153217,1.05943,0.235211,0,66.815,-10.1394,22.9354,57.1125,87.1002,122.159,183.017,-0.116034,1.00568,93.1298,1.01545,76.5289,1.10469,-7.72202,1.09811,1.7209,1.10469,0.0103851,1.10824,800000009,800000009,800000009,800000009,800000009,800000009,800000019,800000019,80000,80000,80,81,0,0,0,0,0,0,0,0.655449,0.470794,0.0924981,0.184179,4.96857,0.115739,7.84573e-05,0.0758121,-0.183388,0.0408692,0.000246633,15.6194,457.176
A20151991600.slt,2015-07-18,16:30,199.687,1,36000,36000,-0.113285,5,60.4671,5,74.9815,5,-7.48508,5,1.68598,5,0.0165473,5,-0.256997,1.13396,-0.108895,0.0254975,0.00073682,2.46401e-10,7.39066e-12,1.29304e-12,16.031,380.589,384.984,4.4,0,480.84,11.4155,11.5473,4.4,0,0.0841256,1.9972,2.02027,4.1,0,287.334,286.703,100403.0,1.21477,1011.62,0.0237408,0.109251,0.00866473,1146.46,1548.11,0.00713281,74.0555,401.65,282.138,2.17363,-1.04891,0.0964014,2.4154,-7.26742e-14,1.53703e-14,2.4154,4.58315,114.872,334.24,2.28735,-9999,0.30538,0.501231,-41.2092,-0.108174,0.806428,0.161126,0,70.6424,-10.7203,24.2493,60.3841,92.0895,129.157,193.501,-0.112629,1.00583,63.8233,1.01581,67.6819,1.10785,-6.7959,1.10141,1.52184,1.10785,0.0148828,1.11184,800000009,800000009,800000009,800000009,800000009,800000009,800000019,800000019,80000,80000,80,80,0,0,0,0,0,0,0,0.497038,0.427332,0.0780929,0.126599,5.09333,0.11523,8.70224e-05,0.0519358,-0.16134,0.0361297,0.00035333,15.5756,467.191
A20151991630.slt,2015-07-18,17:00,199.708,1,36000,36000,-0.0829434,5,61.3632,5,80.3104,5,-8.0282,5,1.80585,5,0.0136425,5,0.100556,0.322348,-0.0113821,0.00724828,6.65599e-05,-9.48535e-11,-2.86153e-12,-4.98032e-13,16.0255,380.49,384.908,4.25,1,483.455,11.4786,11.6119,4.3,0,0.0841426,1.99778,2.02098,4.65,0,287.429,286.733,100405.0,1.21463,1011.66,0.0237429,0.117019,0.00871185,1152.82,1551.14,0.00717241,74.3207,398.321,282.22,1.89464,-0.886074,0.0817625,2.0932,1.33179e-13,-5.91891e-15,2.0932,4.01343,114.956,334.936,2.2386,-9999,0.261317,0.327588,-25.4446,-0.175194,0.764076,0.191101,0,64.2491,-9.75004,22.0546,54.9191,83.7551,117.468,175.988,-0.0825218,1.00511,65.1148,1.01399,72.5623,1.10678,-7.29015,1.10124,1.63163,1.10678,0.0122874,1.11028,800000009,800000009,800000009,800000009,800000009,800000009,800000019,800000019,80000,80000,80,80,0,0,0,0,0,0,0,0.313865,0.268771,0.0725392,0.112474,4.94564,0.103434,7.51039e-05,0.0529908,-0.173089,0.0387395,0.000291739,15.5653,469.294
A20151991700.slt,2015-07-18,17:30,199.729,1,36000,36000,-0.0748065,5,47.6233,5,65.5356,5,-6.64458,5,1.47379,5,0.00443093,5,0.379696,0.177518,0.005502,0.00399208,-0.000241926,-1.89265e-10,-5.72631e-12,-9.92574e-13,16.0196,380.538,384.97,4.2,0,484.681,11.5134,11.6475,4.65,1,0.0840125,1.99568,2.01892,4.55,0,287.44,286.847,100395.0,1.21402,1011.68,0.0237545,0.0955015,0.00873394,1156.2,1562.62,0.00719422,73.9909,406.423,282.263,1.45706,-0.900371,0.0751233,1.71445,-1.0357e-13,-1.18146e-14,1.71445,4.29672,121.789,328.287,2.51137,-9999,0.248231,0.502743,-28.1013,-0.158631,0.726678,0.156205,0,68.2146,-10.3518,23.4159,58.3089,88.9247,124.718,186.85,-0.0744848,1.00432,50.8309,1.01195,59.6266,1.0991,-6.07062,1.09455,1.3409,1.0991,0.00402114,1.10191,800000009,800000009,800000009,800000009,800000009,800000009,800000019,800100019,80000,80000,80,80,0,0,0,0,0,0,0,0.601428,0.347661,0.0563982,0.0872228,4.94324,0.108781,7.37859e-05,0.0413865,-0.144205,0.0318525,9.55201e-05,15.5671,470.265
A20151991730.slt,2015-07-18,18:00,199.75,1,36000,36000,-0.0684952,1,41.3957,1,60.8076,1,-5.85307,1,1.36757,1,0.00185749,4,0.267946,0.0696086,-0.0396129,0.0015655,-5.38046e-05,-1.31112e-10,-3.97514e-12,-6.88058e-13,16.0006,380.193,384.626,4.35,0,485.118,11.527,11.6614,4.7,0,0.0839691,1.99521,2.01848,4.25,1,287.6,286.927,100395.0,1.21367,1011.69,0.0237612,0.0886185,0.00874182,1157.56,1570.77,0.00720278,73.694,413.207,282.281,1.20086,0.0661928,0.0777281,1.20519,-3.15567e-14,-8.19418e-15,1.20519,4.1911,87.4134,3.15502,3.69783,-9999,0.237563,0.420212,-28.3375,-0.157309,0.680764,0.141914,0,62.6572,-9.50847,21.5082,53.5584,81.68,114.557,171.628,-0.068265,1.00337,44.4511,1.00945,54.534,1.11504,-5.26468,1.11176,1.22647,1.11504,0.0016629,1.11702,800000009,800000009,800000009,800000009,800000009,800000009,800000019,801100019,80000,80000,80,80,0,0,0,0,0,0,0,0.443966,0.332515,0.0639422,0.0692179,4.71763,0.0936097,7.09452e-05,0.0362021,-0.125095,0.0291425,3.95125e-05,15.539,470.628
A20151991800.slt,2015-07-18,18:30,199.771,1,36000,36000,-0.0420828,5,20.4192,5,27.0256,5,-2.18826,5,0.6078,5,0.00172829,7,-0.0558263,0.499225,-0.0192981,0.0112274,-0.000205464,-4.83645e-11,-1.47945e-12,-2.53696e-13,15.9944,380.025,384.494,4.35,0,489.262,11.6248,11.7615,5.2,0,0.0838986,1.99342,2.01686,4.65,0,287.575,286.91,100395.0,1.2137,1011.74,0.0237598,0.0393854,0.0088165,1167.38,1569.07,0.00726416,74.3998,401.685,282.406,0.809126,-0.102066,0.10081,0.821745,1.47453e-13,-3.02384e-15,0.821745,2.52986,98.2689,352.81,7.0467,-9999,0.186208,0.28458,-27.6654,-0.161131,0.755549,0.0893019,0,-9999.0,-9999.0,-9999.0,-9999.0,-9999.0,-9999.0,-9999.0,-0.041966,1.00278,21.8015,1.00785,24.2877,1.11273,-1.97045,1.11054,0.546223,1.11273,0.00155126,1.11412,800000009,800010009,800000009,800000009,800000009,800000009,800010019,801110019,80000,80000,81,81,0,0,0,0,0,0,0,0.227046,0.306941,0.0351735,0.0405579,4.17507,0.0955861,9.02891e-05,0.0177544,-0.0468176,0.0129782,3.68578e-05,15.5386,472.815
A20151991830.slt,2015-07-18,19:00,199.792,1,36000,36000,-0.047188,5,19.1696,5,55.5758,5,-4.74099,5,1.24958,5,0.0292417,5,-0.860496,0.199138,0.0135378,0.00447746,0.00111118,3.44362e-11,1.05659e-12,1.81455e-13,16.0137,380.143,384.629,4.4,0,491.341,11.6638,11.8014,4.55,0,0.0843811,2.00309,2.02673,4.2,0,287.525,286.653,100395.0,1.21477,1011.76,0.0237386,0.0809725,0.00885397,1171.3,1543.08,0.00728862,75.9065,371.782,282.456,1.39946,-0.554103,0.0950214,1.50816,-4.60357e-14,2.15042e-15,1.50816,3.42435,111.771,338.399,3.6123,-9999,0.197092,0.166108,-34.9444,-0.127567,0.344927,0.079136,0,-9999.0,-9999.0,-9999.0,-9999.0,-9999.0,-9999.0,-9999.0,-0.0470039,1.00392,22.0615,1.0109,50.1832,1.10746,-4.29583,1.10362,1.12833,1.10746,0.0263402,1.11016,800000009,800010009,800000009,800000009,800000009,800000009,800010019,800110019,80000,80000,80,80,0,0,0,0,0,0,0,0.167888,0.126188,0.0381405,0.0218298,4.49169,0.0920097,0.000118982,0.01795,-0.101977,0.0267849,0.00062528,15.5413,478.182
A20151991900.slt,2015-07-18,19:30,199.812,1,36000,36000,-0.0340001,5,12.5344,5,35.7278,5,-2.84571,5,0.803297,5,0.00934222,5,-0.0558796,0.0195052,0.00599165,0.000438551,-5.75646e-05,1.38065e-10,4.23699e-12,7.27225e-13,16.0168,380.195,384.683,4.1,0,491.531,11.6676,11.8053,4.7,0,0.0843649,2.00259,2.02623,4.65,0,287.533,286.637,100395.0,1.21484,1011.75,0.0237372,0.0520537,0.00885738,1171.68,1541.4,0.00729101,76.0138,369.724,282.461,1.02137,-0.412671,0.118351,1.10792,4.18605e-14,8.61999e-15,1.10792,2.48459,112.324,337.999,6.13217,-9999,0.167294,0.144436,-32.6828,-0.136394,0.350831,0.0609579,0,-9999.0,-9999.0,-9999.0,-9999.0,-9999.0,-9999.0,-9999.0,-0.0338913,1.00321,14.4181,1.00901,32.307,1.10588,-2.57979,1.10308,0.726385,1.10588,0.00843257,1.10787,800000009,800010009,800000009,800000009,800000009,800000009,800110019,811110019,80000,80000,80,81,0,0,0,0,0,0,0,0.130998,0.133297,0.0245781,0.0165356,4.27952,0.0785137,0.000105436,0.0117304,-0.061237,0.0172424,0.000200166,15.5429,478.553
A20151991930.slt,2015-07-18,20:00,199.833,1,36000,36000,-0.0368236,5,22.467,2,51.7813,2,-4.44845,2,1.16441,2,0.0156937,2,0.50274,0.399726,-0.0140335,0.00898866,-0.000344407,-3.19557e-11,-9.87566e-13,-1.68122e-13,16.0058,380.072,384.59,4.5,0,494.646,11.7458,11.8854,4.75,0,0.0842077,1.99959,2.02336,4.9,0,287.603,286.787,100411.0,1.21435,1011.81,0.0237459,0.0754536,0.00891351,1179.72,1556.53,0.00734013,75.7917,376.811,282.562,0.904921,-0.428022,0.119273,1.00812,1.72182e-14,-1.99651e-15,1.00812,2.21045,115.724,334.686,6.79468,-9999,0.174137,0.11245,-20.5669,-0.216744,0.433882,0.105005,0,-9999.0,-9999.0,-9999.0,-9999.0,-9999.0,-9999.0,-9999.0,-0.0367115,1.00305,25.1938,1.00859,46.9546,1.1028,-4.04319,1.10023,1.05587,1.1028,0.0142078,1.10459,800000009,800010009,800000009,800000009,800000009,800000009,801110019,811110019,80000,80000,80,80,0,0,0,0,0,0,0,0.124649,0.068273,0.031978,0.0321686,4.53128,0.0916382,7.8294e-05,0.0205046,-0.0960092,0.0250726,0.000337377,15.5359,480.726
A20151992000.slt,2015-07-18,20:30,199.854,1,36000,36000,-0.0477857,5,12.319,5,-13.0775,7,-0.537072,7,-0.294101,7,-0.017218,6,0.335048,0.271828,0.0136146,0.0061132,0.000217074,1.22296e-09,3.79539e-11,6.43814e-12,16.0053,380.191,384.731,3.95,0,496.716,11.7991,11.9399,46.65,0,0.0842582,2.00148,2.02538,2.3,0,287.599,286.887,100411.0,1.21391,1011.84,0.0237541,-0.0190578,0.00895082,1185.07,1566.69,0.00737354,75.6418,381.618,282.63,-0.172719,-0.337322,0.109763,0.394545,-8.11806e-14,7.64096e-14,0.394545,1.49442,192.166,242.886,16.1528,-9999,0.198407,0.120818,-55.4804,-0.0803481,-0.942004,0.0505501,0,-9999.0,-9999.0,-9999.0,-9999.0,-9999.0,-9999.0,-9999.0,-0.0476741,1.00234,11.5133,1.00658,-12.7762,1.02358,-0.52518,1.02264,-0.287327,1.02358,-0.0168107,1.02423,800000009,800010009,800000009,800000009,800000009,800000009,811110019,811110019,80000,80000,81,81,0,0,0,85,0,0,0,0.103759,0.101588,0.0362895,0.01035,3.94495,0.0687441,8.23484e-05,0.00937352,-0.0124752,-0.0068252,-0.000399324,15.5378,482.735
A20151992030.slt,2015-07-18,21:00,199.875,1,36000,36000,-0.0206834,5,3.50752,5,19.8416,5,-0.490368,5,0.446136,5,-0.0384643,7,-0.670668,0.801375,0.00678375,0.0180188,0.00276089,-2.88921e-11,-9.08429e-13,-1.53902e-13,16.021,380.25,384.851,8.15,0,503.734,11.9558,12.1005,4.9,0,0.0853403,2.0255,2.05001,4.25,1,287.507,286.687,100424.0,1.21485,1011.92,0.0237344,0.0289096,0.00907729,1200.98,1546.43,0.00747197,77.6613,345.453,282.828,-0.403493,-0.416049,0.126272,0.593168,-6.49269e-14,-1.80339e-15,0.593168,1.37146,220.531,225.878,12.291,-9999,0.130481,0.0655705,-55.4297,-0.0804217,0.176776,0.0218667,0,-9999.0,-9999.0,-9999.0,-9999.0,-9999.0,-9999.0,-9999.0,-0.0206316,1.00251,4.61246,1.00708,18.497,1.07269,-0.457735,1.07129,0.415903,1.07269,-0.0358211,1.07379,800000009,800010009,800000009,800000009,800000009,800000009,811110019,811110019,80000,80000,80,81,0,0,2,0,0,0,130,0.0645378,0.0566816,0.0099214,0.00440966,3.87235,0.0964792,0.000997814,0.00375201,-0.0108641,0.00987122,-0.000850192,15.5519,491.071
A20151992100.slt,2015-07-18,21:30,199.896,1,36000,36000,-0.00406383,5,-1.61807,5,7.07259,5,-0.0738769,5,0.158965,5,0.0692939,5,-1.34364,1.79472,-0.00940159,0.0403386,0.014371,1.1668e-11,3.777e-13,6.59976e-14,16.0442,380.168,384.905,8.1,0,519.36,12.3062,12.4596,4.8,0,0.0907506,2.15034,2.17713,4.35,0,287.35,286.287,100451.0,1.2167,1012.11,0.023695,0.010301,0.00935887,1236.51,1506.61,0.00769198,82.0723,270.1,283.263,-0.563443,-0.413888,0.125487,0.710294,-2.54005e-14,7.27242e-16,0.710294,1.0173,231.989,216.3,10.1758,-9999,0.057793,0.0261529,10.4431,0.426859,-0.22878,-0.0227357,0,-9999.0,-9999.0,-9999.0,-9999.0,-9999.0,-9999.0,-9999.0,-0.0040194,1.01105,-1.25979,1.02395,5.41626,1.30581,-0.0569637,1.29691,0.121737,1.30581,0.0527154,1.31449,800000009,801110009,800000009,800000009,800000009,800000009,811110019,811110019,80000,80000,80,81,0,0,1,0,0,0,0,0.0179565,0.0327972,0.00155201,0.00317217,3.85239,0.0734844,0.00472541,-0.00102302,-0.00134976,0.00288457,0.00124909,15.5571,506.134
A20151992130.slt,2015-07-18,22:00,199.917,1,36000,36000,-0.00255768,5,0.660996,6,3.04767,5,-0.0989126,5,0.0684789,5,0.0306345,6,-1.08746,0.187728,0.136431,0.00421811,0.00881828,9.45589e-11,3.06048e-12,5.5216e-13,16.1142,381.352,386.118,6.65,0,521.55,12.3428,12.4971,16.95,0,0.094096,2.22684,2.25467,4.25,1,287.128,285.963,100462.0,1.2182,1012.12,0.0236657,0.00443743,0.00939834,1240.32,1475.07,0.00771496,84.0852,234.755,283.309,-0.283197,-0.705426,0.125883,0.770501,2.61966e-14,5.86805e-15,0.770501,1.12468,202.9,248.127,9.40303,-9999,0.045821,0.0147537,-12.7418,-0.349852,0.216886,0.0116999,0,-9999.0,-9999.0,-9999.0,-9999.0,-9999.0,-9999.0,-9999.0,-0.00255075,1.00272,0.834478,1.00766,2.91992,1.04375,-0.0949056,1.04222,0.0656084,1.04375,0.0293049,1.04537,800000009,811110009,800000009,800000009,800000009,810000019,811110019,811110019,80000,80000,80,81,0,0,0,0,0,0,0,0.0161704,0.0124894,0.000847712,0.0112523,4.46114,0.0794749,0.0163999,0.000676804,-0.002246,0.00155267,0.000693519,15.6185,509.165
A20151992200.slt,2015-07-18,22:30,199.937,1,36000,36000,-0.00433923,5,0.208119,7,-9.07708,6,-0.335971,7,-0.203873,6,-0.154074,6,-1.42591,-0.67638,-0.0012359,-0.0151916,0.00494485,1.62681e-10,5.20935e-12,9.68252e-13,16.1382,381.341,386.056,5.75,0,516.775,12.2112,12.3622,7.3,0,0.096052,2.26968,2.29774,6.1,0,286.94,285.54,100466.0,1.22011,1012.05,0.0236297,-0.0132109,0.00931229,1227.14,1434.67,0.00763232,85.535,207.525,283.15,-0.297291,-0.81157,0.128812,0.873854,-5.25906e-14,1.00805e-14,0.873854,1.26949,201.054,249.881,8.47668,-9999,0.0596358,0.0178365,-89.2167,-0.0499654,-0.0229279,0.00282621,0,-9999.0,-9999.0,-9999.0,-9999.0,-9999.0,-9999.0,-9999.0,-0.00431362,1.00594,-0.303546,1.01374,-8.46926,1.07177,-0.314517,1.06821,-0.190221,1.07177,-0.143226,1.07574,800000009,811110009,800000009,800000009,800000009,800000009,811110019,811110019,80000,80000,80,81,0,0,8,1,0,0,0,0.0244494,0.0103869,0.000836725,0.00549582,5.04133,0.0884337,0.036655,-0.000245825,-0.00743193,-0.00449486,-0.00338438,15.6169,504.55
A20151992230.slt,2015-07-18,23:00,199.958,1,36000,36000,-0.00748538,6,3.17121,6,-2.32179,5,-0.639578,5,-0.0521318,5,0.0233484,7,-1.06773,-0.105472,0.154807,-0.00236821,0.00419956,7.56583e-11,2.41019e-12,4.55915e-13,16.2119,382.681,387.404,5.9,0,516.45,12.1907,12.3412,4.65,1,0.0976924,2.30602,2.33448,4.25,1,286.598,285.223,100460.0,1.2214,1012.03,0.0236049,-0.00337814,0.00930643,1225.01,1405.08,0.00761946,87.1843,180.072,283.124,-0.621257,-0.864699,0.137717,1.07361,5.11792e-15,4.66684e-15,1.07361,1.57302,216.04,234.304,7.3699,-9999,0.0782848,0.0309189,-13.244,-0.336586,-1.36585,0.0327716,0,-9999.0,-9999.0,-9999.0,-9999.0,-9999.0,-9999.0,-9999.0,-0.00746184,1.00316,3.02481,1.00886,-2.17691,1.06655,-0.600828,1.06449,-0.0488788,1.06655,0.0218418,1.06898,800000009,811110009,800000009,800000009,800000009,800000009,811110019,811110019,80000,80000,80,81,0,0,2,0,0,0,0,0.0510638,0.0096387,0.00113503,0.0164932,6.87908,0.066721,0.0403275,0.00244707,-0.0141825,-0.00115378,0.000515573,15.6765,504.616
A20151992300.slt,2015-07-18,23:30,199.979,1,36000,36000,-0.00304913,5,4.05396,5,-4.60305,6,-5.50053,6,-0.103311,6,-0.259087,5,-1.46335,1.25484,1.48732,0.0281637,0.0375174,-4.50946e-12,-1.41761e-13,-2.99868e-14,16.7815,395.532,400.512,9.55,0,527.55,12.4341,12.5906,14.15,0,0.111593,2.63019,2.66331,7.8,0,286.337,284.79,100458.0,1.22312,1012.16,0.0235695,-0.00669454,0.00950646,1249.44,1365.47,0.00777227,91.5027,116.028,283.419,-1.07446,-0.865186,0.137571,1.38634,-8.85935e-14,-2.68716e-16,1.38634,1.77778,230.808,218.842,5.69501,-9999,0.049929,0.0241965,-2.68782,-1.6585,-0.880712,0.0655858,0,-9999.0,-9999.0,-9999.0,-9999.0,-9999.0,-9999.0,-9999.0,-0.00303792,1.00369,3.77477,1.0103,-4.22942,1.08834,-5.06584,1.08581,-0.0949253,1.08834,-0.237321,1.09171,800000009,810110009,800000009,800000009,800000009,810000009,811110019,811110019,80000,80000,80,80,0,0,0,0,0,0,0,0.0257391,0.0214488,0.00120514,0.0649679,108.937,0.0766282,0.171548,0.0030491,-0.119399,-0.00223734,-0.00559355,16.1436,518.596
A20151992330.slt,2015-07-19,00:00,200.0,0,36000,36000,-0.00198525,5,-1.66725,5,2.90583,5,2.73794,5,0.0652013,5,0.0276623,5,-0.935304,1.05672,1.0735,0.0237108,-0.00979046,-1.42206e-10,-4.44002e-12,-8.94304e-13,17.1927,404.798,409.98,4.75,0,536.796,12.6388,12.8005,4.5,0,0.108121,2.54568,2.57827,4.65,0,286.042,284.513,100466.0,1.22431,1012.27,0.0235448,0.00422505,0.00967306,1270.1,1340.69,0.00790081,94.7348,70.5903,283.664,-1.08424,-0.548807,0.157041,1.22532,-3.44249e-14,-8.27133e-15,1.22532,1.50768,243.076,206.847,7.36344,-9999,0.0402681,0.0132761,3.4288,1.30009,-0.573761,-0.0334082,0,-9999.0,-9999.0,-9999.0,-9999.0,-9999.0,-9999.0,-9999.0,-0.00192406,1.0318,-1.47815,1.06607,1.53632,1.89142,1.47857,1.85175,0.0344721,1.89142,0.0142006,1.94796,800000009,811110009,800000009,800000009,800000009,800000009,811110019,811110019,80000,80000,80,80,0,0,0,0,0,0,0,0.00822567,0.0174663,0.000860073,0.0213458,35.918,0.0412525,0.0486639,-0.0011927,0.0348125,0.000811638,0.00033435,16.5678,528.428
A20152000000.slt,2015-07-19,00:30,200.021,0,36000,36000,-0.00408334,5,-5.10382,6,-1.04213,7,5.73437,5,-0.0233824,7,0.152644,5,-0.157811,0.620369,-0.249399,0.0139193,-0.0208495,1.54927e-11,4.90924e-13,9.10276e-14,17.1062,402.646,407.85,4.25,1,542.053,12.7589,12.9238,15.45,0,0.100508,2.36577,2.39635,4.4,0,285.985,284.467,100478.0,1.22461,1012.33,0.023538,-0.00151518,0.00976779,1282.33,1336.55,0.00797626,95.9431,54.223,283.808,-1.01845,-0.6036,0.155596,1.19406,-7.52103e-15,9.05675e-16,1.19406,1.51463,239.483,210.654,7.48738,-9999,0.0577443,0.0149575,3.30323,1.34951,4.89749,-0.0712961,0,-9999.0,-9999.0,-9999.0,-9999.0,-9999.0,-9999.0,-9999.0,-0.00394954,1.03388,-4.82099,1.07021,-0.542258,1.92183,3.04893,1.88078,-0.0121667,1.92183,0.0770317,1.98157,800000009,800110009,800000009,800000009,800000009,800000009,811110019,811110019,80000,80000,80,80,0,0,0,0,0,0,0,0.0185464,0.00962704,0.00174159,0.0463554,45.4163,0.0403331,0.0362377,-0.0038888,0.0717658,-0.00028638,0.00181318,16.4875,534.426
A20152000030.slt,2015-07-19,01:00,200.042,0,36000,36000,-0.000873947,5,0.621274,5,1.61041,5,-1.06416,6,0.0361236,5,-0.0299846,7,-0.902736,0.764276,-0.283086,0.0171437,-0.013598,-5.69949e-11,-1.83808e-12,-3.20225e-13,17.0203,400.206,405.439,5.65,0,548.904,12.9066,13.0754,8.95,0,0.0956284,2.24856,2.27796,2.4,0,285.799,284.2,100489.0,1.22582,1012.41,0.0235135,0.00234081,0.00989125,1297.32,1313.11,0.0080691,98.7974,15.7918,283.983,-0.661508,-0.385662,0.149815,0.780239,2.92256e-14,-3.34864e-15,0.780239,1.02767,239.825,210.242,11.0702,-9999,0.0267012,0.00770464,-2.68321,-1.66135,0.385786,0.0187487,0,-9999.0,-9999.0,-9999.0,-9999.0,-9999.0,-9999.0,-9999.0,-0.000871569,1.00273,0.706981,1.0077,1.46765,1.09727,-0.971004,1.09594,0.0329214,1.09727,-0.0272763,1.09929,800000009,811110009,800000009,800000009,800000009,801000009,811110019,811110019,80000,80000,80,80,0,0,0,0,0,0,0,0.00427644,0.0103867,0.000746109,0.0102901,13.542,0.0516071,0.00925417,0.000569672,-0.0228317,0.000774097,-0.000641362,16.4169,542.733
A20152000100.slt,2015-07-19,01:30,200.062,0,36000,36000,-0.00485902,5,-2.02394,6,-3.01372,6,1.23308,5,-0.0675907,6,0.0178054,5,-0.575844,0.382986,-0.338247,0.0085895,-0.0145041,-1.84064e-10,-6.01388e-12,-9.8386e-13,16.9065,397.292,402.517,4.2,0,552.381,12.9806,13.1514,49.2,0,0.0903685,2.12361,2.15154,3.8,0,285.565,284.03,100489.0,1.22652,1012.45,0.0234994,-0.00437988,0.00995391,1304.76,1298.36,0.00811559,100.0,0.0,284.069,-0.64248,-0.280795,0.14989,0.717003,-9.94847e-14,-1.08872e-14,0.717003,0.975756,248.088,203.608,12.0667,-9999,0.0629416,0.0256285,10.7887,0.413188,0.671577,-0.0258948,0,-9999.0,-9999.0,-9999.0,-9999.0,-9999.0,-9999.0,-9999.0,-0.00479677,1.01298,-2.10327,1.02784,-2.10501,1.43169,0.866788,1.42258,-0.0472105,1.43169,0.0123165,1.44566,800000009,811110009,800000009,800000009,800000009,801001019,811110019,811110019,80000,80000,80,81,0,0,11,0,21,0,19,0.0191859,0.0310782,0.000993019,0.0289065,8.97182,0.0426786,0.00160581,-0.00169375,0.020369,-0.00110942,0.00028943,16.3301,547.661
A20152000130.slt,2015-07-19,02:00,200.083,1,36000,36000,-0.00716135,5,-11.4319,6,-31.7311,6,0.505649,6,-0.711442,6,0.221921,6,-1.06261,2.90276,2.11698,0.0650826,0.0341716,3.97946e-10,1.29683e-11,2.31547e-12,17.7011,415.509,421.213,4.25,1,576.847,13.5407,13.7266,20.9,0,0.102995,2.41767,2.45085,12.15,0,285.403,283.717,100488.0,1.2276,1012.75,0.0234737,-0.0461014,0.0103948,1361.04,1271.55,0.00846755,100.0,0.0,284.706,-0.126291,0.188589,0.125896,0.259547,-4.95222e-15,2.24814e-14,0.259547,0.576021,328.385,123.809,29.0163,-9999,0.076378,0.0151487,3.41328,1.306,0.360275,-0.120391,0,-9999.0,-9999.0,-9999.0,-9999.0,-9999.0,-9999.0,-9999.0,-0.00698017,1.02596,-12.1635,1.0537,-21.1837,1.4979,0.339191,1.49075,-0.474959,1.4979,0.147077,1.50887,800000009,810110009,800000009,800000009,800000009,800000009,811110019,811110019,80000,80000,81,81,0,0,0,0,0,0,0,0.00987839,0.0158667,0.00455231,0.0546433,80.7117,0.120913,0.0197563,-0.00978358,0.00796206,-0.011149,0.00345244,17.0726,569.384
A20152000200.slt,2015-07-19,02:30,200.104,1,36000,36000,-0.0405957,5,0.424898,8,25.5509,6,-7.02925,6,0.57295,6,0.0624831,5,0.463267,-0.689546,-0.0466462,-0.0154623,-0.0152194,4.14067e-10,1.3374e-11,2.2809e-12,17.6762,415.108,420.749,10.05,0,570.924,13.4076,13.5898,48.5,0,0.0973701,2.28664,2.31772,4.4,0,285.499,283.853,100492.0,1.22712,1012.68,0.023484,0.0371272,0.010288,1347.72,1283.18,0.00838388,100.0,0.0,284.557,-0.66253,1.19371,0.1457,1.37299,1.87176e-14,2.34251e-14,1.37299,2.45334,328.722,119.031,6.0916,-9999,0.181885,0.164932,-1240.21,-0.00359437,0.0166295,0.00187988,0,-9999.0,-9999.0,-9999.0,-9999.0,-9999.0,-9999.0,-9999.0,-0.0404474,1.00367,1.84977,1.01023,23.8541,1.07113,-6.5764,1.06886,0.534902,1.07113,0.0581445,1.07462,800000009,800010009,800000009,800000009,800000009,800100009,810010019,810110019,80000,80000,80,81,0,0,61,0,0,0,0,0.282271,0.0382003,0.00939151,0.0271887,25.1772,0.114453,0.00397121,0.00148853,-0.15444,0.0125616,0.00136547,17.0056,567.537
A20152000230.slt,2015-07-19,03:00,200.125,1,36000,36000,-0.0166774,5,-7.07879,5,7.08566,6,-5.4317,7,0.158902,6,-0.037615,7,0.305024,0.33464,-1.34744,0.00750458,-0.0175693,-2.18202e-11,-7.28532e-13,-1.15473e-13,17.1788,403.505,409.016,10.1,0,573.566,13.4722,13.6562,36.4,0,0.0909106,2.13535,2.16452,10.05,0,285.624,283.943,100505.0,1.22686,1012.72,0.0234885,0.0102968,0.0103357,1354.38,1290.89,0.00842449,100.0,0.0,284.632,-1.12921,0.965025,0.184347,1.49679,7.23675e-14,-1.27018e-15,1.49679,2.4598,311.122,139.483,7.07464,-9999,0.116592,0.0842884,19.6102,0.227318,-0.999031,-0.0488662,0,-9999.0,-9999.0,-9999.0,-9999.0,-9999.0,-9999.0,-9999.0,-0.0164832,1.01178,-6.58483,1.02599,5.75241,1.23177,-4.44688,1.22146,0.129002,1.23177,-0.0301502,1.24759,800000009,800010009,800000009,800000009,800000009,800000009,801110019,811110019,80000,80000,80,80,0,0,3,0,0,0,51,0.101934,0.0551071,0.0115358,0.0301929,53.0517,0.0508295,0.00216072,-0.00529983,-0.104451,0.00303008,-0.000708182,16.1672,746.359
A20152000300.slt,2015-07-19,03:30,200.146,1,36000,36000,-0.0152246,5,-5.71941,5,-3.23995,5,1.93716,5,-0.0726519,5,0.00984926,5,-0.316429,0.692642,-0.731311,0.0155317,-0.0047356,4.03799e-11,1.38316e-12,2.12933e-13,16.9163,397.21,402.689,4.45,0,579.444,13.6059,13.7936,36.0,0,0.0892038,2.09459,2.12348,4.5,0,285.475,283.85,100504.0,1.22719,1012.79,0.0234809,-0.00470784,0.0104416,1367.81,1282.89,0.00850853,100.0,0.0,284.781,-0.709429,1.45524,0.156555,1.6265,2.13577e-14,2.38704e-15,1.6265,2.54136,333.9,115.989,5.52342,-9999,0.111382,0.0478991,21.1612,0.210657,1.76528,-0.0413147,0,-9999.0,-9999.0,-9999.0,-9999.0,-9999.0,-9999.0,-9999.0,-0.0150378,1.01242,-5.76199,1.02738,-2.85352,1.13542,1.7218,1.12508,-0.0639869,1.13542,0.00855494,1.15129,800000009,800010009,800000009,800000009,800000009,800000009,800100019,801110019,80000,80000,80,80,0,0,0,0,0,0,0,0.0473841,0.0362586,0.0121555,0.0171875,4.77619,0.0421604,0.000110311,-0.00463598,0.0404295,-0.00150247,0.000200878,17.2732,526.781
A20152000330.slt,2015-07-19,04:00,200.167,1,36000,36000,-0.0142866,5,-7.11794,5,1.21451,5,1.40688,5,0.0272317,5,0.00990651,5,-0.271301,0.0312978,-0.118907,0.000701762,-0.00100289,-2.61044e-11,-8.96883e-13,-1.37443e-13,16.8774,396.187,401.654,4.7,0,579.865,13.6119,13.7998,16.0,0,0.0888613,2.08596,2.11475,4.0,0,285.43,283.77,100504.0,1.22753,1012.79,0.0234743,0.00176462,0.0104492,1368.42,1276.07,0.00851233,100.0,0.0,284.788,-1.11591,1.17237,0.194288,1.63017,-4.04997e-14,-1.54671e-15,1.63017,2.73251,316.334,133.586,6.84496,-9999,0.107882,0.0519927,15.45,0.288528,-5.86076,-0.0530708,0,-9999.0,-9999.0,-9999.0,-9999.0,-9999.0,-9999.0,-9999.0,-0.0140835,1.01442,-6.87302,1.03141,0.973947,1.247,1.14059,1.23346,0.0218379,1.247,0.00781424,1.26775,800000009,800010009,800000009,800000009,800000009,800000009,800110019,811110019,80000,80000,80,80,0,0,1,0,0,0,0,0.0422204,0.0500793,0.011686,0.0145617,4.37437,0.0419164,0.000113159,-0.00552835,0.0267745,0.000512631,0.000183434,19.5765,186.33
A20152000400.slt,2015-07-19,04:30,200.187,1,36000,36000,-0.0169286,5,-5.95298,5,2.66031,5,1.50214,5,0.0596432,5,0.0085095,5,-0.395803,-0.451531,0.227392,-0.0101231,-0.000161835,-4.6365e-11,-1.57501e-12,-2.42754e-13,16.9678,398.143,403.601,4.5,0,576.392,13.5249,13.7103,47.85,0,0.0888385,2.08457,2.11315,4.55,0,285.232,283.653,100504.0,1.22808,1012.74,0.0234647,0.00386488,0.0103866,1359.67,1266.19,0.00845759,100.0,0.0,284.691,-1.32928,0.882764,0.180637,1.60589,-1.24108e-13,-2.73253e-15,1.60589,2.90355,303.138,146.412,6.45854,-9999,0.117408,0.100265,23.812,0.187206,-2.2377,-0.0407674,0,-9999.0,-9999.0,-9999.0,-9999.0,-9999.0,-9999.0,-9999.0,-0.016739,1.01133,-5.70375,1.02517,2.14554,1.23993,1.22139,1.22986,0.0481022,1.23993,0.00677845,1.25538,800000009,800010009,800000009,800000009,800000009,800000009,800010019,800110019,80000,80000,80,81,0,0,0,0,0,0,0,0.0751144,0.110291,0.0151248,0.0391965,6.6281,0.048682,0.00020555,-0.00458603,0.0286595,0.0011287,0.000159054,19.0854,247.521
A20152000430.slt,2015-07-19,05:00,200.208,1,36000,36000,-0.0430786,5,-8.53586,5,5.77335,5,2.40996,5,0.129385,5,0.0213119,5,-1.41555,-2.12309,-0.0868912,-0.0475798,-0.00360671,-6.48225e-11,-2.13948e-12,-3.34977e-13,16.9608,397.396,402.678,4.35,0,559.796,13.1162,13.2905,12.9,0,0.0876467,2.05359,2.08088,4.5,0,284.754,283.237,100504.0,1.23007,1012.5,0.0234303,0.00838412,0.0100875,1318.58,1231.42,0.00820075,100.0,0.0,284.227,-1.87101,1.01157,0.182631,2.13479,5.42312e-14,-3.8219e-15,2.13479,3.94458,298.295,151.602,4.90765,-9999,0.187139,0.135575,67.2431,0.0662931,-1.47849,-0.0366231,0,-9999.0,-9999.0,-9999.0,-9999.0,-9999.0,-9999.0,-9999.0,-0.0426824,1.00928,-8.09835,1.02155,4.9055,1.17691,2.06081,1.16942,0.109935,1.17691,0.0179332,1.18841,800000009,800010009,800000009,800000009,800000009,800000009,800010019,800010019,80000,80000,80,80,0,0,0,0,0,0,0,0.154657,0.078061,0.0384317,0.0177132,6.04629,0.0579216,0.000357853,-0.00650234,0.0482854,0.00257582,0.000420179,17.5737,414.765
A20152000500.slt,2015-07-19,05:30,200.229,1,36000,36000,-0.0409922,1,-4.56842,4,-4.11683,4,-1.73812,4,-0.0922633,4,-0.00610376,6,0.101908,-0.0484601,0.0552097,-0.00108605,-0.00116731,1.24209e-10,4.09174e-12,6.37966e-13,16.9792,397.871,403.155,4.3,0,559.336,13.1068,13.2809,51.2,0,0.0872092,2.04356,2.0707,12.7,0,284.755,283.267,100503.0,1.22994,1012.5,0.0234328,-0.00597866,0.0100792,1317.63,1233.89,0.00819489,100.0,0.0,284.217,-1.70812,0.886282,0.185943,1.93333,-1.95353e-14,7.31535e-15,1.93333,3.72669,297.141,152.577,5.51911,-9999,0.182561,0.146447,116.642,0.0382173,1.10969,-0.0200946,0,-9999.0,-9999.0,-9999.0,-9999.0,-9999.0,-9999.0,-9999.0,-0.0406771,1.00775,-4.71648,1.01829,-3.54351,1.16179,-1.50344,1.1561,-0.0794146,1.16179,-0.0052145,1.17054,800000009,800010009,800000009,800000009,800000009,800000009,800010019,800010019,80000,80000,80,80,0,0,0,0,0,0,0,0.164359,0.0879633,0.0405712,0.00875922,4.84356,0.0441055,0.000110147,-0.00378738,-0.0352298,-0.00186091,-0.00012219,16.5976,527.249
A20152000530.slt,2015-07-19,06:00,200.25,1,36000,36000,-0.0423894,5,-2.28205,5,16.416,5,0.572559,5,0.368025,5,0.0120252,5,1.16514,-0.61523,-0.195874,-0.0137926,-0.00243373,-3.86827e-10,-1.26814e-11,-1.97485e-12,16.8909,396.186,401.4,12.75,0,553.738,12.9882,13.1592,7.05,0,0.0862325,2.02263,2.04925,4.25,1,285.027,283.61,100528.0,1.22881,1012.44,0.0234556,0.023848,0.00997836,1306.03,1262.53,0.00812037,100.0,0.0,284.083,-1.39279,0.851946,0.166537,1.64116,5.26347e-14,-2.29015e-14,1.64116,3.28994,300.563,148.547,5.82412,-9999,0.185732,0.155737,245.928,0.0181263,-0.139013,-0.00987602,0,-9999.0,-9999.0,-9999.0,-9999.0,-9999.0,-9999.0,-9999.0,-0.0421386,1.00595,-1.39673,1.01443,14.4416,1.13672,0.505342,1.13301,0.323762,1.13672,0.0105263,1.1424,800000009,800010009,800000009,800000009,800000009,800000009,800110019,800110019,80000,80000,80,81,0,0,1,0,0,0,0,0.199193,0.0834459,0.0288358,0.0031857,4.10857,0.0608999,0.000111892,-0.00112269,0.0118531,0.00759402,0.000246901,16.3495,541.862
A20152000600.slt,2015-07-19,06:30,200.271,1,36000,36000,-0.0427736,5,6.2196,5,18.1638,5,-2.411,5,0.407352,5,0.010917,5,1.26535,2.10876,-0.14081,0.0472925,0.00121009,2.84253e-10,9.64037e-12,1.46314e-12,16.8167,394.974,400.337,4.05,0,570.335,13.3954,13.5773,6.65,0,0.0865608,2.03305,2.06066,4.25,1,285.41,283.983,100525.0,1.22697,1012.68,0.023487,0.0263964,0.0102774,1346.94,1294.33,0.00837625,100.0,0.0,284.548,-1.45576,0.990422,0.185563,1.77048,7.89789e-14,1.6903e-14,1.77048,3.13734,303.231,145.771,6.0162,-9999,0.186711,0.181465,-91.674,-0.0486261,0.342418,0.0268093,0,-9999.0,-9999.0,-9999.0,-9999.0,-9999.0,-9999.0,-9999.0,-0.0425849,1.00443,7.16221,1.01225,16.5728,1.096,-2.20585,1.093,0.371673,1.096,0.00991919,1.10059,800000009,800010009,800000009,800000009,800000009,800000009,800010019,800010019,80000,80000,80,81,0,0,0,0,0,0,0,0.198652,0.130826,0.0334513,0.0507592,4.96559,0.0656451,8.17581e-05,0.00576423,-0.0518088,0.00872948,0.000232972,16.266,559.263
A20152000630.slt,2015-07-19,07:00,200.292,1,36000,36000,-0.0591388,5,9.88073,5,36.8064,5,-3.38453,5,0.826055,5,0.0141181,5,2.60323,0.25001,-0.245445,0.00561102,-0.00159687,1.80442e-10,6.17491e-12,9.27469e-13,16.684,392.855,398.209,4.25,1,570.942,13.4439,13.6271,5.6,0,0.0857553,2.01927,2.04678,4.25,1,285.993,284.753,100542.0,1.22383,1012.72,0.0235468,0.0535284,0.0102884,1352.03,1362.16,0.00840669,99.2565,10.128,284.606,-1.27921,1.59902,0.177592,2.05543,-3.27853e-14,1.08153e-14,2.05543,3.44251,321.214,128.66,4.95661,-9999,0.219825,0.189206,-94.188,-0.0473282,0.268452,0.0362661,0,68.2718,-10.3605,23.4355,58.3577,88.9992,124.823,187.007,-0.0588429,1.00503,11.8473,1.01378,34.3182,1.0725,-3.16582,1.06908,0.77021,1.0725,0.0131002,1.0777,800000009,800010009,800000009,800000009,800000009,800010009,800010019,800010019,80000,80000,80,80,0,0,0,0,0,0,0,0.178499,0.155809,0.044105,0.0175647,4.58324,0.0823535,9.18044e-05,0.0095589,-0.074545,0.018136,0.000308468,16.1956,553.416
A20152000700.slt,2015-07-19,07:30,200.312,1,36000,36000,-0.0427968,5,4.03379,5,21.2088,5,-1.3821,5,0.476125,5,0.0136208,5,0.968368,-0.344796,-0.459179,-0.00774045,-0.000934234,-2.9058e-10,-9.99542e-12,-1.50278e-12,16.502,388.888,394.161,4.2,0,567.638,13.377,13.5584,6.05,0,0.0853428,2.0112,2.03846,4.05,0,286.266,285.04,100561.0,1.22286,1012.69,0.0235661,0.0308529,0.0102288,1345.56,1388.2,0.00836466,96.9285,42.6386,284.533,-0.793075,1.42633,0.147965,1.63868,-1.39445e-13,-1.76088e-14,1.63868,3.03664,332.425,119.075,5.1806,-9999,0.187076,0.180631,-142.217,-0.0313447,0.190194,0.0174117,0,-9999.0,-9999.0,-9999.0,-9999.0,-9999.0,-9999.0,-9999.0,-0.0426191,1.00417,5.21086,1.01156,20.0791,1.05626,-1.31188,1.05353,0.450763,1.05626,0.0128461,1.0603,800000009,800010009,800000009,800000009,800000009,800010009,800010019,810110019,80000,80000,80,81,0,0,1,12,0,0,0,0.228605,0.102663,0.029993,0.00503248,5.25601,0.0619298,8.31653e-05,0.0042078,-0.030916,0.0106227,0.000302733,15.9741,557.438
A20152000730.slt,2015-07-19,08:00,200.333,1,36000,36000,-0.0471084,5,7.08522,5,48.9561,5,-2.73422,5,1.09966,5,0.0206803,5,2.00031,0.43406,-0.36101,0.00974994,-0.00126377,-3.87746e-10,-1.35306e-11,-2.01054e-12,16.3364,385.763,391.027,4.5,0,570.069,13.4614,13.6451,5.4,0,0.0847076,2.00026,2.02755,4.0,0,286.755,285.633,100567.0,1.22036,1012.75,0.0236137,0.071258,0.0102726,1354.14,1443.49,0.00841771,93.8098,89.3545,284.629,-0.692063,1.12889,0.150288,1.33264,-3.3773e-14,-2.37351e-14,1.33264,2.72599,328.61,121.51,6.47529,-9999,0.196474,0.148603,-93.8008,-0.0475236,0.144726,0.0291781,0,-9999.0,-9999.0,-9999.0,-9999.0,-9999.0,-9999.0,-9999.0,-0.0469397,1.00359,9.82758,1.01004,46.2152,1.05931,-2.58676,1.05701,1.03809,1.05931,0.0194632,1.06253,800000009,800010009,800000009,800000009,800000009,800000009,800010019,800010019,80000,80000,80,81,0,0,0,0,0,0,0,0.191756,0.0727688,0.032681,0.0466927,5.15958,0.0931446,9.4037e-05,0.00795165,-0.0610829,0.0245132,0.000459598,15.8232,558.109
A20152000800.slt,2015-07-19,08:30,200.354,1,36000,36000,-0.0432513,5,31.4023,2,44.3008,1,-5.11788,1,0.995814,1,0.00465097,4,2.54418,-0.661156,-0.28729,-0.0148618,-0.00153555,-9.28671e-11,-3.23047e-12,-4.81437e-13,16.1879,383.27,388.448,4.15,0,563.112,13.3324,13.5126,5.15,0,0.0839205,1.98693,2.01378,4.15,0,287.306,286.39,100567.0,1.21719,1012.69,0.0236763,0.0645288,0.0101473,1341.16,1516.81,0.00833664,88.4197,175.65,284.483,-1.07453,1.24041,0.164995,1.64938,-2.95266e-14,-5.73682e-15,1.64938,3.03147,319.676,130.901,5.74117,-9999,0.188504,0.179207,-18.6912,-0.238495,0.708842,0.135147,0,-9999.0,-9999.0,-9999.0,-9999.0,-9999.0,-9999.0,-9999.0,-0.0430708,1.00419,33.6632,1.01161,41.2325,1.07442,-4.77725,1.0713,0.926845,1.07442,0.0043135,1.07823,800000009,800010009,800000009,800000009,800000009,800000009,800000019,800000019,80000,80000,80,80,0,0,0,0,0,0,0,0.155173,0.16318,0.0400604,0.112043,5.13335,0.106497,7.7176e-05,0.0273099,-0.113108,0.0219443,0.000102128,15.6927,549.422
A20152000830.slt,2015-07-19,09:00,200.375,1,36000,36000,-0.0998943,5,26.0612,5,55.7215,5,-7.33356,5,1.25284,5,0.0101835,5,0.839904,1.34808,-0.024587,0.0303101,-7.31266e-05,1.13814e-10,4.03958e-12,5.90169e-13,16.1649,383.056,388.336,4.2,0,573.737,13.5957,13.7831,4.85,0,0.0838211,1.98629,2.01367,3.85,0,287.585,286.64,100567.0,1.21602,1012.84,0.0236968,0.0811838,0.0103387,1367.65,1541.74,0.00850214,88.7085,174.086,284.779,-1.72134,1.49269,0.195247,2.28676,-1.09963e-13,7.04082e-15,2.28676,4.32978,310.651,139.069,4.89796,-9999,0.286616,0.308152,-79.1716,-0.0563049,0.467704,0.0738266,0,71.3305,-10.8247,24.4855,60.9723,92.9865,130.415,195.385,-0.0993444,1.00554,28.8801,1.01508,51.1884,1.08856,-6.76396,1.08421,1.15091,1.08856,0.00930911,1.09393,800000009,800010009,800000009,800000009,800000009,800000009,800010019,800010019,80000,80000,80,80,0,0,0,0,0,0,0,0.347706,0.201434,0.0671634,0.0381183,5.67869,0.101521,8.09807e-05,0.0234486,-0.160284,0.027273,0.000220596,15.6764,558.955
A20152000900.slt,2015-07-19,09:30,200.396,1,36000,36000,-0.0561951,5,20.9883,1,44.0815,1,-5.03128,1,0.991519,1,0.00799567,2,1.38672,-1.96611,-0.189191,-0.0442232,-0.00215244,-7.2048e-11,-2.49555e-12,-3.71672e-13,16.0741,381.41,386.516,4.15,0,556.765,13.211,13.3879,4.55,0,0.082921,1.96757,1.99391,4.75,0,288.005,287.053,100579.0,1.21458,1012.64,0.0237282,0.0642504,0.0100329,1329.11,1583.75,0.00826036,83.9217,254.64,284.347,-1.66144,1.13313,0.162179,2.01759,-3.89788e-14,-4.48224e-15,2.01759,3.6599,304.688,145.705,4.61055,-9999,0.215098,0.251703,-41.5532,-0.107278,0.476125,0.0793343,0,61.4451,-9.32452,21.0921,52.5223,80.0998,112.341,168.308,-0.0559185,1.00495,23.2306,1.01358,40.2334,1.09565,-4.60977,1.09144,0.904962,1.09565,0.0072683,1.10007,800000009,800010009,800000009,800000009,800000009,800000009,800010019,800110019,80000,80000,80,80,0,0,0,0,0,0,0,0.202412,0.246037,0.0549579,0.0341603,5.30151,0.128178,0.000103498,0.0188878,-0.109382,0.0214731,0.000172464,15.5913,540.676
A20152000930.slt,2015-07-19,10:00,200.417,1,36000,36000,-0.0449186,5,12.4927,5,55.758,5,-6.15827,5,1.25437,5,0.0105342,5,0.603568,-1.92222,-0.217219,-0.0432436,-0.00135271,-2.61921e-10,-8.85773e-12,-1.34977e-12,15.9868,379.52,384.454,4.2,0,540.646,12.8347,13.0016,4.6,0,0.0823855,1.9558,1.98122,3.8,0,288.18,287.233,100594.0,1.21418,1012.42,0.0237396,0.0812832,0.00974244,1291.44,1602.36,0.0080239,80.5962,310.918,283.915,-1.1996,1.21434,0.13744,1.71247,1.73411e-14,-1.63836e-14,1.71247,3.03449,315.471,134.65,4.60343,-9999,0.192342,0.141793,-49.9176,-0.0893022,0.224052,0.0528371,0,-9999.0,-9999.0,-9999.0,-9999.0,-9999.0,-9999.0,-9999.0,-0.0447256,1.00431,15.5194,1.01194,51.5677,1.08126,-5.71547,1.07747,1.1601,1.08126,0.00971152,1.08471,800000009,800010009,800000009,800000009,800000009,800000009,800010019,800010019,80000,80000,80,80,0,0,0,0,0,0,0,0.146286,0.101626,0.035673,0.0136761,5.50888,0.123141,6.81538e-05,0.012625,-0.135683,0.0275403,0.000230547,15.6105,519.38
A20152001000.slt,2015-07-19,10:30,200.437,1,36000,36000,-0.0824207,5,12.8228,5,82.1682,5,-6.15838,5,1.84898,5,0.0148429,5,0.871086,-0.207393,-0.271448,-0.00466682,-0.000512636,2.96592e-10,1.00612e-11,1.53452e-12,15.8738,377.155,382.043,4.25,1,538.48,12.794,12.9599,4.7,0,0.0821283,1.95133,1.97662,4.15,0,288.424,287.493,100600.0,1.21317,1012.41,0.0237596,0.119814,0.00970341,1287.43,1629.57,0.00799836,79.0041,342.143,283.868,-1.52667,1.21218,0.1603,1.95596,7.91703e-14,1.86844e-14,1.95596,3.51064,308.044,141.55,4.70093,-9999,0.260649,0.248346,-121.031,-0.0368314,0.156056,0.0400542,0,73.9164,-11.2171,25.3731,63.1826,96.3574,135.143,202.468,-0.0820257,1.00482,17.2697,1.01324,75.2478,1.09197,-5.66319,1.08744,1.69325,1.09197,0.0135455,1.09578,800000009,800010009,800000009,800000009,800000009,800000009,800000019,800010019,80000,80000,80,81,0,0,0,0,0,0,0,0.314608,0.131234,0.0508502,0.0311607,5.25193,0.166054,7.07804e-05,0.0140606,-0.134555,0.0402309,0.000321835,15.4283,518.536
A20152001030.slt,2015-07-19,11:00,200.458,1,36000,36000,-0.0810616,5,28.5154,5,73.8193,5,-6.85016,5,1.66163,5,0.00771324,5,1.10433,-3.3359,0.0491402,-0.0750893,-0.00112815,2.65165e-11,8.52506e-13,1.36345e-13,15.8752,377.584,382.224,3.95,0,510.388,12.1393,12.2885,4.6,0,0.0816287,1.94149,1.96535,3.95,0,288.611,287.823,100610.0,1.2122,1012.05,0.0237845,0.107674,0.0091972,1221.67,1664.7,0.00758716,73.3866,443.034,283.083,-1.67393,1.7948,0.173794,2.4604,6.05375e-14,1.67031e-15,2.4604,4.27408,316.694,133.004,4.05054,-9999,0.258595,0.313702,-53.1467,-0.0838764,0.386287,0.089884,0,66.0061,-10.0167,22.6578,56.421,86.0456,120.68,180.801,-0.0805839,1.00593,32.3099,1.01607,68.1945,1.08248,-6.36661,1.07595,1.53502,1.08248,0.00710026,1.08633,800000009,800010009,800000009,800000009,800000009,800000009,800000019,800010019,80000,80000,80,80,0,0,0,0,0,0,0,0.270925,0.29013,0.0663485,0.0370536,5.45783,0.174011,7.67479e-05,0.0263365,-0.151426,0.0365097,0.000168876,15.4612,487.154
A20152001100.slt,2015-07-19,11:30,200.479,1,36000,36000,-0.0868881,1,29.3434,1,57.1582,1,-5.5665,1,1.28677,1,0.00817536,2,0.445932,0.3936,-0.0527694,0.00886086,0.000204192,1.1659e-11,3.77683e-13,6.00773e-14,15.8463,377.123,381.788,4.25,1,513.328,12.2166,12.3677,4.45,0,0.0816541,1.94328,1.96731,4.0,0,288.716,287.957,100596.0,1.21144,1012.09,0.0237989,0.0833825,0.00925017,1229.27,1679.08,0.00763571,73.211,449.809,283.175,-1.81141,1.98352,0.169546,2.69152,4.31527e-14,7.35754e-16,2.69152,4.61022,317.461,132.403,3.61159,-9999,0.267812,0.403973,-57.3637,-0.0777104,0.513371,0.0893631,0,61.8688,-9.38884,21.2376,52.8846,80.6523,113.116,169.468,-0.0863299,1.00647,32.1596,1.01742,52.8226,1.08208,-5.17858,1.07491,1.18916,1.08208,0.00752622,1.08625,800000009,800010009,800000009,800000009,800000009,800000009,800000019,800010019,80000,80000,80,80,0,0,0,0,0,0,0,0.36373,0.360599,0.0836176,0.0421083,4.92942,0.132041,6.55363e-05,0.0262295,-0.123244,0.0283007,0.000179116,15.3997,493.84
A20152001130.slt,2015-07-19,12:00,200.5,1,36000,36000,-0.116433,5,35.0666,5,94.5094,5,-8.08011,5,2.12763,5,0.0176646,5,0.0,-0.377634,0.0164048,-0.00850143,-0.000598351,-1.80656e-10,-5.81449e-12,-9.28051e-13,15.854,377.267,381.904,4.3,0,510.267,12.1425,12.2917,4.75,0,0.0814437,1.93806,1.96188,4.1,0,288.757,287.957,100607.0,1.2116,1012.05,0.0237963,0.13787,0.00919502,1221.94,1679.08,0.00758914,72.7745,457.138,283.086,-1.22116,2.15409,0.158084,2.48119,-3.45102e-13,-1.1395e-14,2.48119,4.8116,331.802,119.549,3.65297,-9999,0.309996,0.514875,-74.449,-0.0598766,0.371038,0.0922521,0,70.4415,-10.6898,24.1803,60.2123,91.8276,128.79,192.95,-0.115741,1.00598,40.0612,1.01619,89.2852,1.05851,-7.681,1.05196,2.01002,1.05851,0.0166303,1.06219,800000009,800010009,800000009,800000009,800000009,800000009,800010019,800010019,80000,80000,80,81,0,0,0,0,0,0,0,0.493225,0.45549,0.0810347,0.0574825,5.35844,0.190295,7.75069e-05,0.0326709,-0.182779,0.047831,0.00039574,15.4453,489.391
A20152001200.slt,2015-07-19,12:30,200.521,1,36000,36000,-0.140632,5,70.6756,5,102.817,5,-8.89687,5,2.31578,5,0.0133163,5,1.68049,-0.00658678,0.0109113,-0.000148356,-0.000796433,1.81565e-10,5.84163e-12,9.29132e-13,15.829,377.362,382.0,4.3,0,509.279,12.1412,12.2904,4.5,0,0.0810026,1.9311,1.95483,4.1,0,289.072,288.46,100598.0,1.20938,1012.06,0.0238399,0.150063,0.0091772,1221.71,1734.36,0.00758832,70.4416,512.649,283.083,-0.828379,2.25088,0.173473,2.40474,5.2674e-14,1.14704e-14,2.40474,4.7502,339.043,110.205,4.1368,-9999,0.341005,0.524397,-49.1672,-0.0906652,0.68739,0.169332,0,69.0061,-10.4719,23.6876,58.9854,89.9564,126.165,189.018,-0.139821,1.0058,75.8257,1.01575,98.2988,1.04597,-8.56092,1.03924,2.21401,1.04597,0.0126938,1.04904,800000009,800000009,800000009,800000009,800000009,800000009,800000019,800000019,80000,80000,80,80,0,0,0,0,0,0,0,0.39601,0.54953,0.103254,0.160696,5.42764,0.201595,6.2566e-05,0.0619505,-0.204092,0.0527818,0.00030262,15.5223,471.278
A20152001230.slt,2015-07-19,13:00,200.542,1,36000,36000,-0.121811,5,116.175,5,105.068,5,-7.6236,5,2.36791,5,0.00566611,5,2.1097,0.982609,-0.00775287,0.022145,-0.000247764,-1.06189e-10,-3.47171e-12,-5.42892e-13,15.7893,377.294,382.006,4.05,0,516.212,12.3352,12.4892,4.45,0,0.0807233,1.92893,1.95302,4.25,1,289.429,289.093,100585.0,1.20648,1012.18,0.0238955,0.153441,0.00930214,1241.06,1806.17,0.00771014,68.7121,565.113,283.318,-2.05583,1.98608,0.156237,2.86275,6.19025e-14,-6.72535e-15,2.86275,5.79022,314.068,135.989,3.12851,-9999,0.317747,0.598914,-24.1977,-0.184222,1.10571,0.299399,0,65.3881,-9.92289,22.4456,55.8927,85.24,119.55,179.108,-0.120979,1.00687,120.402,1.01843,96.5191,1.08857,-7.06025,1.07979,2.17525,1.08857,0.00518917,1.09191,800000009,800000009,800000009,800000009,800000009,800010009,800000019,800000019,80000,80000,80,80,0,0,2,0,0,0,0,0.554282,0.541085,0.102461,0.367902,4.65481,0.142513,5.70829e-05,0.0985944,-0.168708,0.0519787,0.000123998,15.3662,492.413
A20152001300.slt,2015-07-19,13:30,200.562,1,36000,36000,-0.1485,1,95.6325,1,100.465,1,-8.54017,1,2.26471,1,0.00862533,1,0.832065,0.992671,0.0508376,0.0223772,-3.0024e-05,1.75134e-10,5.80997e-12,8.94195e-13,15.7939,377.74,382.533,4.25,1,523.954,12.5314,12.6904,4.5,0,0.0806402,1.92866,1.95314,3.85,0,289.788,289.343,100582.0,1.20531,1012.3,0.0239169,0.146753,0.00944166,1260.76,1835.23,0.00783336,68.6977,574.469,283.554,-1.21481,2.34824,0.154777,2.64838,1.20421e-13,1.10887e-14,2.64838,6.08314,332.538,117.354,3.35039,-9999,0.351006,0.742683,-39.6265,-0.112494,0.951901,0.223296,0,65.268,-9.90467,22.4044,55.7901,85.0834,119.331,178.779,-0.147561,1.00636,100.186,1.01717,94.8985,1.05865,-8.12771,1.05075,2.13924,1.05865,0.0081244,1.06166,800000009,800000009,800000009,800000009,800000009,800100009,800000019,800000019,80000,80000,80,80,0,0,1,0,0,0,0,0.559417,0.800277,0.125672,0.201302,5.15449,0.150938,5.92457e-05,0.0821103,-0.194389,0.051164,0.00019431,15.3659,501.31
A20152001330.slt,2015-07-19,14:00,200.583,1,36000,36000,-0.164792,1,115.75,1,112.217,1,-8.44573,1,2.53089,1,0.00775316,2,1.70525,-1.3797,0.0816845,-0.0311171,-0.000209157,3.27149e-10,1.05961e-11,1.6656e-12,15.7943,378.457,383.154,4.1,0,511.567,12.258,12.4101,4.3,0,0.0804127,1.92682,1.95074,3.5,0,290.15,289.857,100572.0,1.20318,1012.16,0.0239617,0.164002,0.00921844,1233.14,1896.19,0.0076617,65.0326,663.048,283.222,-1.52126,2.30729,0.17402,2.76913,-3.09665e-13,2.07131e-14,2.76913,6.32389,327.976,123.398,3.603,-9999,0.370084,1.00608,-38.3694,-0.11618,1.03148,0.256826,0,64.9968,-9.86352,22.3113,55.5583,84.7299,118.835,178.036,-0.163703,1.00665,120.584,1.01788,105.082,1.0679,-7.97905,1.05849,2.36997,1.0679,0.00724608,1.06998,800000009,800000009,800000009,800000009,800000009,800000009,800000019,800000019,80000,80000,80,81,0,0,0,0,0,0,0,0.907321,0.963721,0.141127,0.296601,5.22685,0.196322,5.84532e-05,0.0990167,-0.191192,0.0567884,0.000173628,15.3759,486.436
A20152001400.slt,2015-07-19,14:30,200.604,1,36000,36000,-0.216213,5,138.638,5,155.125,5,-11.6923,5,3.49891,5,0.00854112,5,0.276705,-3.0829,0.132089,-0.069536,-0.000334449,5.48294e-11,1.68221e-12,2.77872e-13,15.8374,379.618,384.092,4.15,0,485.903,11.647,11.7842,4.15,0,0.080263,1.92389,1.94656,4.0,0,290.11,289.94,100567.0,1.20306,1011.82,0.0239698,0.226729,0.00875597,1171.61,1906.25,0.00727809,61.4617,734.636,282.46,-2.2532,2.06505,0.200845,3.06295,8.00506e-14,3.46202e-15,3.06295,5.8346,311.971,137.495,3.75972,-9999,0.423934,0.792681,-48.1455,-0.0925891,0.893718,0.268655,0,72.1454,-10.9483,24.7652,61.6688,94.0488,131.905,197.617,-0.214634,1.00736,145.129,1.01963,141.691,1.09481,-10.7991,1.08271,3.19589,1.09481,0.00779508,1.09571,800000009,800000009,800000009,800000009,800000009,800000009,800000019,800000019,80000,80000,80,80,0,0,0,0,0,0,0,0.876113,0.566687,0.142564,0.35396,5.6654,0.221245,6.52845e-05,0.119224,-0.258852,0.0766047,0.000186846,15.4258,460.957
A20152001430.slt,2015-07-19,15:00,200.625,1,36000,36000,-0.151289,5,112.319,5,121.74,5,-9.70753,5,2.74527,5,0.00861269,5,-0.764341,1.38225,-0.0649019,0.0311703,0.000312,1.84537e-10,5.80349e-12,9.37964e-13,15.8261,379.048,383.621,4.25,1,497.714,11.9207,12.0645,4.35,0,0.0804408,1.92663,1.94987,3.85,0,290.044,289.71,100566.0,1.20388,1011.97,0.0239508,0.177894,0.0089688,1199.14,1878.59,0.00744989,63.8318,679.454,282.805,-2.06566,2.03551,0.205336,2.90731,-5.74307e-15,1.16603e-14,2.90731,5.74349,314.422,135.421,4.05004,-9999,0.354495,0.670732,-34.7484,-0.128286,0.92262,0.260073,0,66.6959,-10.1214,22.8945,57.0106,86.9448,121.941,182.69,-0.15024,1.00698,117.499,1.0187,111.706,1.08982,-8.99417,1.07931,2.51902,1.08982,0.00788987,1.09161,800000009,800000009,800000009,800000009,800000009,800000009,800000019,800000019,80000,80000,80,80,0,0,0,0,0,0,0,0.537181,0.682925,0.121358,0.235224,5.10796,0.168105,5.83626e-05,0.0964458,-0.215418,0.0603326,0.000188969,15.4052,473.34
A20152001500.slt,2015-07-19,15:30,200.646,1,36000,36000,-0.153409,5,124.462,5,125.503,5,-8.66705,5,2.83131,5,0.012599,5,1.4045,-1.01724,0.142804,-0.0229484,-0.000785703,-1.31058e-10,-4.03849e-12,-6.61563e-13,15.8526,380.304,384.814,4.25,1,488.489,11.7188,11.8578,4.35,0,0.0800215,1.91972,1.94248,4.4,0,290.264,290.133,100549.0,1.20201,1011.86,0.02399,0.183469,0.00880257,1178.63,1929.77,0.0073232,61.0764,751.137,282.549,-2.28202,2.05709,0.150437,3.07601,-7.97162e-14,-8.26731e-15,3.07601,5.90778,312.076,137.967,2.80325,-9999,0.357249,0.725743,-32.09,-0.138914,0.991704,0.286442,0,68.5416,-10.4015,23.5281,58.5883,89.3509,125.316,187.746,-0.152284,1.00739,129.52,1.01971,114.625,1.0949,-8.00599,1.08257,2.5859,1.0949,0.0114994,1.09562,800000009,800000009,800000009,800000009,800000009,800000009,800000019,800000019,80000,80000,80,80,0,0,0,0,0,0,0,0.769731,0.566682,0.115074,0.354114,5.99378,0.228656,8.44888e-05,0.106489,-0.192063,0.0620357,0.00027587,15.4438,462.61
A20152001530.slt,2015-07-19,16:00,200.667,1,36000,36000,-0.150975,5,124.446,5,139.69,5,-9.66055,5,3.15207,5,0.00872005,5,0.784385,-0.213438,0.0640021,-0.00481616,-0.000872299,4.04741e-11,1.24083e-12,2.03188e-13,15.8598,380.868,385.367,4.25,1,486.222,11.6764,11.8144,4.35,0,0.0796196,1.91204,1.93463,3.8,0,290.573,290.37,100528.0,1.2008,1011.84,0.0240146,0.204254,0.00876172,1174.12,1958.91,0.00729658,59.9374,784.791,282.492,-1.91026,1.31994,0.193909,2.33001,-3.77567e-13,2.55199e-15,2.33001,4.95785,304.308,145.356,4.77382,-9999,0.354582,0.567107,-31.3761,-0.142075,0.89087,0.288855,0,68.5584,-10.404,23.5339,58.6027,89.3728,125.347,187.792,-0.150129,1.00563,130.784,1.01533,126.782,1.10181,-8.84692,1.09197,2.8608,1.10181,0.00791332,1.10195,800000009,800000009,800000009,800000009,800000009,800010009,800000019,800000019,80000,80000,80,81,0,0,0,0,0,0,0,0.46003,0.560694,0.113491,0.311718,6.54515,0.255878,7.44429e-05,0.10764,-0.212456,0.0687012,0.000190036,15.4501,460.127
A20152001600.slt,2015-07-19,16:30,200.687,1,36000,36000,-0.05585,1,27.2643,1,58.0009,1,-5.18585,1,1.3084,1,0.00371909,2,-0.995295,1.45075,-0.20273,0.0327262,0.000526235,-6.38213e-11,-2.01427e-12,-3.22683e-13,15.8008,379.084,383.675,4.1,0,498.69,11.9643,12.1092,4.55,0,0.0798895,1.91666,1.93987,4.25,1,290.505,290.07,100521.0,1.20183,1012.0,0.0239914,0.0847842,0.00898639,1202.98,1922.04,0.00747727,62.589,719.054,282.853,-1.76716,0.993636,0.137588,2.03202,-3.01798e-14,-4.03912e-15,2.03202,4.0671,299.217,150.652,3.88246,-9999,0.215572,0.248696,-32.1815,-0.138519,0.470067,0.103987,0,61.0311,-9.26171,20.95,52.1685,79.5602,111.584,167.174,-0.0555734,1.00498,30.2111,1.01366,52.4848,1.1051,-4.72607,1.09729,1.18396,1.1051,0.00336255,1.10603,800000009,800010009,800000009,800000009,800000009,800000009,800010019,800010019,80000,80000,80,80,0,0,1,0,0,0,0,0.240305,0.200949,0.0561391,0.0636901,6.17508,0.165448,7.15466e-05,0.0248396,-0.113385,0.0284049,8.06724e-05,15.3823,474.065
A20152001630.slt,2015-07-19,17:00,200.708,1,36000,36000,-0.0811348,1,79.235,1,90.4366,1,-6.45657,1,2.04146,1,0.00464257,1,2.30556,0.918654,-0.103344,0.0207371,0.000495258,1.68439e-10,5.41035e-12,8.5563e-13,15.723,378.173,382.823,4.2,0,505.031,12.1471,12.2965,4.25,0,0.0798691,1.92103,1.94465,4.35,0,290.884,290.767,100508.0,1.19871,1012.11,0.0240522,0.132286,0.00910066,1221.21,2008.62,0.00759207,60.7984,787.411,283.077,-1.15051,1.31827,0.13534,1.75494,-1.89273e-13,1.07129e-14,1.75494,4.03213,320.726,131.112,4.42299,-9999,0.260164,0.500982,-19.4638,-0.229028,0.876138,0.251031,0,63.688,-9.66489,21.862,54.4395,83.0237,116.442,174.451,-0.0807793,1.0044,83.7367,1.01216,83.9885,1.07677,-6.03564,1.06974,1.8959,1.07677,0.00431023,1.07711,800000009,800000009,800000009,800000009,800000009,800010009,800010019,800110019,80000,80000,80,81,0,0,0,1,0,0,0,0.46107,0.46735,0.0735462,0.223944,5.00681,0.169433,5.84532e-05,0.0690198,-0.145171,0.0456007,0.000103671,15.3235,477.107
A20152001700.slt,2015-07-19,17:30,200.729,1,36000,36000,-0.0386508,5,5.44636,5,56.3214,5,-5.34101,5,1.27063,5,0.0148553,5,-1.97869,1.6106,-0.173956,0.0363358,0.000680471,9.3532e-11,3.09591e-12,4.78538e-13,15.691,376.642,381.397,3.95,0,519.372,12.4669,12.6243,4.4,0,0.0802799,1.92702,1.95135,4.25,1,290.7,290.17,100504.0,1.20098,1012.28,0.0240038,0.0823368,0.00935908,1253.31,1934.26,0.00779286,64.7951,680.954,283.465,-0.793793,0.801602,0.12503,1.13504,5.67222e-14,5.96087e-15,1.13504,2.83708,313.009,134.72,6.32425,-9999,0.179395,0.187143,-92.8407,-0.0480151,0.0967015,0.0249723,0,-9999.0,-9999.0,-9999.0,-9999.0,-9999.0,-9999.0,-9999.0,-0.0385254,1.00325,8.59924,1.00913,51.9239,1.08469,-4.9421,1.08072,1.17142,1.08469,0.0136848,1.08553,800000009,800010009,800000009,800000009,800000009,800010009,800010019,810110019,80000,80000,80,81,0,0,0,18,0,0,0,0.145942,0.203422,0.024922,0.0239705,5.6704,0.155782,7.76006e-05,0.00707333,-0.118629,0.0281185,0.000328487,15.2736,494.184
A20152001730.slt,2015-07-19,18:00,200.75,1,36000,36000,-0.0540899,5,21.3227,5,59.6657,5,-5.47458,5,1.34649,5,0.00829782,5,1.04884,0.589609,-0.0369313,0.0133058,-0.000106022,9.23711e-11,3.08891e-12,4.7278e-13,15.6575,376.317,381.113,4.1,0,523.591,12.5841,12.7445,4.4,0,0.0801392,1.92608,1.95063,4.2,0,290.975,290.487,100486.0,1.1994,1012.36,0.0240343,0.0872524,0.0094351,1264.87,1973.42,0.00786649,64.0952,708.552,283.603,-1.71942,0.341966,0.129894,1.7579,5.72941e-14,5.89948e-15,1.7579,3.40119,281.114,168.752,4.23753,-9999,0.212361,0.221869,-39.3327,-0.113334,0.357369,0.0826929,0,65.6374,-9.96073,22.5312,56.1059,85.565,120.006,179.791,-0.0538526,1.00441,24.4294,1.01218,53.448,1.11633,-4.9327,1.10985,1.20617,1.11633,0.00742529,1.11751,800000009,800010009,800000009,800000009,800000009,800010009,800000019,800110019,80000,80000,80,80,0,0,0,0,0,0,0,0.219344,0.178949,0.0454444,0.0426939,5.19516,0.128737,7.01214e-05,0.0201194,-0.118554,0.0289895,0.000178461,15.2427,496.555
A20152001800.slt,2015-07-19,18:30,200.771,1,36000,36000,-0.0606724,5,30.7774,5,75.6383,5,-7.32848,5,1.70726,5,0.0113303,5,0.639853,1.61966,-0.117076,0.036558,-5.21445e-05,-3.21319e-10,-1.10505e-11,-1.64872e-12,15.6017,375.285,380.192,4.15,0,536.561,12.9065,13.0752,4.5,0,0.080054,1.92562,1.9508,4.4,0,291.256,290.68,100470.0,1.19827,1012.53,0.0240541,0.110631,0.00966883,1297.06,1997.66,0.008069,64.9289,700.602,283.98,-1.23671,0.71181,0.150048,1.43479,-1.53824e-14,-2.05951e-14,1.43479,3.22014,299.794,150.077,6.00285,-9999,0.225019,0.210503,-32.4169,-0.137513,0.406902,0.112732,0,68.244,-10.3563,23.4259,58.3339,88.9629,124.772,186.931,-0.060444,1.00378,34.8001,1.01053,68.6623,1.1016,-6.68337,1.09653,1.54981,1.1016,0.0102751,1.1027,800000009,800010009,800000009,800000009,800000009,800000009,800000019,800010119,80000,80000,80,81,0,0,0,0,0,0,0,0.21884,0.155847,0.0463188,0.073766,5.47069,0.189194,6.11735e-05,0.0286824,-0.160762,0.0372792,0.000247158,15.1828,506.929
A20152001830.slt,2015-07-19,19:00,200.792,1,36000,36000,-0.0625421,5,33.7198,5,65.6208,5,-5.80531,5,1.48196,5,0.00583731,5,1.87161,0.305921,-0.023422,0.00690885,0.000556739,5.03769e-11,1.74167e-12,2.59292e-13,15.561,375.078,380.005,4.15,0,537.989,12.9675,13.1379,4.25,0,0.0800933,1.93054,1.95591,3.85,0,291.464,291.247,100459.0,1.19577,1012.59,0.0241037,0.0960311,0.00969457,1303.05,2070.24,0.00810736,62.9419,767.193,284.049,-1.2076,0.443763,0.123301,1.29245,2.84063e-14,3.23738e-15,1.29245,3.2667,290.411,159.823,5.47441,-9999,0.228698,0.393598,-31.0613,-0.143515,0.513859,0.121771,0,69.5353,-10.5522,23.8692,59.4377,90.6463,127.133,190.468,-0.0623226,1.00352,37.1674,1.00985,59.1447,1.1095,-5.25579,1.10455,1.33571,1.1095,0.0052581,1.11016,800000009,800010009,800000009,800000009,800000009,800010009,800110019,800110019,80000,80000,80,80,0,0,0,3,0,0,0,0.331341,0.410189,0.0456668,0.0797803,5.37215,0.155989,9.6633e-05,0.0306961,-0.126684,0.0321956,0.00012674,15.1697,508.024
A20152001900.slt,2015-07-19,19:30,200.812,1,36000,36000,-0.0341964,5,5.17475,5,51.3228,5,-4.05618,5,1.15891,5,0.00914913,5,-0.462566,-2.99019,0.175256,-0.0675207,-4.87693e-05,-6.27292e-12,-2.06049e-13,-3.21472e-14,15.6325,376.626,381.343,4.05,0,513.488,12.3712,12.5261,4.35,0,0.0801129,1.93011,1.95429,4.35,0,291.431,291.107,100457.0,1.1966,1012.25,0.0240924,0.0750971,0.00925306,1243.11,2052.1,0.00773276,60.5774,808.992,283.343,-0.632313,0.760367,0.104249,0.994407,-4.81073e-15,-4.01274e-16,0.994407,2.90055,319.735,129.747,6.0177,-9999,0.16905,0.331009,-81.738,-0.0545371,0.100827,0.0252719,0,-9999.0,-9999.0,-9999.0,-9999.0,-9999.0,-9999.0,-9999.0,-0.034093,1.00303,8.0855,1.00853,47.7404,1.07504,-3.78723,1.07101,1.07801,1.07504,0.00850928,1.07519,800000009,800010009,800000009,800000009,800000009,800010009,800110019,811110019,80000,80000,80,81,0,0,0,180,0,0,0,0.158828,0.475516,0.0276737,0.014598,5.47373,0.167459,7.9001e-05,0.00667529,-0.0912436,0.025972,0.000205009,15.4446,447.439
A20152001930.slt,2015-07-19,20:00,200.833,1,36000,36000,-0.0327241,5,-1.6417,5,33.7601,5,-3.34788,5,0.762042,5,0.00728817,5,-1.29041,2.48793,-0.142602,0.0561582,0.000958113,5.84662e-11,2.00405e-12,3.01946e-13,15.6013,375.368,380.26,4.2,0,534.768,12.8665,13.0342,4.5,0,0.0805721,1.93856,1.96383,4.7,0,291.347,290.717,100458.0,1.19799,1012.51,0.02406,0.0493803,0.00963652,1292.89,2002.29,0.00804389,64.5705,709.402,283.931,-0.813168,0.403181,0.123477,0.915994,3.32214e-14,3.74752e-15,0.915994,2.26382,297.791,153.627,7.74711,-9999,0.165275,0.163308,240.788,0.0185132,-0.0486283,-0.00818901,0,-9999.0,-9999.0,-9999.0,-9999.0,-9999.0,-9999.0,-9999.0,-0.032629,1.00292,0.198338,1.00821,29.8369,1.13149,-2.96768,1.12811,0.673485,1.13149,0.00643735,1.13217,800000009,800010009,800000009,800000009,800000009,800100009,801110019,811110019,80000,80000,80,81,0,0,10,0,0,0,0,0.191042,0.117922,0.0176518,0.00464253,6.13632,0.266738,0.000134576,0.000163512,-0.0714023,0.016204,0.000154882,15.4359,463.039
A20152002000.slt,2015-07-19,20:30,200.854,1,36000,36000,-0.0108289,5,-3.20598,5,20.0203,5,-0.977773,5,0.451711,5,0.007777,5,-1.44713,3.03419,0.0426277,0.0684597,0.00142379,3.61569e-11,1.29613e-12,1.8775e-13,15.6404,375.743,380.873,4.25,1,560.668,13.4694,13.6533,4.55,0,0.081215,1.9511,1.97774,4.15,0,291.16,290.28,100458.0,1.19952,1012.84,0.0240239,0.0292709,0.0101032,1353.47,1947.78,0.00842276,69.4878,594.313,284.621,-0.943294,0.384413,0.127718,1.02659,-3.71974e-14,2.31176e-15,1.02659,2.11343,291.705,157.828,7.14665,-9999,0.0950147,0.0540757,23.4291,0.190265,-0.160137,-0.027773,0,-9999.0,-9999.0,-9999.0,-9999.0,-9999.0,-9999.0,-9999.0,-0.0107459,1.00773,-2.16668,1.01745,16.2492,1.23208,-0.799731,1.22263,0.366627,1.23208,0.00629207,1.236,800000009,800010009,800000009,800000009,800000009,800000009,811110019,811110019,80000,80000,80,81,0,0,1,0,0,0,0,0.0659699,0.032056,0.0101254,0.00808485,3.94376,0.0840988,0.000109502,-0.00178339,-0.0192127,0.00880781,0.00015116,15.2033,533.401
A20152002030.slt,2015-07-19,21:00,200.875,1,36000,36000,-0.0190173,5,-5.23256,6,49.7094,6,-1.00722,5,1.12121,6,-0.0279169,5,-1.1503,4.16304,-0.0426643,0.0938982,0.0106917,3.18732e-10,1.21385e-11,1.73658e-12,15.6422,375.368,380.812,3.45,0,595.716,14.2955,14.5028,4.6,0,0.0852252,2.04516,2.07482,9.65,0,290.921,289.933,100450.0,1.20048,1013.29,0.0239972,0.0726541,0.0107348,1436.36,1905.44,0.00894212,75.3821,469.079,285.523,-0.824163,0.135356,0.114073,0.842958,-2.68915e-14,2.03764e-14,0.842958,1.56592,281.074,170.673,7.77738,-9999,0.125862,0.076547,33.3696,0.133587,-0.105263,-0.0341765,0,-9999.0,-9999.0,-9999.0,-9999.0,-9999.0,-9999.0,-9999.0,-0.0189089,1.00573,-2.63866,1.0133,41.522,1.19718,-0.844619,1.19251,0.936537,1.19718,-0.0232571,1.20036,800000009,800010009,800000009,800000009,800000009,800000019,811110019,811110019,80000,80000,80,81,0,1,4,0,0,0,0,0.118157,0.0300332,0.0049044,0.0101592,4.19635,0.374086,0.00374603,-0.00216916,-0.0202685,0.0224742,-0.000558104,15.1974,568.342
A20152002100.slt,2015-07-19,21:30,200.896,1,36000,36000,-0.0237784,5,-9.21205,5,-7.509,5,0.471315,5,-0.169324,5,0.0113669,6,-0.885718,-0.426128,0.0989306,-0.00960894,-0.00618876,3.53082e-11,1.33364e-12,1.86825e-13,15.6942,376.237,381.661,4.4,0,592.792,14.211,14.4159,22.55,0,0.083042,1.99077,2.01947,4.4,0,290.701,289.667,100458.0,1.20172,1013.25,0.0239731,-0.0109722,0.0106821,1428.0,1873.42,0.00888901,76.224,445.426,285.434,-0.406976,1.08947,0.117829,1.16895,1.0112e-13,2.24976e-15,1.16895,2.34209,340.365,110.483,5.78518,-9999,0.140666,0.0804678,26.4614,0.168462,1.2268,-0.0537832,0,-9999.0,-9999.0,-9999.0,-9999.0,-9999.0,-9999.0,-9999.0,-0.023558,1.00936,-9.48554,1.02084,-6.85701,1.09508,0.434095,1.08574,-0.154621,1.09508,0.0103167,1.1018,800000009,800010009,800000009,800000009,800000009,800000009,810110019,811110019,80000,80000,80,81,0,0,0,0,0,0,0,0.0772873,0.0642562,0.019392,0.0307816,3.61836,0.107719,0.000348886,-0.00779012,0.0104066,-0.00370675,0.000247323,15.238,567.777
A20152002130.slt,2015-07-19,22:00,200.917,1,36000,36000,-0.0112,5,-5.05478,6,4.10318,5,0.354769,5,0.0924811,5,0.00830769,6,-1.60797,-1.04755,0.0822256,-0.0236107,-0.00297704,-2.85111e-10,-1.05918e-11,-1.48596e-12,15.7505,376.959,382.313,3.7,0,585.127,14.0039,14.2028,6.1,0,0.0820894,1.96465,1.99256,4.8,0,290.346,289.183,100458.0,1.20382,1013.12,0.0239331,0.00599277,0.010544,1407.18,1816.59,0.00875874,77.4628,409.407,285.211,-0.311216,0.616883,0.12495,0.702149,2.71734e-14,-1.81017e-14,0.702149,1.49887,330.79,116.771,10.2506,-9999,0.0964556,0.031737,15.5474,0.28672,-1.23192,-0.0429685,0,-9999.0,-9999.0,-9999.0,-9999.0,-9999.0,-9999.0,-9999.0,-0.0110916,1.00977,-4.75552,1.02134,3.52648,1.16353,0.306915,1.15592,0.0794831,1.16353,0.00710406,1.16943,800000009,800110009,800000009,800000009,800000009,800110009,811110019,811110019,80000,80000,80,81,0,0,15,0,0,0,0,0.0467693,0.0139023,0.00280263,0.0113706,3.59857,0.0409856,8.82555e-05,-0.00389919,0.00734542,0.00190228,0.000170022,15.2809,562.133
A20152002200.slt,2015-07-19,22:30,200.937,1,36000,36000,-0.0612241,5,36.965,6,-47.0456,6,-10.22,6,-1.05984,6,-0.152483,6,-1.71086,0.986076,0.187947,0.0222141,0.00422685,1.00138e-11,3.75538e-13,5.29427e-14,15.8474,378.605,384.058,6.05,0,594.311,14.1984,14.4029,50.45,0,0.0837849,2.00167,2.0305,5.45,0,289.91,288.67,100458.0,1.20588,1013.22,0.0238906,-0.0686773,0.0107095,1426.73,1757.89,0.00888109,81.1617,331.157,285.421,-0.494995,-0.405663,0.134024,0.65387,-9.10064e-15,6.31888e-16,0.65387,1.73612,237.259,219.336,11.8278,-9999,0.225326,0.17555,-27.1037,-0.16447,-0.785727,0.134268,0,124.833,-18.9438,42.851,106.705,162.732,228.234,341.936,-0.0610669,1.00257,34.2397,1.00727,-42.9781,1.09464,-9.34876,1.09319,-0.968203,1.09464,-0.139127,1.096,800000009,800110009,800000009,800000009,800000009,800101009,811110019,811110019,80000,80000,81,81,0,0,0,1,171,0,25,0.263836,0.0769885,0.0102755,0.104126,18.1985,0.108737,0.001726,0.0280237,-0.223347,-0.023131,-0.00332383,15.3434,572.145
A20152002230.slt,2015-07-19,23:00,200.958,1,36000,36000,-0.0171204,5,17.6372,6,-16.5574,6,-17.3528,6,-0.372642,6,-0.548563,6,-3.35548,4.01909,1.51005,0.0904538,0.0528519,2.07132e-10,7.92394e-12,1.30216e-12,16.4538,391.786,397.748,8.3,0,629.449,14.988,15.2161,9.9,0,0.103439,2.46303,2.50051,8.6,0,289.099,287.667,100442.0,1.20953,1013.64,0.0238114,-0.0241472,0.0113427,1505.83,1647.94,0.00937779,91.3765,142.11,286.244,-1.06426,-0.707139,0.126131,1.28398,-1.11556e-13,1.25887e-14,1.28398,2.16926,237.586,213.602,5.6375,-9999,0.118973,0.0810491,-8.36193,-0.5331,-1.06521,0.120915,0,-9999.0,-9999.0,-9999.0,-9999.0,-9999.0,-9999.0,-9999.0,-0.0170606,1.00351,16.6298,1.00981,-15.1056,1.09611,-15.8655,1.09374,-0.339967,1.09611,-0.499032,1.09925,800000009,800110009,800000009,800000009,800000009,800100019,811110019,811110019,80000,80000,80,81,0,0,33,0,0,0,0,0.113914,0.0445733,0.00361099,0.234674,186.648,0.106743,0.223838,0.013564,-0.377779,-0.00809509,-0.0118826,15.9217,596.308
A20152002300.slt,2015-07-19,23:30,200.979,0,36000,36000,-0.0222554,5,5.00134,7,6.26823,6,-5.93302,7,0.141014,6,-0.193588,7,-1.46263,1.85678,0.379623,0.0417712,-0.0106359,3.57602e-10,1.38952e-11,2.14539e-12,16.6176,395.095,401.255,4.25,1,645.705,15.3521,15.5915,36.15,0,0.099695,2.37032,2.40728,4.25,1,288.928,287.23,100440.0,1.21117,1013.84,0.0237758,0.00913773,0.0116356,1542.38,1602.01,0.00960692,96.2775,59.6351,286.611,-1.0311,0.0511594,0.136795,1.04139,2.11861e-13,2.15195e-14,1.04139,2.09139,278.393,177.16,7.54802,-9999,0.135555,0.173599,-43.6179,-0.1022,0.797887,0.0300468,0,-9999.0,-9999.0,-9999.0,-9999.0,-9999.0,-9999.0,-9999.0,-0.0221865,1.0031,5.32542,1.00873,5.63479,1.11242,-5.34231,1.11057,0.126764,1.11242,-0.173604,1.11511,800000009,800110009,800000009,800000009,800000009,800100009,811110019,811110019,80000,80000,80,81,0,0,9,0,0,0,88,0.0911122,0.253556,0.00253029,0.0621096,45.1487,0.06061,0.0408711,0.00433689,-0.127018,0.00301391,-0.00412757,16.0258,625.322
A20152002330.slt,2015-07-20,00:00,201.0,0,36000,36000,-0.00635923,5,0.462642,8,-3.5067,6,-1.42704,7,-0.0789144,6,0.00294671,5,1.1151,0.0291048,-0.283664,0.00065497,-0.01937,1.12828e-10,4.4134e-12,6.32583e-13,16.4925,392.62,398.744,2.3,0,645.126,15.3578,15.5974,3.2,0,0.0924675,2.20128,2.23561,4.6,0,288.992,287.563,100429.0,1.20963,1013.85,0.023806,-0.00511365,0.0116252,1542.78,1636.97,0.00961052,94.2461,94.189,286.615,-0.916078,0.835066,0.141648,1.24764,5.84529e-14,6.84114e-15,1.24764,1.99612,313.144,137.649,6.51903,-9999,0.0725063,0.0452868,-72.1535,-0.0617815,-0.131931,0.00520288,0,-9999.0,-9999.0,-9999.0,-9999.0,-9999.0,-9999.0,-9999.0,-0.0063374,1.00344,0.264594,1.00964,-3.21684,1.09011,-1.31174,1.0879,-0.0723912,1.09011,0.00269543,1.09323,800000009,800110009,800000009,800000009,800000009,800000009,811110019,811110019,80000,80000,80,81,0,0,5,0,0,0,0,0.0576749,0.0310112,0.00188735,0.0360229,13.6703,0.0668129,0.000422681,0.000215751,-0.0312272,-0.00172334,6.41674e-05,15.9587,625.627
A20152010000.slt,2015-07-20,00:30,201.021,0,36000,36000,-0.018307,5,-11.925,5,6.56455,5,5.99309,5,0.147675,5,0.0675588,5,-1.23895,-0.664021,0.759571,-0.0149377,-0.00322444,1.92093e-13,7.32666e-15,1.0456e-15,16.7872,399.242,405.416,4.3,0,640.286,15.2276,15.4631,7.05,0,0.0913766,2.17316,2.20677,4.4,0,288.678,287.193,100398.0,1.21088,1013.78,0.0237825,0.00956936,0.0115379,1529.24,1598.21,0.00952855,95.6846,68.9696,286.48,-1.77097,0.678082,0.14436,1.90183,-1.83362e-14,1.14428e-17,1.90183,3.2961,290.996,159.049,4.35327,-9999,0.122958,0.0915719,13.6486,0.32661,-1.81658,-0.0790057,0,-9999.0,-9999.0,-9999.0,-9999.0,-9999.0,-9999.0,-9999.0,-0.0180017,1.01696,-11.267,1.03672,4.79948,1.36776,4.44379,1.34864,0.107968,1.36776,0.048413,1.39547,800000009,800010009,800000009,800000009,800000009,800000019,800000019,800100019,80000,80000,80,80,0,0,1,0,0,0,0,0.076626,0.0878245,0.0186932,0.0418943,17.3925,0.0885223,0.00595717,-0.00917842,0.105685,0.00256776,0.00115138,16.2317,621.315
A20152010030.slt,2015-07-20,01:00,201.042,0,36000,36000,-0.0264246,1,-12.8199,1,5.08806,4,3.05298,1,0.114428,4,0.0207177,2,-0.983057,-0.300268,-0.108831,-0.00675287,-0.00450894,8.96158e-11,3.41297e-12,4.80123e-13,16.7617,398.294,404.429,4.45,0,638.36,15.1688,15.4024,16.0,0,0.0898021,2.13389,2.16675,4.5,0,288.29,286.9,100382.0,1.21195,1013.73,0.0237621,0.00741492,0.0115033,1523.08,1568.05,0.00949153,97.1322,44.9683,286.418,-1.84914,0.499179,0.143122,1.92067,-2.07624e-14,5.34646e-15,1.92067,3.25178,285.088,164.893,4.27344,-9999,0.14766,0.100073,21.9845,0.202768,-2.5196,-0.0706665,0,-9999.0,-9999.0,-9999.0,-9999.0,-9999.0,-9999.0,-9999.0,-0.0260785,1.01327,-12.2764,1.02934,3.9326,1.29382,2.38446,1.28037,0.0884421,1.29382,0.01577,1.31374,800000009,800010009,800000009,800000009,800000009,800000009,800000019,800000019,80000,80000,80,80,0,0,0,0,0,0,0,0.107558,0.0645663,0.0280221,0.0354211,5.51226,0.0748449,0.00117558,-0.00999221,0.0566598,0.00210157,0.000374729,16.4122,595.328
A20152010100.slt,2015-07-20,01:30,201.062,0,36000,36000,-0.0563642,5,-18.4515,5,7.62383,5,5.51023,5,0.171449,5,0.0563105,5,-0.145224,1.68402,-0.389345,0.0378711,-0.0094694,-1.7255e-10,-6.77204e-12,-8.96339e-13,16.618,394.902,401.119,4.45,0,652.205,15.4987,15.7427,21.1,0,0.0863251,2.05139,2.08369,4.4,0,288.358,286.857,100361.0,1.21172,1013.92,0.0237636,0.0111099,0.0117527,1555.88,1563.64,0.00969918,99.5037,7.75962,286.745,-1.89122,1.09492,0.177062,2.19247,-4.26237e-14,-1.03833e-14,2.19247,4.47084,299.566,149.931,4.6322,-9999,0.215675,0.196939,47.5925,0.0936649,-2.42024,-0.0696346,0,65.947,-10.0077,22.6375,56.3705,85.9686,120.572,180.639,-0.0557746,1.01057,-17.7175,1.02418,6.38807,1.19345,4.6527,1.18431,0.143658,1.19345,0.0466379,1.2074,800000009,800010009,800000009,800000009,800000009,800000009,800000019,800010019,80000,80000,80,80,0,0,0,0,0,0,0,0.218463,0.129372,0.0460429,0.0247776,5.95692,0.0641675,0.00150796,-0.014421,0.110565,0.00341383,0.00110828,16.4241,585.728
A20152010130.slt,2015-07-20,02:00,201.083,1,36000,36000,-0.0481844,1,-17.6263,1,6.79363,4,3.07795,1,0.152791,4,0.0225055,4,0.267959,-3.28857,-0.161001,-0.0739609,-0.00888248,-1.50148e-11,-5.66791e-13,-7.53215e-14,16.5518,393.499,399.432,4.7,0,624.809,14.8541,15.0781,8.75,0,0.0830316,1.97398,2.00374,4.4,0,288.351,286.937,100345.0,1.2115,1013.55,0.0237738,0.00990084,0.0112591,1490.94,1571.79,0.00929351,94.8561,80.8519,286.092,-1.95498,0.902272,0.161136,2.15917,-4.75633e-14,-9.07143e-16,2.15917,4.2541,294.499,155.225,4.2799,-9999,0.199431,0.237849,39.3815,0.113194,-2.59453,-0.0719777,0,-9999.0,-9999.0,-9999.0,-9999.0,-9999.0,-9999.0,-9999.0,-0.0476511,1.01119,-16.9327,1.02539,5.58475,1.21646,2.55223,1.20598,0.125603,1.21646,0.018276,1.23142,800000009,800010009,800000009,800000009,800000009,800000009,800000019,800000019,80000,80000,80,81,0,0,1,0,0,0,0,0.211146,0.216847,0.0477047,0.0311808,4.84097,0.0646512,0.00027078,-0.0137897,0.0606763,0.00298605,0.000434489,16.4245,555.62
A20152010200.slt,2015-07-20,02:30,201.104,1,36000,36000,-0.0192215,5,-9.59015,5,4.53705,5,2.6182,5,0.101992,5,0.0397363,5,-1.62128,-0.424263,0.589934,-0.00953737,0.0110885,-1.88505e-10,-6.98493e-12,-9.79084e-13,16.7926,398.633,404.609,4.25,1,622.238,14.7711,14.9926,5.75,0,0.0872196,2.07048,2.10152,4.7,0,287.848,286.453,100325.0,1.21333,1013.5,0.0237387,0.00660909,0.0112127,1482.3,1523.09,0.00924129,97.3222,40.7857,286.003,-1.65195,0.384627,0.13113,1.70119,-2.0413e-14,-1.12255e-14,1.70119,3.18002,283.416,166.893,4.42081,-9999,0.125864,0.109009,18.1921,0.245038,-2.11374,-0.0619613,0,-9999.0,-9999.0,-9999.0,-9999.0,-9999.0,-9999.0,-9999.0,-0.0189663,1.01346,-9.15182,1.02952,3.42564,1.32444,1.99745,1.31077,0.0770078,1.32444,0.0295493,1.34475,800000009,800010009,800000009,800000009,800000009,800000009,811100019,811110019,80000,80000,80,80,0,0,0,0,0,0,0,0.109177,0.0901621,0.0186781,0.0312194,6.48145,0.0488498,0.00175975,-0.00744226,0.0474169,0.00182806,0.00070146,16.6508,556.429
A20152010230.slt,2015-07-20,03:00,201.125,1,36000,36000,-0.00659564,5,-4.69283,5,-1.98358,5,1.8946,5,-0.0445819,5,0.0140689,5,-0.682447,-0.0355127,0.742565,-0.000798164,0.00806346,6.26378e-11,2.28293e-12,3.30994e-13,17.0745,405.091,411.162,4.6,0,622.305,14.7642,14.9854,40.65,0,0.090226,2.14061,2.17269,4.45,0,287.683,286.25,100311.0,1.21403,1013.49,0.023725,-0.00288891,0.0112139,1481.41,1503.0,0.00923692,98.5635,21.5903,285.994,-1.49155,0.524377,0.1323,1.58657,6.32198e-14,3.6685e-15,1.58657,2.34376,289.076,160.63,4.7833,-9999,0.0737077,0.0376718,7.46552,0.597112,2.36583,-0.0517455,0,-9999.0,-9999.0,-9999.0,-9999.0,-9999.0,-9999.0,-9999.0,-0.00645032,1.02253,-4.57694,1.04768,-1.26386,1.56947,1.22837,1.54237,-0.0284058,1.56947,0.00873635,1.61039,800000009,800010009,800000009,800000009,800000009,800000009,800110019,811110019,80000,80000,80,80,0,0,0,0,0,0,0,0.0336627,0.0343687,0.00731215,0.0264323,8.69855,0.051085,0.000133329,-0.00371984,0.0291431,-0.000673927,0.00020727,16.5187,607.396
A20152010300.slt,2015-07-20,03:30,201.146,1,36000,36000,-0.0215748,5,-5.449,5,-5.49367,6,1.16795,6,-0.123491,6,-0.0242685,6,0.525381,-2.80205,-0.0605834,-0.0629868,-0.0117674,1.4847e-10,5.21708e-12,7.4799e-13,17.0396,404.564,410.398,4.5,0,598.754,14.2159,14.4209,26.1,0,0.0858454,2.03819,2.06758,11.55,0,287.933,286.407,100292.0,1.21339,1013.19,0.0237425,-0.00800223,0.0107895,1426.13,1518.46,0.00889207,93.9194,92.3319,285.414,-1.35616,0.736316,0.137215,1.54925,8.45998e-14,8.71322e-15,1.54925,3.18788,296.685,151.501,5.08129,-9999,0.133343,0.149777,38.0588,0.117128,0.991868,-0.0332396,0,-9999.0,-9999.0,-9999.0,-9999.0,-9999.0,-9999.0,-9999.0,-0.0213758,1.00931,-5.63416,1.02106,-4.51333,1.21721,0.965919,1.20916,-0.101454,1.21721,-0.0197545,1.2285,800000009,800010009,800000009,800000009,800000009,800100009,810110019,811110019,80000,80000,80,81,0,0,2,0,0,0,0,0.13765,0.145153,0.0167511,0.0603469,7.96165,0.0817931,0.00231275,-0.0045829,0.0229333,-0.00240878,-0.000469022,16.4819,583.626
A20152010330.slt,2015-07-20,04:00,201.167,1,36000,36000,-0.00366785,5,-0.258146,7,-0.950128,5,-0.429755,5,-0.0213556,5,0.012428,5,-0.357804,0.619258,0.248984,0.0139188,0.00996753,8.27844e-11,2.91811e-12,4.32499e-13,17.1352,406.731,412.647,6.55,0,604.008,14.337,14.5456,10.6,0,0.0895211,2.12492,2.15583,4.35,0,287.749,286.3,100280.0,1.21364,1013.25,0.0237365,-0.00138384,0.0108842,1438.1,1507.92,0.00896825,95.3702,69.8141,285.541,-1.32226,-0.298785,0.134961,1.3623,1.45864e-13,4.83125e-15,1.3623,1.97997,257.586,192.733,5.68553,-9999,0.0549745,0.133983,56.2918,0.07919,0.271696,-0.00381855,0,-9999.0,-9999.0,-9999.0,-9999.0,-9999.0,-9999.0,-9999.0,-0.0036394,1.00782,-0.302043,1.0179,-0.781311,1.21607,-0.355173,1.20999,-0.0175612,1.21607,0.0101467,1.22483,800000009,800110009,800000009,800000009,800000009,801000009,811110019,811110019,80000,80000,80,81,0,0,0,0,0,0,0,0.0315514,0.234177,0.00223832,0.0644144,9.6606,0.0768021,0.00665075,-0.000245618,-0.00843057,-0.000416841,0.000240849,16.5674,589.527
A20152010400.slt,2015-07-20,04:30,201.187,1,36000,36000,-0.00816893,5,-4.18869,5,5.73847,5,1.76914,5,0.128962,5,0.1292,5,-0.514483,1.41735,0.389634,0.0318524,0.00857663,6.32169e-11,2.25265e-12,3.3904e-13,17.282,410.12,416.203,4.5,0,615.822,14.6141,14.8309,46.2,0,0.0926856,2.19954,2.23216,4.4,0,287.606,286.147,100249.0,1.21379,1013.4,0.0237311,0.00835674,0.0110971,1465.45,1492.88,0.00914255,98.1624,27.4334,285.828,-1.66555,-0.0278414,0.131535,1.67097,-1.0069e-13,3.65796e-15,1.67097,2.64602,269.012,180.958,4.51486,-9999,0.0820373,0.0395662,11.5268,0.386728,-0.729931,-0.0415088,0,-9999.0,-9999.0,-9999.0,-9999.0,-9999.0,-9999.0,-9999.0,-0.00803375,1.01683,-3.81796,1.03628,4.01832,1.42808,1.2553,1.40933,0.0903048,1.42808,0.0887217,1.45624,800000009,800010009,800000009,800000009,800000009,800100009,811100019,811110019,80000,80000,80,80,0,0,4,0,0,0,0,0.0311607,0.041435,0.00653693,0.0247389,8.09346,0.0706544,0.011678,-0.00310388,0.0297898,0.00214304,0.00210547,16.7105,601.684
A20152010430.slt,2015-07-20,05:00,201.208,1,36000,36000,-0.00840873,5,-4.77194,5,2.81712,5,1.73742,5,0.0633026,5,0.0247732,5,-0.391605,1.13854,0.39605,0.0255837,-0.00559156,2.10957e-11,7.56808e-13,1.09716e-13,17.4332,413.565,419.793,4.25,1,625.415,14.8366,15.0601,6.55,0,0.090668,2.15091,2.1833,4.4,0,287.478,286.03,100243.0,1.21411,1013.52,0.0237229,0.00410201,0.01127,1487.67,1481.53,0.00928253,100.0,0.0,286.058,-1.41989,0.356108,0.134361,1.47002,6.33639e-14,1.21009e-15,1.47002,2.18039,284.184,165.921,5.2442,-9999,0.0832218,0.0397705,10.5625,0.422036,-1.69391,-0.0465978,0,-9999.0,-9999.0,-9999.0,-9999.0,-9999.0,-9999.0,-9999.0,-0.00826994,1.01678,-4.50999,1.03604,1.94943,1.4451,1.21735,1.42721,0.0438052,1.4451,0.0168235,1.47254,800000009,800010009,800000009,800000009,800000009,800000009,811110019,811110019,80000,80000,80,80,0,0,1,0,0,0,0,0.0324832,0.0386795,0.00837831,0.00967965,5.22232,0.0568555,0.00182891,-0.00366508,0.0288791,0.00103919,0.000399103,16.8603,611.446
A20152010500.slt,2015-07-20,05:30,201.229,1,36000,36000,-0.0163752,5,-0.754399,8,5.07484,5,0.661122,5,0.114065,5,0.0299389,5,0.91661,1.2286,-0.0347501,0.0276147,0.0128867,-5.71396e-11,-2.08463e-12,-3.12906e-13,17.4031,413.262,419.588,4.1,0,634.918,15.077,15.3078,10.45,0,0.0953024,2.26309,2.29773,4.2,0,287.751,286.303,100239.0,1.21279,1013.67,0.0237464,0.00739143,0.0114412,1511.72,1508.25,0.00943379,100.0,0.0,286.303,-0.819405,0.544562,0.131787,0.992643,-2.7122e-14,-3.2833e-15,0.992643,2.16576,304.818,146.393,7.62936,-9999,0.116199,0.0663522,181.872,0.0245104,-0.148655,-0.005281,0,-9999.0,-9999.0,-9999.0,-9999.0,-9999.0,-9999.0,-9999.0,-0.0162984,1.00471,-0.47788,1.01138,4.48664,1.1311,0.585701,1.12877,0.100844,1.1311,0.0263854,1.13468,800000009,800010009,800000009,800000009,800000009,800100009,811110019,811110019,80000,80000,80,80,0,2,1,0,0,0,0,0.0818343,0.0401718,0.0106982,0.0184069,8.46676,0.0482136,0.0044726,-0.000388719,0.0139083,0.00239469,0.000626559,16.9864,605.732
A20152010530.slt,2015-07-20,06:00,201.25,1,36000,36000,-0.0730397,5,-18.4322,5,14.8316,5,4.89294,5,0.33349,5,0.0505901,5,1.31688,-0.403923,-1.73776,-0.00908226,-0.0292169,3.06086e-10,1.15311e-11,1.5441e-12,16.738,398.11,404.172,4.5,0,630.564,14.9978,15.2262,5.8,0,0.0844377,2.00833,2.03891,4.4,0,288.187,286.697,100215.0,1.21087,1013.63,0.0237848,0.0216102,0.0113628,1503.41,1547.44,0.00938396,97.1549,44.0269,286.219,-1.5846,1.17527,0.156307,1.97905,-1.33423e-13,1.82869e-14,1.97905,4.35284,305.383,143.436,4.52998,-9999,0.245601,0.282344,70.274,0.0634339,-1.24277,-0.0611461,0,66.5435,-10.0982,22.8422,56.8804,86.7462,121.663,182.273,-0.0724123,1.00866,-17.3799,1.02017,12.7751,1.16098,4.23954,1.15412,0.287249,1.16098,0.0431972,1.17114,800000009,800010009,800000009,800000009,800000009,800000019,800010019,800010019,80000,80000,80,81,0,0,0,0,0,0,255,0.359442,0.146758,0.058488,0.0549729,22.6755,0.0758826,0.00248643,-0.0141602,0.100837,0.00683217,0.00102744,16.3413,598.911
A20152010600.slt,2015-07-20,06:30,201.271,1,36000,36000,-0.0434221,5,-11.5693,5,6.24655,5,1.63075,5,0.140485,5,0.012069,5,0.747087,0.0291985,-0.34598,0.000656672,-0.00291912,-7.93022e-11,-3.01151e-12,-3.97998e-13,16.5968,395.091,401.109,4.65,0,630.266,15.0036,15.2321,5.45,0,0.0832953,1.98286,2.01306,4.6,0,288.289,286.92,100207.0,1.20983,1013.64,0.0238052,0.0091034,0.0113574,1503.87,1570.09,0.00938757,95.7826,66.2172,286.224,-1.5345,0.975411,0.153625,1.82475,7.01251e-15,-4.77816e-15,1.82475,3.56637,302.926,147.558,4.82941,-9999,0.189449,0.203442,51.3841,0.0867534,-1.85212,-0.0497976,0,-9999.0,-9999.0,-9999.0,-9999.0,-9999.0,-9999.0,-9999.0,-0.0430341,1.00902,-11.0678,1.02072,5.2924,1.18029,1.39046,1.17281,0.119026,1.18029,0.0101324,1.19113,800000009,800010009,800000009,800000009,800000009,800000009,800010019,800010019,80000,80000,80,80,0,0,0,0,0,0,0,0.178274,0.191154,0.0374558,0.0144538,4.25407,0.0494871,7.42754e-05,-0.00902513,0.0331001,0.00283343,0.000241204,16.0914,612.661
A20152010630.slt,2015-07-20,07:00,201.292,1,36000,36000,-0.0486974,5,-13.7137,5,11.1067,5,0.988891,5,0.249831,5,0.0159116,5,0.590565,1.75097,-0.832882,0.0393859,-0.00392,-1.30547e-10,-5.16629e-12,-6.55945e-13,16.2788,387.817,393.861,4.3,0,644.222,15.3476,15.5868,6.75,0,0.0817945,1.94862,1.979,4.3,0,288.585,287.097,100192.0,1.20875,1013.83,0.0238234,0.016189,0.0116089,1538.12,1588.21,0.00960405,96.846,50.0914,286.569,-1.63721,1.44031,0.164482,2.18678,3.42501e-14,-8.01943e-15,2.18678,4.03322,311.45,138.661,4.31366,-9999,0.200717,0.212505,51.5508,0.0864729,-1.23473,-0.0557531,0,-9999.0,-9999.0,-9999.0,-9999.0,-9999.0,-9999.0,-9999.0,-0.0482057,1.0102,-12.8843,1.02343,9.56518,1.16116,0.858024,1.15252,0.215157,1.16116,0.0135545,1.1739,800000009,800010009,800000009,800000009,800000009,800000009,800010019,800010019,80000,80000,80,80,0,0,0,0,0,0,0,0.228941,0.1509,0.0451686,0.0236108,10.9955,0.115698,0.000246383,-0.0105138,0.0204411,0.00512577,0.000322914,17.3077,508.41
A20152010700.slt,2015-07-20,07:30,201.312,1,36000,36000,-0.0815446,1,-15.7218,1,17.8543,1,-1.31153,1,0.401791,1,0.00887994,1,1.55739,1.6432,-0.530925,0.0369782,-0.00218948,-1.58764e-10,-6.49316e-12,-7.99456e-13,16.0561,383.172,389.272,4.25,1,656.667,15.6711,15.9206,6.15,0,0.0808507,1.92947,1.96019,4.5,0,289.028,287.563,100182.0,1.20651,1014.03,0.0238646,0.0260361,0.0118331,1570.38,1636.97,0.0098077,95.9322,66.5895,286.888,-2.10918,1.6745,0.180474,2.69911,4.14501e-14,-9.88805e-15,2.69911,5.32726,307.988,141.554,3.83389,-9999,0.259975,0.364988,97.7081,0.0456231,-0.880562,-0.0494297,0,62.175,-9.4353,21.3427,53.1463,81.0514,113.676,170.307,-0.0807253,1.01015,-14.4847,1.02386,15.5607,1.1474,-1.15133,1.13914,0.350174,1.1474,0.00765902,1.15941,800000009,800010009,800000009,800000009,800000009,800000009,800010019,800010019,80000,80000,80,80,0,0,0,0,0,0,0,0.457345,0.195086,0.0775455,0.0426439,4.21588,0.0550146,6.17848e-05,-0.0118393,-0.0274761,0.00835677,0.000182779,17.6858,402.498
A20152010730.slt,2015-07-20,08:00,201.333,1,36000,36000,-0.147065,5,-15.5623,7,60.078,5,-4.05903,5,1.35353,5,-0.00882707,6,3.93255,0.449181,-0.295359,0.0101198,0.000145025,1.15711e-10,4.7917e-12,5.87026e-13,15.8799,380.577,386.671,4.2,0,657.601,15.76,16.0123,4.85,0,0.0805621,1.93074,1.96166,12.65,0,289.959,288.747,100169.0,1.20137,1014.1,0.0239659,0.0877084,0.01185,1579.09,1766.55,0.00986368,89.3883,187.461,286.973,-2.18856,2.09706,0.189717,3.03701,-2.17642e-13,7.28663e-15,3.03701,6.5061,312.806,136.223,3.5815,-9999,0.349877,0.664242,240.594,0.0185281,-0.259036,-0.0365091,0,67.0712,-10.1783,23.0234,57.3315,87.4341,122.628,183.718,-0.145656,1.00968,-12.0098,1.0233,53.5241,1.12245,-3.64153,1.11465,1.20587,1.12245,-0.00779579,1.13229,800000009,800010009,800000009,800000009,800000009,800000009,800010019,800010019,80000,80000,80,81,0,0,0,0,0,0,0,0.650526,0.561698,0.116259,0.202932,4.71263,0.112435,0.000110334,-0.00985777,-0.0872726,0.0288997,-0.000186833,15.7464,595.71
A20152010800.slt,2015-07-20,08:30,201.354,1,36000,36000,-0.20921,1,-9.47845,1,54.7233,1,-4.08933,1,1.23401,1,0.0107328,1,3.1353,-1.59767,-0.0849432,-0.0360274,0.000273797,-7.94401e-11,-3.22973e-12,-4.04314e-13,15.7952,379.828,385.785,4.25,1,642.172,15.4424,15.6846,4.55,0,0.0803904,1.93316,1.96348,4.15,0,290.774,289.693,100158.0,1.19746,1013.94,0.0240471,0.0799638,0.0115719,1547.09,1876.6,0.00966373,82.4412,329.51,286.658,-2.17751,3.1993,0.199368,3.87515,4.30305e-14,-5.02938e-15,3.87515,7.9002,325.924,124.24,2.94904,-9999,0.417985,0.752017,673.451,0.00661926,-0.173207,-0.0186769,0,66.9381,-10.1581,22.9777,57.2177,87.2606,122.384,183.354,-0.206863,1.01134,-6.19581,1.02755,50.0667,1.09301,-3.77559,1.0831,1.129,1.09301,0.00973196,1.10284,800000009,800010009,800000009,800000009,800000009,800000009,800010019,800010019,80000,80000,80,80,0,0,0,0,0,0,0,0.895194,0.442361,0.166478,0.0126966,4.0973,0.0905872,0.000134381,-0.005103,-0.0907921,0.0271493,0.000234026,15.3579,613.073
A20152010830.slt,2015-07-20,09:00,201.375,1,36000,36000,-0.280089,1,-11.3504,1,50.9171,1,-4.38038,1,1.14853,1,0.0116598,1,1.0365,-1.69685,0.098514,-0.0382755,-0.00207491,9.88304e-11,3.92121e-12,4.97101e-13,15.8132,380.697,386.536,4.35,0,627.406,15.1046,15.3362,4.95,0,0.0795378,1.91484,1.94421,4.3,0,291.098,290.007,100152.0,1.19625,1013.75,0.0240746,0.0744247,0.0113059,1513.15,1914.33,0.00945112,79.0435,401.177,286.318,-2.36715,3.75342,0.192789,4.4417,6.45478e-16,6.24987e-15,4.4417,9.16848,327.791,122.238,2.48767,-9999,0.48388,0.94957,872.411,0.00510969,-0.22292,-0.0193429,0,67.2085,-10.1992,23.0705,57.4488,87.6131,122.879,184.095,-0.276535,1.01285,-8.19181,1.03118,46.6673,1.09107,-4.05993,1.07893,1.05267,1.09107,0.0105872,1.10131,800000009,800010009,800000009,800000009,800000009,800000009,800010019,800010019,80000,80000,80,80,0,0,0,0,0,0,0,1.10889,0.569717,0.220539,0.0125046,4.11355,0.0764379,6.53624e-05,-0.00675503,-0.0977412,0.0253425,0.000254882,15.3495,600.052
A20152010900.slt,2015-07-20,09:30,201.396,1,36000,36000,-0.327909,1,25.2221,1,74.674,1,-6.71004,1,1.68552,1,0.00830141,4,2.25501,0.584014,-0.00264474,0.0131822,-0.000539481,-1.94861e-10,-7.7915e-12,-9.77737e-13,15.7736,380.674,386.558,4.2,0,630.707,15.2212,15.4565,4.55,0,0.0791459,1.91007,1.93959,5.1,0,291.624,290.69,100143.0,1.19327,1013.84,0.0241335,0.109222,0.0113653,1524.7,1998.93,0.00952452,76.276,474.225,286.434,-2.46451,3.78086,0.221414,4.5186,2.4987e-14,-1.23536e-14,4.5186,8.95811,326.764,123.098,2.80866,-9999,0.524211,1.11389,-499.165,-0.00893042,0.337763,0.0397712,0,68.0869,-10.3325,23.372,58.1997,88.7582,124.485,186.501,-0.324304,1.01111,28.8744,1.02863,68.7094,1.08681,-6.2376,1.07574,1.55088,1.08681,0.00758274,1.09478,800000009,800010009,800000009,800000009,800000009,800010009,800010019,800010019,80000,80000,80,80,0,0,0,49,0,0,0,1.27141,0.705387,0.250998,0.132118,4.56262,0.095755,0.000130469,0.0238675,-0.150535,0.0374283,0.000182998,15.3232,600.534
A20152010930.slt,2015-07-20,10:00,201.417,1,36000,36000,-0.365119,1,49.1013,1,97.466,1,-7.68759,1,2.20208,1,0.0166239,1,3.26613,-1.227,0.20503,-0.0277221,-0.00069316,6.77099e-11,2.65091e-12,3.37035e-13,15.792,382.494,388.309,4.35,0,618.273,14.975,15.2027,4.55,0,0.0786068,1.90392,1.93286,4.0,0,292.308,291.683,100123.0,1.18909,1013.72,0.0242208,0.142695,0.0111413,1499.75,2127.74,0.00936961,70.4856,627.989,286.182,-3.07587,4.15384,0.197507,5.17246,7.18893e-14,4.28761e-15,5.17246,9.45557,323.409,126.52,2.18833,-9999,0.554129,1.49752,-302.814,-0.0147211,0.503779,0.0735109,0,68.0599,-10.3283,23.3627,58.1765,88.7229,124.435,186.427,-0.360471,1.0129,53.2738,1.03275,88.9833,1.09533,-7.11593,1.08033,2.01043,1.09533,0.0150823,1.10221,800000009,800000009,800000009,800000009,800000009,800000009,800010019,800010019,80000,80000,80,80,0,0,0,0,0,0,0,1.76462,0.950171,0.280251,0.100823,5.11651,0.164645,7.48381e-05,0.0441962,-0.172353,0.0486941,0.000365305,15.3656,584.703
A20152011000.slt,2015-07-20,10:30,201.437,1,36000,36000,-0.310313,1,43.0528,1,73.3357,1,-6.0211,1,1.65765,1,0.00930301,1,1.53188,-0.93696,0.100448,-0.0211785,-0.000911624,3.0496e-11,1.17619e-12,1.50799e-13,15.803,383.388,389.142,4.05,0,609.499,14.7867,15.0086,4.35,0,0.0781441,1.89581,1.92426,4.55,0,292.74,292.15,100119.0,1.18723,1013.62,0.0242604,0.107415,0.0109832,1480.83,2190.72,0.0092511,67.5955,709.893,285.988,-2.60994,4.32432,0.163428,5.05354,1.2653e-13,1.92976e-15,5.05354,10.6905,329.026,121.113,1.85323,-9999,0.511249,1.50683,-271.213,-0.0164363,0.587064,0.0699776,0,64.2275,-9.74676,22.0472,54.9007,83.727,117.428,175.929,-0.306461,1.01257,46.1037,1.032,67.6232,1.08448,-5.6346,1.06859,1.52852,1.08448,0.00853694,1.08974,800000009,800000009,800000009,800000009,800000009,800000009,800010019,800010019,80000,80000,80,80,0,0,0,0,0,0,0,1.45929,1.27853,0.275839,0.0805107,4.37015,0.108874,7.21818e-05,0.0383112,-0.136698,0.0370825,0.00020711,15.382,574.079
A20152011030.slt,2015-07-20,11:00,201.458,1,36000,36000,-0.314615,1,45.9596,1,65.6235,1,-4.71266,1,1.48368,1,0.00678762,1,0.830835,-0.501753,0.0629551,-0.0113441,-0.000650505,-5.3624e-10,-2.05107e-11,-2.63969e-12,15.8119,383.948,389.671,4.2,0,604.792,14.6857,14.9046,4.2,0,0.0778354,1.89002,1.91819,4.1,0,292.933,292.403,100116.0,1.18621,1013.56,0.0242822,0.0961428,0.0108983,1470.67,2225.59,0.00918756,66.0798,754.926,285.883,-2.18599,4.80155,0.1173,5.27705,-1.84414e-13,-3.39137e-14,5.27705,9.91406,335.581,114.478,1.27369,-9999,0.515003,1.61796,-259.687,-0.0171658,0.700353,0.0742256,0,64.1172,-9.73003,22.0094,54.8064,83.5832,117.227,175.627,-0.310521,1.01318,48.4769,1.03341,61.2059,1.07218,-4.46716,1.05496,1.38381,1.07218,0.00630381,1.07675,800000009,800000009,800000009,800000009,800000009,800000009,800010019,800010019,80000,80000,80,80,0,0,0,0,0,0,0,1.41289,1.54207,0.280939,0.0693279,4.21772,0.0924914,5.70659e-05,0.0403201,-0.108473,0.0336019,0.000153071,15.3939,568.857
A20152011100.slt,2015-07-20,11:30,201.479,1,36000,36000,-0.366956,1,127.028,1,100.276,1,-6.45893,1,2.26905,1,0.00897628,1,2.84424,1.9509,-0.0794823,0.044145,-4.62425e-05,-1.05814e-10,-4.16366e-12,-5.2173e-13,15.7314,383.238,389.106,4.15,0,619.011,15.08,15.3108,4.4,0,0.0775656,1.8896,1.91854,3.9,0,293.709,293.273,100088.0,1.18218,1013.81,0.0243614,0.147034,0.0111546,1509.72,2349.08,0.00943563,64.2688,839.354,286.283,-2.64401,4.53396,0.170677,5.25135,4.48325e-14,-6.72631e-15,5.25135,9.98904,329.467,120.249,1.86253,-9999,0.557142,1.49508,-118.946,-0.0374772,1.26678,0.190237,0,67.0117,-10.1693,23.0029,57.2806,87.3565,122.519,183.555,-0.362206,1.01311,129.318,1.03324,92.9418,1.07891,-6.09006,1.06057,2.10309,1.07891,0.00829316,1.08237,800000009,800000009,800000009,800000009,800000009,800000009,800000019,800000019,80000,80000,80,80,0,0,0,0,0,0,0,1.56991,1.12581,0.294453,0.230758,4.24463,0.123223,5.46415e-05,0.1079,-0.148362,0.0512341,0.000202033,15.3256,578.225
A20152011130.slt,2015-07-20,12:00,201.5,1,36000,36000,-0.350415,1,167.907,1,155.807,1,-7.96037,1,3.5293,1,0.0113628,1,3.52844,1.09097,-0.11681,0.0247123,0.000134964,-1.37967e-10,-5.52368e-12,-6.82564e-13,15.6288,382.191,388.13,4.4,0,625.718,15.3015,15.5393,4.45,0,0.0773203,1.89081,1.9202,4.15,0,294.727,294.357,100076.0,1.17758,1013.96,0.0244543,0.228699,0.0112754,1531.72,2511.19,0.00957506,60.9958,979.47,286.505,-0.921967,4.41779,0.119757,4.51456,-5.40503e-15,-8.82774e-15,4.51456,9.30998,347.801,101.788,1.52005,-9999,0.545501,1.55075,-84.4609,-0.0527788,1.07766,0.257787,0,68.2538,-10.3578,23.4293,58.3423,88.9757,124.79,186.958,-0.346567,1.0111,173.395,1.0286,149.662,1.04106,-7.77456,1.0239,3.39011,1.04106,0.0109048,1.042,800000009,800000009,800000009,800000009,800000009,800000009,800000019,800000019,80000,80000,80,80,0,0,0,0,0,0,0,1.37206,1.45929,0.270144,0.412481,4.43751,0.241965,5.66917e-05,0.145219,-0.190121,0.0829028,0.000266669,15.2354,580.097
A20152011200.slt,2015-07-20,12:30,201.521,1,36000,36000,-0.284465,1,156.541,1,140.385,1,-6.81607,1,3.18203,1,0.012403,1,2.18757,-1.13921,-0.0576732,-0.0258218,-6.62325e-05,1.33537e-10,5.27238e-12,6.61335e-13,15.5689,381.673,387.512,3.95,0,614.699,15.0694,15.3,4.2,0,0.0771041,1.89022,1.91914,4.25,1,295.245,295.03,100056.0,1.17477,1013.84,0.0245151,0.206196,0.0110769,1508.19,2616.8,0.00942901,57.6347,1108.62,286.268,-1.03834,4.28765,0.10571,4.41285,-2.89226e-13,8.57717e-15,4.41285,8.22553,346.567,103.613,1.37265,-9999,0.492084,1.53611,-66.4897,-0.0670442,1.11508,0.267096,0,66.0301,-10.0203,22.666,56.4416,86.0769,120.724,180.867,-0.281417,1.01083,161.433,1.02796,134.301,1.0453,-6.6424,1.02615,3.04412,1.0453,0.0118816,1.04388,800000009,800000009,800000009,800000009,800000009,800000009,800000019,800000019,80000,80000,80,80,0,0,0,0,0,0,0,1.30768,1.52567,0.23887,0.413763,4.55353,0.220116,5.65116e-05,0.13554,-0.162839,0.0746271,0.000291279,15.194,566.321
A20152011230.slt,2015-07-20,13:00,201.542,1,36000,36000,-0.311244,5,156.246,5,153.65,5,-7.48046,5,3.48435,5,0.0101215,5,1.57812,-0.043519,-0.155944,-0.000986888,-0.000191187,-4.71017e-10,-1.86546e-11,-2.33917e-12,15.4821,380.269,386.083,4.15,0,613.167,15.0605,15.2908,4.45,0,0.0768873,1.8885,1.91737,3.95,0,295.861,295.517,100030.0,1.17253,1013.85,0.0245619,0.225786,0.0110493,1506.91,2695.54,0.00942341,55.9039,1188.63,286.255,-1.25734,4.04447,0.158159,4.23836,-3.56907e-14,-3.04233e-14,4.23836,8.5394,342.886,107.269,2.13855,-9999,0.515215,1.34823,-76.4446,-0.0583134,1.01689,0.255107,0,70.5562,-10.7072,24.2197,60.3104,91.9771,128.999,193.264,-0.308051,1.01037,162.06,1.02687,145.957,1.05271,-7.24262,1.03284,3.3099,1.05271,0.00963966,1.04999,800000009,800000009,800000009,800000009,800000009,800000009,800000019,800000019,80000,80000,80,80,0,0,0,0,0,0,0,1.25826,1.21623,0.221962,0.459935,4.66253,0.24489,5.70599e-05,0.136325,-0.177893,0.0812974,0.000236768,15.1065,562.603
A20152011300.slt,2015-07-20,13:30,201.562,1,36000,36000,-0.325739,1,133.858,1,156.404,2,-6.08273,1,3.54931,2,0.00851581,1,2.37157,-3.41631,-0.0307136,-0.0775273,-0.000256909,2.22582e-10,8.41181e-12,1.10484e-12,15.4306,379.991,385.528,4.4,0,583.153,14.3606,14.5699,4.3,0,0.0765934,1.88618,1.91366,4.25,1,296.326,296.25,100018.0,1.1698,1013.47,0.0246259,0.229995,0.0105084,1436.7,2818.09,0.00898309,50.9815,1381.38,285.526,-1.04974,4.70184,0.110321,4.81886,1.62186e-13,1.44247e-14,4.81886,10.5307,347.788,102.586,1.31182,-9999,0.527691,1.95491,-95.8517,-0.0465067,0.855852,0.213965,0,65.4428,-9.9312,22.4644,55.9395,85.3113,119.65,179.258,-0.3219,1.01193,139.849,1.03052,148.706,1.05176,-5.93966,1.02409,3.37462,1.05176,0.00816152,1.04341,800000009,800000009,800000009,800000009,800000009,800000009,800000019,800000019,80000,80000,80,80,0,0,0,0,0,0,0,1.51694,2.11228,0.280591,0.252726,4.1819,0.324141,5.84557e-05,0.11796,-0.146269,0.083103,0.000200985,15.0791,530.378
A20152011330.slt,2015-07-20,14:00,201.583,1,36000,36000,-0.365494,1,147.717,1,144.378,1,-6.15922,1,3.27756,1,0.0113952,1,1.15182,-2.11465,-0.0659935,-0.048005,-0.000220702,8.59807e-11,3.15614e-12,4.27004e-13,15.3857,379.395,384.753,4.0,0,564.771,13.9267,14.1234,4.2,0,0.0764096,1.88418,1.91079,4.1,0,296.809,296.607,100004.0,1.16842,1013.25,0.024659,0.212386,0.0101772,1393.09,2879.43,0.0087102,48.3809,1486.34,285.058,-1.08725,4.71971,0.135635,4.84522,-1.78821e-13,5.58835e-15,4.84522,9.46123,347.667,102.973,1.60413,-9999,0.559294,1.71691,-103.402,-0.0431107,1.02312,0.223087,0,67.7791,-10.2857,23.2664,57.9366,88.3569,123.922,185.658,-0.361161,1.012,152.573,1.03068,136.688,1.05626,-6.00959,1.0249,3.10298,1.05626,0.0109114,1.04434,800000009,800000009,800000009,800000009,800000009,800000009,800000019,800000019,80000,80000,80,80,0,0,0,0,0,0,0,1.79962,1.34546,0.288721,0.352475,4.1598,0.206001,6.162e-05,0.128873,-0.14819,0.0765164,0.000269065,15.0312,510.879
A20152011400.slt,2015-07-20,14:30,201.604,1,36000,36000,-0.300703,1,158.043,1,128.644,1,-4.69404,1,2.92322,1,0.010206,1,3.22835,-2.76065,0.0598046,-0.0627309,0.000223768,2.94005e-10,1.03364e-11,1.4596e-12,15.3526,379.937,385.081,4.3,0,539.754,13.3576,13.5384,4.25,0,0.0762183,1.88621,1.91175,4.1,0,297.564,297.61,99983.0,1.16449,1012.96,0.0247475,0.189425,0.00972637,1335.89,3058.29,0.00835244,43.6809,1722.4,284.424,-0.355739,4.8965,0.0964803,4.91035,1.31272e-13,1.91502e-14,4.91035,10.1557,355.86,94.1553,1.12584,-9999,0.508161,1.61746,-72.4723,-0.0615097,1.22853,0.263661,0,62.5679,-9.49492,21.4775,53.4821,81.5636,114.394,171.383,-0.297086,1.01218,161.69,1.03109,122.714,1.04833,-4.65187,1.00907,2.78845,1.04833,0.0099235,1.02847,800000009,800000009,800000009,800000009,800000009,800000009,800000019,800000019,80000,80000,80,80,0,0,0,0,0,0,0,1.2892,1.65464,0.291061,0.308595,4.07753,0.239516,5.94834e-05,0.137075,-0.115122,0.0690073,0.000245582,15.0183,482.805
A20152011430.slt,2015-07-20,15:00,201.625,1,36000,36000,-0.352584,1,164.07,1,149.309,1,-5.02047,1,3.39362,1,0.0115421,1,0.825069,1.46127,-0.0907379,0.0332131,0.000698271,-8.91639e-12,-3.21251e-13,-4.4511e-14,15.3038,379.113,384.363,4.15,0,551.384,13.6592,13.8483,4.2,0,0.0763972,1.89255,1.91876,4.15,0,297.829,297.867,99968.0,1.16318,1013.13,0.0247726,0.219907,0.00993594,1365.85,3105.57,0.00854203,43.9806,1739.72,284.759,0.408388,5.43596,0.0552181,5.45156,-1.13283e-13,-5.82626e-16,5.45156,10.0146,4.94304,85.7036,0.580351,-9999,0.550564,1.92248,-88.78,-0.0502112,1.09886,0.252877,0,64.0885,-9.72568,21.9995,54.7819,83.5459,117.174,175.548,-0.34783,1.01367,168.261,1.03451,141.699,1.0537,-4.96726,1.01071,3.22066,1.0537,0.0111812,1.03228,800000009,800000009,800000009,800000009,800000009,800000009,800000019,800000019,80000,80000,80,80,0,0,0,0,0,0,0,1.71178,1.8119,0.321283,0.317979,3.97209,0.261101,5.96175e-05,0.142782,-0.123052,0.0797841,0.000276987,14.975,493.935
A20152011500.slt,2015-07-20,15:30,201.646,1,36000,36000,-0.282328,1,57.4863,1,113.757,1,-4.99852,1,2.58541,1,0.0142361,1,-0.192856,0.521647,-0.0054545,0.0118558,0.00020315,1.19265e-11,4.33149e-13,5.96037e-14,15.3001,379.064,384.355,4.3,0,555.672,13.7669,13.959,4.3,0,0.0764636,1.8944,1.92084,4.05,0,297.873,297.807,99937.3,1.16301,1013.19,0.0247752,0.167534,0.0100132,1376.19,3094.46,0.00860972,44.4728,1718.26,284.873,0.498966,4.89138,0.0497192,4.91702,-3.92718e-13,7.79504e-16,4.91702,9.98794,5.74896,84.1755,0.579365,-9999,0.492703,1.67071,-181.562,-0.0245522,0.505345,0.0990159,0,63.2159,-9.59326,21.7,54.036,82.4084,115.579,173.158,-0.278927,1.01219,62.8462,1.03114,108.186,1.05149,-4.93182,1.01352,2.4588,1.05149,0.0137808,1.03304,800000009,800000009,800000009,800000009,800000009,800010009,800000019,800010019,80000,80000,80,80,0,0,0,1,0,0,0,1.63075,1.44403,0.26666,0.0671276,3.93384,0.148192,5.97747e-05,0.0533342,-0.122187,0.0609173,0.000341423,14.9673,499.044
A20152011530.slt,2015-07-20,16:00,201.667,1,36000,36000,-0.202724,1,52.2727,1,99.8484,1,-4.20723,1,2.27005,1,0.0103946,1,1.08064,-0.943729,0.0107045,-0.0214557,-3.85887e-05,-1.29876e-10,-4.6488e-12,-6.48779e-13,15.2833,379.161,384.378,4.1,0,547.051,13.5717,13.7585,4.2,0,0.0763456,1.89405,1.92011,4.3,0,298.277,298.143,99914.3,1.16152,1013.09,0.0248089,0.1471,0.00985786,1356.37,3157.25,0.00848705,42.9607,1800.87,284.654,-0.190086,4.23181,0.0691875,4.23664,7.23887e-14,-8.49792e-15,4.23664,8.02001,357.562,92.5719,0.935725,-9999,0.417773,1.09821,-121.702,-0.0366284,0.523521,0.106331,0,60.7522,-9.21938,20.8543,51.9301,79.1966,111.074,166.41,-0.200645,1.01036,57.2088,1.02686,95.9155,1.041,-4.18226,1.00597,2.18064,1.041,0.0101642,1.02266,800000009,800000009,800000009,800000009,800000009,800010009,800010019,800010019,80000,80000,80,80,0,0,0,0,0,0,0,1.07444,0.909851,0.212137,0.158283,3.9819,0.219612,6.11058e-05,0.0486172,-0.103757,0.0540992,0.000252163,14.9491,488.511
A20152011600.slt,2015-07-20,16:30,201.687,1,36000,36000,-0.246024,1,78.1637,1,145.069,1,-5.36915,1,3.29991,1,0.0145043,2,1.75113,-2.59145,0.062915,-0.0589479,-0.000528413,3.27192e-10,1.1231e-11,1.62783e-12,15.2763,379.734,384.75,4.05,0,524.367,13.0346,13.2067,4.1,0,0.076002,1.88923,1.91418,4.1,0,298.56,298.69,99901.0,1.15947,1012.81,0.0248577,0.213834,0.00944909,1302.51,3261.57,0.00814947,39.9352,1959.06,284.043,0.886849,4.72306,0.0275081,4.80568,-2.62407e-13,2.14183e-14,4.80568,8.88212,10.7915,79.3654,0.327967,-9999,0.460637,1.47605,-109.081,-0.0408666,0.538802,0.144498,0,62.0642,-9.41848,21.3046,53.0515,80.9069,113.473,170.003,-0.243133,1.01189,84.7849,1.03043,135.689,1.06913,-5.25367,1.02198,3.08653,1.06913,0.0139302,1.04121,800000009,800000009,800000009,800000009,800000009,800000009,800010019,800010019,80000,80000,80,80,0,0,0,0,0,0,0,1.35089,1.35709,0.244117,0.165437,3.95982,0.245809,6.19775e-05,0.0721993,-0.130594,0.0767241,0.000346273,14.9587,465.131
A20152011630.slt,2015-07-20,17:00,201.708,1,36000,36000,-0.18064,1,27.4677,1,101.477,1,-3.74366,1,2.30797,1,0.0113812,1,-0.469893,-2.29963,0.0475038,-0.0523023,-0.000181167,-2.10749e-10,-6.96166e-12,-1.0464e-12,15.2976,380.167,385.002,4.1,0,505.325,12.5581,12.7178,4.25,0,0.0759546,1.88758,1.91159,4.1,0,298.428,298.543,99877.0,1.15997,1012.53,0.0248515,0.149557,0.00910595,1254.6,3233.29,0.00785013,38.8025,1978.69,283.481,-0.148372,3.95033,0.0713189,3.95375,9.57325e-14,-1.37766e-14,3.95375,7.70124,357.806,92.151,1.03357,-9999,0.394623,0.985303,-195.114,-0.0228469,0.27068,0.0592629,0,62.3603,-9.46342,21.4063,53.3047,81.293,114.015,170.815,-0.178919,1.00962,33.0532,1.0251,96.9867,1.0463,-3.72235,1.00573,2.20585,1.0463,0.0111438,1.0213,800000009,800010009,800000009,800000009,800000009,800010009,800010019,800010019,80000,80000,80,80,0,0,0,0,0,0,0,0.872973,0.920193,0.177441,0.0642663,4.14668,0.279886,6.40384e-05,0.028142,-0.0925058,0.0548186,0.000276941,14.9814,447.89
A20152011700.slt,2015-07-20,17:30,201.729,1,36000,36000,-0.247809,1,22.3396,4,131.4,1,-5.38012,1,2.98844,1,0.0148754,2,-0.117471,-0.518558,0.0166026,-0.0117936,-0.000343862,2.99703e-10,9.81147e-12,1.48501e-12,15.3037,380.319,385.113,4.0,0,501.002,12.4506,12.6076,4.25,0,0.0758288,1.88445,1.90821,4.35,0,298.616,298.507,99865.0,1.16003,1012.47,0.0248514,0.193651,0.00902806,1243.71,3226.25,0.00778264,38.5498,1982.54,283.35,0.0161567,4.15542,0.0937636,4.15651,1.60021e-13,1.95837e-14,4.15651,9.71244,1.09586,89.7772,1.2926,-9999,0.462194,1.38028,-385.406,-0.0115664,0.170012,0.0411527,0,65.4655,-9.93465,22.4722,55.9589,85.3409,119.692,179.32,-0.245319,1.01015,29.8169,1.02636,125.531,1.04676,-5.36069,1.00363,2.85497,1.04676,0.0145842,1.01997,800000009,800010009,800000009,800000009,800000009,800000009,800000019,800010019,80000,80000,80,80,0,0,0,0,0,0,0,1.51366,1.03144,0.215451,0.098016,4.87849,0.391543,7.02026e-05,0.025387,-0.133221,0.0709499,0.000362438,14.9755,442.972
A20152011730.slt,2015-07-20,18:00,201.75,1,36000,36000,-0.277662,1,44.1123,1,121.364,1,-4.23157,1,2.76149,1,0.012385,1,1.56667,-5.24898,0.218704,-0.119435,-0.000486983,-1.61735e-10,-4.80594e-12,-7.95319e-13,15.3555,382.315,386.708,4.35,0,456.288,11.3605,11.491,4.3,0,0.0755095,1.88001,1.90161,3.9,0,298.746,298.997,99843.3,1.15835,1011.89,0.0248976,0.178944,0.00822231,1134.57,3321.4,0.00709828,34.1595,2186.83,281.984,-0.297957,4.77637,0.0820517,4.78636,-1.37993e-14,-1.05327e-14,4.78636,9.69737,356.55,93.5696,0.982259,-9999,0.489596,1.38235,-231.917,-0.0192213,0.363472,0.0768688,0,63.3642,-9.61576,21.7509,54.1628,82.6016,115.85,173.564,-0.274413,1.01184,50.1503,1.03031,113.175,1.07235,-4.19456,1.00882,2.57516,1.07235,0.0120508,1.02773,800000009,800010009,800000009,800000009,800000009,800000009,800000019,800000019,80000,80000,80,80,0,0,0,0,0,0,0,1.4269,1.07593,0.261861,0.0373015,3.88098,0.204307,5.95322e-05,0.042786,-0.104434,0.0641152,0.000300035,15.051,398.495
A20152011800.slt,2015-07-20,18:30,201.771,1,36000,35778,-0.317712,1,31.5342,2,126.294,2,-5.00573,4,2.8739,2,0.0145963,2,0.255666,0.0858307,0.0642631,0.00195313,5.49694e-05,-7.51382e-11,-2.2328e-12,-3.69018e-13,15.372,382.902,387.308,4.25,1,456.794,11.3783,11.5093,4.2,0,0.0754949,1.88051,1.90215,3.8,0,298.816,299.077,99824.0,1.15781,1011.89,0.0249091,0.186228,0.00823143,1136.13,3337.16,0.00710948,34.0449,2201.03,282.004,-0.0508748,4.62001,0.0770487,4.62093,-1.35503e-14,-4.88799e-15,4.62093,9.55287,359.626,90.6309,0.955386,-9999,0.523839,1.40088,-397.313,-0.0112197,0.249689,0.0513821,0,68.7004,-10.4256,23.5826,58.7241,89.5579,125.606,188.181,-0.314134,1.01139,38.2855,1.02927,118.754,1.06349,-4.99498,1.00215,2.70233,1.06349,0.0143061,1.02029,800000009,800010009,800000009,800000009,800000009,800000009,800010019,800010019,80000,80000,80,80,0,0,0,0,0,0,0,1.68579,0.870956,0.245017,0.0241066,6.5782,0.202266,5.74155e-05,0.0326784,-0.12442,0.0673125,0.000356352,15.0483,401.104
A20152011830.slt,2015-07-20,19:00,201.792,1,36000,36000,-0.336931,1,-12.4888,6,123.307,1,-4.1234,1,2.80485,1,0.0187451,1,-1.26941,-0.940699,-0.0178202,-0.0213979,2.86164e-05,2.83552e-10,8.28507e-12,1.39337e-12,15.3872,382.739,387.068,4.35,0,449.596,11.1832,11.3097,4.15,0,0.0756122,1.88077,1.90204,4.05,0,298.416,298.68,99832.7,1.15953,1011.78,0.0248739,0.181754,0.00810172,1116.75,3259.63,0.00698704,34.2599,2142.89,281.75,0.731216,4.94921,0.0733056,5.00347,-6.7824e-15,1.84278e-14,5.00347,10.6999,8.64026,81.5957,0.839467,-9999,0.539049,1.48782,1093.19,0.00407776,-0.101282,-0.019748,0,68.0521,-10.3272,23.3601,58.1699,88.7128,124.421,186.405,-0.332201,1.01424,-5.02036,1.03457,111.997,1.10099,-4.03187,1.0227,2.54758,1.10099,0.0179197,1.04606,800000009,800010009,800000009,800000009,800000009,800000009,800010019,800010019,80000,80000,80,80,0,0,0,0,0,0,0,1.85998,0.850739,0.264929,0.0624495,3.63772,0.147588,6.28128e-05,-0.00427923,-0.100288,0.0633683,0.000445732,15.0814,393.768
A20152011900.slt,2015-07-20,19:30,201.812,1,36000,36000,-0.163035,1,-28.0603,2,89.3672,2,-3.62959,2,2.03099,2,0.0196522,4,-2.98606,3.09323,-0.123323,0.0702978,0.00106152,2.20618e-10,6.83456e-12,1.09288e-12,15.3917,381.618,386.184,4.35,0,476.821,11.8221,11.9636,4.35,0,0.0762459,1.89042,1.91303,4.1,0,297.695,297.75,99843.7,1.163,1012.11,0.0247937,0.131608,0.00859231,1180.68,3084.0,0.00738804,38.2842,1903.31,282.575,0.312482,3.54442,0.0661825,3.55878,1.65203e-13,1.43336e-14,3.55878,7.25039,4.50075,84.9617,1.06559,-9999,0.374411,0.794387,163.062,0.0273377,-0.313989,-0.0636704,0,65.3568,-9.91815,22.4349,55.866,85.1992,119.493,179.022,-0.161163,1.01161,-22.118,1.02771,83.7307,1.06732,-3.5817,1.01337,1.90289,1.06732,0.0190155,1.03348,800000009,800010009,800000009,800000009,800000009,800000009,800010019,800010019,80000,80000,80,81,0,0,0,0,0,0,0,1.00418,0.442824,0.141767,0.0297318,3.93058,0.192373,8.07026e-05,-0.0187905,-0.0888037,0.0471797,0.000471466,15.0674,423.953
A20152011930.slt,2015-07-20,20:00,201.833,1,36000,36000,-0.0540733,1,-34.6362,2,31.6553,1,-0.964015,1,0.718448,1,0.0147667,1,-4.45174,3.61973,-0.0427849,0.0821531,0.00127947,-8.57957e-12,-2.82784e-13,-4.28042e-14,15.447,381.231,386.082,4.25,1,509.136,12.5654,12.7253,4.35,0,0.0770664,1.90199,1.9262,4.2,0,296.514,296.37,99839.0,1.16803,1012.48,0.0246799,0.0465554,0.00917463,1254.86,2838.6,0.00785477,44.207,1583.74,283.484,-0.371626,2.44114,0.0919375,2.47097,2.85595e-14,-5.5542e-16,2.47097,4.85301,351.162,98.6559,2.13229,-9999,0.215161,0.224005,25.0718,0.177799,-1.09417,-0.136121,0,61.773,-9.37429,21.2047,52.8026,80.5273,112.941,169.206,-0.0532858,1.01478,-31.8627,1.03285,28.7389,1.10148,-0.927548,1.03932,0.652257,1.10148,0.0137903,1.07081,800000009,800000009,800000009,800000009,800000009,800000009,800000019,800100019,80000,80000,80,80,0,0,1,0,0,0,0,0.233923,0.160348,0.0537377,0.32259,3.60935,0.0725537,7.7139e-05,-0.0269427,-0.0228918,0.0160977,0.000340343,15.1038,461.531
A20152012000.slt,2015-07-20,20:30,201.854,1,36000,36000,-0.0252936,5,-14.8352,5,26.7092,5,-1.40114,5,0.605317,5,0.0180583,5,-4.83145,3.35257,-0.0811755,0.07598,0.00323685,8.86328e-11,3.08629e-12,4.49833e-13,15.4959,380.5,385.609,4.25,1,539.583,13.2494,13.4273,4.4,0,0.0786455,1.93113,1.95706,4.55,0,295.445,294.88,99843.0,1.17368,1012.82,0.0245549,0.0392245,0.00972329,1323.21,2592.95,0.00828447,51.0313,1269.73,284.28,-0.799506,1.69206,0.111331,1.87474,-1.03506e-13,5.71976e-15,1.87474,3.3251,334.348,115.291,3.40448,-9999,0.146802,0.0961752,18.594,0.239742,-0.555435,-0.0850118,0,-9999.0,-9999.0,-9999.0,-9999.0,-9999.0,-9999.0,-9999.0,-0.0249543,1.0136,-13.0311,1.02995,22.909,1.16588,-1.24776,1.12292,0.51919,1.16588,0.0156625,1.15297,800000009,800010009,800000009,800000009,800000009,800000009,800110019,800110019,80000,80000,80,80,0,0,0,0,0,0,0,0.0988096,0.0730248,0.020516,0.0705784,4.46021,0.196242,0.000381175,-0.0109622,-0.0306386,0.0127487,0.000384591,15.1192,495.239
A20152012030.slt,2015-07-20,21:00,201.875,1,36000,36000,-0.0362766,5,-14.0154,5,38.9937,5,-2.20251,5,0.884569,5,0.0180531,5,3.20003,4.72068,-0.277949,0.107088,0.0034253,-9.30836e-11,-3.50098e-12,-4.83178e-13,15.3422,377.99,383.441,4.4,0,577.038,14.2166,14.4216,4.45,0,0.0796383,1.96207,1.99036,4.05,0,296.002,295.87,99843.3,1.16932,1013.39,0.0246372,0.0573201,0.0103982,1419.82,2753.99,0.00889251,51.5548,1334.18,285.347,-0.945217,1.46268,0.133123,1.74659,-4.82908e-14,-6.06716e-15,1.74659,3.5173,326.902,122.871,4.37124,-9999,0.176136,0.126635,34.0008,0.131107,-0.359428,-0.0671504,0,-9999.0,-9999.0,-9999.0,-9999.0,-9999.0,-9999.0,-9999.0,-0.0359304,1.00964,-11.64,1.02189,34.0274,1.14595,-1.9678,1.11927,0.771909,1.14595,0.0158587,1.13837,800000009,800010009,800000009,800000009,800000009,800000009,800000019,800110019,80000,80000,80,80,0,0,1,0,0,0,0,0.133266,0.0901741,0.0298291,0.0326706,4.00973,0.162614,0.000123439,-0.00982295,-0.0484812,0.0190177,0.000390713,14.9931,528.065
A20152012100.slt,2015-07-20,21:30,201.896,1,36000,36000,-0.0140706,5,-0.049228,9,-9.84602,6,-0.727676,5,-0.22314,6,-0.0185191,6,-3.24385,3.46591,-0.145419,0.0785478,0.00396444,4.85142e-11,1.92206e-12,2.57297e-13,15.342,376.681,382.388,4.35,0,607.829,14.9236,15.1497,9.7,0,0.0813671,1.99775,2.02802,9.1,0,295.267,294.87,99850.0,1.17305,1013.76,0.0245523,-0.0144595,0.0109531,1490.52,2591.36,0.00933725,57.5189,1100.84,286.087,-1.21596,1.25453,0.132234,1.75211,8.76732e-14,3.16218e-15,1.75211,2.70869,316.113,134.106,4.3283,-9999,0.109522,0.0647146,2327.57,0.00191519,0.00499978,-0.000377973,0,-9999.0,-9999.0,-9999.0,-9999.0,-9999.0,-9999.0,-9999.0,-0.0139776,1.00666,-0.597506,1.01594,-8.76123,1.12382,-0.654469,1.11186,-0.198556,1.12382,-0.0164925,1.12288,800000009,800010009,800000009,800000009,800000009,800000009,800110019,811110019,80000,80000,80,80,0,0,0,0,0,0,0,0.0546956,0.0629237,0.0118096,0.166105,3.70932,0.146573,0.000701323,-0.000502447,-0.0160687,-0.004875,-0.00040493,14.9798,562.233
A20152012130.slt,2015-07-20,22:00,201.917,1,36000,36000,-0.0151073,5,-8.65806,5,6.98034,5,-0.423019,5,0.157953,5,0.0134843,5,-5.16482,3.96649,-0.0402309,0.0897551,0.00353799,-6.90565e-11,-2.88599e-12,-3.72409e-13,15.4114,376.321,382.334,7.7,0,644.07,15.7271,15.9784,4.75,0,0.0831108,2.02942,2.06185,4.4,0,294.227,293.287,99859.0,1.17913,1014.17,0.0244183,0.0102354,0.0116061,1570.91,2351.02,0.00984296,66.8184,780.104,286.893,-1.43455,1.19439,0.108087,1.86981,2.2102e-14,-4.48087e-15,1.86981,2.92904,309.712,140.22,3.31391,-9999,0.113191,0.0647145,14.6118,0.305079,-1.24035,-0.063964,0,-9999.0,-9999.0,-9999.0,-9999.0,-9999.0,-9999.0,-9999.0,-0.0148696,1.01599,-8.07428,1.03475,5.37558,1.29853,-0.33389,1.26694,0.12164,1.29853,0.0103096,1.30793,800000009,800000009,800000009,800000009,800000009,800000009,800000019,810100019,80000,80000,80,80,0,0,0,0,0,0,0,0.0688942,0.0471932,0.0133416,0.0775506,4.05765,0.0933962,0.000327882,-0.00675197,-0.00815302,0.00297025,0.000251743,15.004,603.528
A20152012200.slt,2015-07-20,22:30,201.937,1,36000,36000,-0.0213763,5,-16.1458,5,5.3823,5,0.842275,5,0.121688,5,0.0124622,5,-2.90107,0.538158,0.236804,0.0121672,0.00440263,-3.54104e-11,-1.48175e-12,-1.93571e-13,15.545,378.434,384.523,4.15,0,650.483,15.8357,16.0905,4.85,0,0.0849768,2.06871,2.102,4.2,0,293.484,292.4,99859.0,1.18266,1014.21,0.0243445,0.00788539,0.0117217,1581.76,2225.13,0.00991133,71.086,643.375,286.999,-1.61199,1.3663,0.106413,2.11581,2.89378e-14,-2.27793e-15,2.11581,3.5713,310.359,139.716,2.88287,-9999,0.134443,0.0847836,13.1293,0.339526,-2.99979,-0.100123,0,-9999.0,-9999.0,-9999.0,-9999.0,-9999.0,-9999.0,-9999.0,-0.0209817,1.01881,-15.3411,1.0406,4.07839,1.31971,0.655323,1.28528,0.092208,1.31971,0.00932478,1.33646,800000009,800000009,800000009,800000009,800000009,800000009,800000019,800100019,80000,80000,80,80,0,0,0,0,0,0,0,0.0933034,0.0561534,0.0201104,0.0972037,4.33064,0.0561752,0.00017734,-0.0127899,0.0159535,0.00224475,0.000227007,15.1172,613.566
A20152012230.slt,2015-07-20,23:00,201.958,1,36000,36000,-0.0692195,5,-40.0969,5,36.37,5,-2.15073,6,0.821856,5,0.0669034,5,-1.7808,-3.82835,0.654839,-0.0865096,-0.00536592,2.79869e-11,1.09721e-12,1.47187e-13,15.8142,384.268,390.145,10.75,0,619.988,15.065,15.2955,5.15,0,0.083169,2.02091,2.05183,4.45,0,293.034,291.857,99860.3,1.18522,1013.77,0.0242989,0.0532563,0.0111722,1504.8,2150.94,0.00942624,69.9601,646.141,286.233,-1.53379,1.97789,0.120837,2.50583,-1.07346e-13,1.76973e-15,2.50583,4.67626,321.526,127.792,2.764,-9999,0.241666,0.321217,30.7017,0.145195,-1.10247,-0.138089,0,64.9419,-9.85519,22.2925,55.5114,84.6584,118.735,177.886,-0.0682839,1.0137,-37.1635,1.03073,31.0665,1.17072,-1.87225,1.14874,0.702011,1.17072,0.0566834,1.1803,800000009,800000009,800000009,800000009,800000009,800000009,800000019,800000019,80000,80000,80,81,0,0,0,0,0,0,0,0.344945,0.237604,0.0598859,0.0912451,8.64231,0.359684,0.001865,-0.0309298,-0.0454936,0.0170581,0.00137734,15.369,585.748
A20152012300.slt,2015-07-20,23:30,201.979,0,36000,36000,-0.0656453,1,-37.5858,1,13.2658,2,1.84997,1,0.299699,2,0.0158973,2,-0.776274,-4.6975,0.547678,-0.106126,-0.00894084,1.11435e-11,4.04358e-13,5.55925e-14,16.0297,389.142,394.715,4.6,0,581.659,14.1206,14.3228,4.55,0,0.0799685,1.94134,1.96915,4.5,0,292.637,291.62,99872.0,1.18675,1013.23,0.0242764,0.0194205,0.0104815,1410.63,2119.31,0.0088321,66.5605,708.687,285.248,-1.63848,2.15402,0.115985,2.70885,9.02921e-14,6.9518e-16,2.70885,4.91157,322.609,127.259,2.45398,-9999,0.235192,0.278178,30.1881,0.147666,-2.83329,-0.132903,0,62.4911,-9.48327,21.4512,53.4165,81.4635,114.254,171.173,-0.0646819,1.0149,-35.8407,1.03331,11.2893,1.17507,1.61164,1.14788,0.255047,1.17507,0.0134396,1.18287,800000009,800000009,800000009,800000009,800000009,800000009,800000019,800000019,80000,80000,80,80,0,0,0,0,0,0,0,0.270817,0.223166,0.0623731,0.134785,4.08545,0.0618412,0.000116856,-0.0298062,0.0391248,0.00619162,0.000326264,15.5841,549.397
A20152012330.slt,2015-07-21,00:00,202.0,0,36000,36000,-0.0910262,1,-39.7957,1,10.0038,1,2.36366,1,0.225833,1,0.012844,1,-2.57616,-0.202373,0.143892,-0.00456854,-0.000942029,4.27575e-12,1.542e-13,2.11694e-14,16.1253,390.419,395.994,4.45,0,581.539,14.08,14.2811,4.8,0,0.0798369,1.93298,1.96059,4.5,0,291.93,290.837,99870.0,1.18994,1013.19,0.0242116,0.014634,0.0104793,1406.55,2017.5,0.0088066,69.7172,610.957,285.204,-1.97417,2.09912,0.152743,2.88565,-5.88151e-14,2.65158e-16,2.88565,5.5244,316.381,133.243,3.0342,-9999,0.27658,0.337009,46.3661,0.0961425,-3.97806,-0.119343,0,63.8949,-9.6963,21.9331,54.6164,83.2935,116.82,175.018,-0.0898292,1.01333,-38.2688,1.03036,8.57395,1.16676,2.06284,1.14583,0.193556,1.16676,0.0109249,1.17567,800000009,800000009,800000009,800000009,800000009,800000009,800000019,800000019,80000,80000,80,80,0,0,1,0,0,0,0,0.378673,0.213622,0.0817228,0.0744957,3.82343,0.0574781,9.18107e-05,-0.0317415,0.0499447,0.0046863,0.000264509,15.668,552.242
A20152020000.slt,2015-07-21,00:30,202.021,0,36000,36000,-0.155328,1,-46.4207,1,16.0287,2,2.93448,1,0.361843,2,0.0180155,2,-0.0219228,-2.18372,-0.0480442,-0.0492969,-0.0022436,-1.2512e-10,-4.37686e-12,-6.13763e-13,16.1074,389.992,395.386,4.05,0,563.459,13.6424,13.8311,4.45,0,0.0790133,1.91307,1.93953,4.15,0,291.933,290.83,99866.3,1.19012,1012.95,0.024212,0.0234474,0.0101535,1362.79,2016.66,0.0085315,67.5765,653.87,284.725,-2.22492,2.69878,0.188473,3.50274,1.09099e-13,-7.76785e-15,3.50274,7.62997,320.52,129.503,3.08442,-9999,0.361268,0.58389,88.5744,0.0503277,-2.89611,-0.106587,0,63.2876,-9.60414,21.7246,54.0973,82.5018,115.71,173.355,-0.153317,1.01312,-44.3685,1.03061,14.1275,1.13457,2.63337,1.11434,0.318925,1.13457,0.0157856,1.14126,800000009,800000009,800000009,800000009,800000009,800000009,800000019,800000019,80000,80000,80,80,0,0,0,0,0,0,0,0.694501,0.330449,0.14283,0.0546456,3.73966,0.0510656,9.35919e-05,-0.036804,0.0637591,0.00772181,0.0003822,15.6497,534.122
A20152020030.slt,2015-07-21,01:00,202.042,0,36000,36000,-0.260036,1,-59.9846,1,20.7732,1,3.33924,1,0.468909,1,0.014962,1,-0.285047,-1.3037,0.00426724,-0.0294283,-0.000984946,-3.05629e-11,-1.04856e-12,-1.49223e-13,16.1126,390.03,395.32,4.1,0,552.795,13.3813,13.5628,4.9,0,0.0786697,1.90433,1.93016,4.15,0,291.789,290.743,99858.7,1.1905,1012.8,0.0242066,0.0303853,0.00996136,1336.6,2005.66,0.00836736,66.6411,669.068,284.432,-2.98294,3.36517,0.208648,4.50176,-5.24658e-14,-1.89683e-15,4.50176,8.21895,318.364,131.554,2.6565,-9999,0.467359,0.914921,148.388,0.0300412,-2.8876,-0.106448,0,65.7752,-9.98163,22.5785,56.2236,85.7446,120.258,180.168,-0.256182,1.01504,-57.0466,1.03553,18.3195,1.13394,3.00578,1.11094,0.413524,1.13394,0.0131175,1.14061,800000009,800000009,800000009,800000009,800000009,800000009,800000019,800000019,80000,80000,80,80,0,0,0,0,0,0,0,1.05434,0.558841,0.21666,0.0591871,3.72093,0.0425745,6.06849e-05,-0.0473124,0.0727596,0.01001,0.000317531,15.6586,524.035
A20152020100.slt,2015-07-21,01:30,202.062,0,36000,36000,-0.322271,1,-59.4057,1,23.4116,1,3.20057,1,0.528429,1,0.0153136,1,-0.24124,-1.63363,-0.0562411,-0.0368731,-0.00036207,1.04115e-10,3.48914e-12,5.08134e-13,16.096,389.531,394.684,4.1,0,539.417,13.0542,13.2268,4.4,0,0.0785569,1.90112,1.92626,4.2,0,291.726,290.67,99858.7,1.19095,1012.62,0.0242005,0.0342422,0.00972029,1303.92,1996.4,0.00816178,65.3135,692.484,284.059,-3.29506,4.08271,0.203618,5.25047,4.27709e-14,6.46836e-15,5.25047,10.4489,321.101,128.906,2.22254,-9999,0.520192,1.20116,206.597,0.021577,-2.53745,-0.0946945,0,64.2938,-9.75684,22.07,54.9574,83.8135,117.55,176.111,-0.316974,1.01671,-56.0993,1.03968,20.7698,1.12719,2.90617,1.1013,0.4688,1.12719,0.0135132,1.13323,800000009,800000009,800000009,800000009,800000009,800000009,800000019,800000019,80000,80000,80,80,0,0,0,0,0,0,0,1.32678,0.791858,0.283677,0.0410334,3.77315,0.0547013,5.81838e-05,-0.0465177,0.0703309,0.0113452,0.000327026,15.6395,511.057
A20152020130.slt,2015-07-21,02:00,202.083,1,36000,36000,-0.323435,1,-52.4619,1,20.2395,1,2.15163,1,0.456782,1,0.0163226,2,-0.361982,-1.93572,0.0103422,-0.043687,0.00011078,-1.21881e-10,-3.96238e-12,-5.95011e-13,16.1063,389.623,394.622,4.25,1,523.62,12.6667,12.8292,4.55,0,0.0786293,1.9021,1.9265,4.4,0,291.555,290.56,99861.3,1.19161,1012.39,0.0241907,0.0295995,0.00943563,1265.26,1982.58,0.00791839,63.8185,717.329,283.607,-2.79553,4.44153,0.193038,5.25161,2.20634e-13,-7.56729e-15,5.25161,9.77937,327.786,122.187,2.10655,-9999,0.520986,1.30098,235.003,0.0189689,-2.59206,-0.0834707,0,63.9076,-9.69822,21.9374,54.6272,83.31,116.843,175.053,-0.31819,1.01648,-49.5661,1.03924,18.2168,1.11103,1.98351,1.08476,0.411133,1.11103,0.0146325,1.1155,800000009,800010009,800000009,800000009,800000009,800000009,800000019,800000019,80000,80000,80,80,0,0,0,0,0,0,0,1.39925,0.913785,0.288928,0.0434485,3.7249,0.0496225,7.2431e-05,-0.0410865,0.0479824,0.00994559,0.000353971,15.6527,496.174
A20152020200.slt,2015-07-21,02:30,202.104,1,36000,36000,-0.274134,1,-46.5319,1,17.6235,2,2.32805,1,0.397597,2,0.0139536,1,-1.25239,-1.09968,0.0919435,-0.0248094,-0.000690729,9.1031e-11,2.90204e-12,4.4205e-13,16.1653,390.437,395.358,3.65,0,515.345,12.4471,12.6039,6.05,0,0.0784993,1.89598,1.91988,4.4,0,291.145,290.18,99887.0,1.19358,1012.27,0.0241529,0.0257643,0.00928652,1243.63,1935.49,0.00778041,64.2543,691.854,283.349,-1.76173,4.14552,0.180638,4.50796,2.71903e-13,5.63126e-15,4.50796,10.2253,337.697,113.024,2.29651,-9999,0.479244,1.319,206.263,0.021612,-2.64033,-0.0803615,0,63.2734,-9.60198,21.7197,54.0851,82.4832,115.684,173.316,-0.270239,1.01441,-44.1691,1.03431,16.2748,1.08287,2.19496,1.06063,0.367169,1.08287,0.0128361,1.08706,800000009,800010009,800000009,800000009,800000009,800000009,800000019,800000019,80000,80000,80,80,0,0,0,0,0,0,0,1.50315,0.883666,0.251167,0.0578104,3.84529,0.0418923,5.92607e-05,-0.0365572,0.0530146,0.00886818,0.000310028,15.7093,489.813
A20152020230.slt,2015-07-21,03:00,202.125,1,36000,36000,-0.212095,1,-49.8843,1,14.9345,1,2.48643,1,0.336788,1,0.0144491,1,-1.45231,-0.310394,0.0764149,-0.0069997,8.48483e-05,6.47769e-11,2.05126e-12,3.14141e-13,16.2179,391.113,396.017,4.0,0,513.565,12.3852,12.5405,4.6,0,0.0786501,1.89673,1.92052,4.0,0,290.749,289.74,99887.7,1.19542,1012.23,0.0241161,0.0218239,0.00925444,1237.46,1882.18,0.00774155,65.746,644.722,283.275,-1.59997,3.6908,0.171681,4.02634,-8.96535e-14,3.99416e-15,4.02634,8.02859,336.497,113.437,2.44381,-9999,0.421215,0.773061,130.63,0.0341249,-3.3402,-0.0978723,0,64.1792,-9.73944,22.0306,54.8594,83.664,117.34,175.797,-0.209204,1.01382,-47.6613,1.03258,13.7271,1.08796,2.33049,1.06691,0.30956,1.08796,0.0132166,1.09325,800000009,800010009,800000009,800000009,800000009,800000009,800000019,800000019,80000,80000,80,80,0,0,0,0,0,0,0,0.807863,0.550896,0.187362,0.0538755,3.71264,0.0408468,6.08377e-05,-0.0393883,0.0562023,0.00746537,0.000318732,15.7537,489.82
A20152020300.slt,2015-07-21,03:30,202.146,1,36000,36000,-0.243538,1,-50.7637,1,15.3467,1,2.88893,2,0.346015,1,0.0132347,1,-0.671503,0.575617,-0.0394554,0.0129782,0.000310323,-1.91116e-10,-6.11344e-12,-9.28997e-13,16.2119,390.764,395.71,4.35,0,518.589,12.4999,12.6581,4.75,0,0.0788047,1.89947,1.92352,4.4,0,290.615,289.537,99869.3,1.19599,1012.28,0.0241036,0.0224218,0.00934498,1248.69,1857.98,0.00781357,67.2065,609.298,283.41,-2.29726,3.76804,0.191518,4.41726,3.79432e-14,-1.17886e-14,4.41726,9.04518,328.518,121.369,2.48494,-9999,0.451252,0.905454,157.815,0.0282467,-3.30779,-0.0929189,0,63.2579,-9.59962,21.7144,54.0719,82.463,115.656,173.273,-0.240023,1.01464,-48.4116,1.03465,13.8589,1.10735,2.66014,1.08601,0.312472,1.10735,0.0118796,1.11407,800000009,800000009,800000009,800000009,800000009,800000009,800000019,800000019,80000,80000,80,80,0,0,0,0,0,0,0,0.982121,0.606016,0.22277,0.0391644,3.77152,0.039746,5.86892e-05,-0.039987,0.0641188,0.00753169,0.00028634,15.7436,495.407
A20152020330.slt,2015-07-21,04:00,202.167,1,36000,36000,-0.354448,1,-58.4196,1,22.8059,1,2.74082,1,0.514139,1,0.015966,1,-0.385416,-0.102106,-0.0437188,-0.00230189,8.8656e-05,-7.40292e-11,-2.36655e-12,-3.60355e-13,16.2013,390.378,395.311,4.1,0,517.92,12.4795,12.6372,5.6,0,0.0788637,1.90026,1.92427,4.0,0,290.477,289.42,99862.7,1.1964,1012.27,0.0240955,0.0333162,0.00933291,1246.57,1844.23,0.0078008,67.5933,597.653,283.384,-2.88632,4.03126,0.239465,4.96379,3.89721e-14,-4.56934e-15,4.96379,9.20038,324.424,125.602,2.76516,-9999,0.544298,1.22506,240.642,0.0185244,-2.5616,-0.0886235,0,65.737,-9.97584,22.5654,56.191,85.6948,120.188,180.064,-0.349017,1.01556,-55.3032,1.03709,20.4676,1.11425,2.5091,1.09235,0.461422,1.11425,0.0142362,1.1215,800000009,800010009,800000009,800000009,800000009,800000009,800000019,800000019,80000,80000,80,80,0,0,0,0,0,0,0,1.4303,0.725676,0.294145,0.040469,3.79583,0.0433293,5.78409e-05,-0.0456642,0.0604579,0.0111182,0.000343027,15.7352,495.081
A20152020400.slt,2015-07-21,04:30,202.187,1,36000,36000,-0.311034,1,-48.8998,1,14.4874,1,1.93698,1,0.326535,1,0.0114675,1,-0.727414,-0.0207247,0.0127266,-0.000467121,0.000167456,-1.03926e-10,-3.32024e-12,-5.06133e-13,16.2201,390.49,395.423,4.4,0,518.2,12.4754,12.633,4.45,0,0.0789938,1.90174,1.92576,3.9,0,290.242,289.2,99873.7,1.19745,1012.26,0.0240745,0.0211595,0.00933796,1246.3,1818.52,0.00779821,68.5336,572.224,283.381,-3.03468,3.87345,0.242336,4.92662,-4.63411e-14,-6.40725e-15,4.92662,9.93897,321.903,128.077,2.81946,-9999,0.509655,1.21625,236.033,0.0188861,-3.37533,-0.0791556,0,63.9915,-9.71095,21.9662,54.699,83.4194,116.997,175.283,-0.306291,1.01549,-46.5571,1.0369,12.9405,1.11954,1.76368,1.09826,0.291669,1.11954,0.010171,1.12747,800000009,800010009,800000009,800000009,800000009,800000009,800000019,800000019,80000,80000,80,80,0,0,0,0,0,0,0,1.34706,0.80959,0.275861,0.0320227,3.74364,0.0417965,6.06892e-05,-0.0384092,0.0424598,0.00702179,0.000244862,15.7506,496.068
A20152020430.slt,2015-07-21,05:00,202.208,1,36000,36000,-0.396644,1,-49.2133,1,21.6377,1,2.4651,1,0.48766,1,0.0160836,1,-0.27558,-0.36525,-0.0299196,-0.00823181,4.68244e-05,1.71574e-10,5.45323e-12,8.36334e-13,16.2119,390.226,395.127,5.1,0,515.272,12.4028,12.5585,4.95,0,0.0790247,1.90215,1.92604,4.35,0,290.183,289.117,99862.3,1.19769,1012.22,0.0240703,0.0316004,0.00928521,1238.9,1808.87,0.00775259,68.4904,569.968,283.292,-3.65486,4.37573,0.269277,5.70767,1.06908e-13,1.05832e-14,5.70767,11.2598,320.075,129.871,2.70411,-9999,0.575478,1.47128,337.61,0.0132038,-2.27442,-0.0705396,0,65.8944,-9.99973,22.6194,56.3255,85.9,120.476,180.495,-0.389886,1.01733,-46.2658,1.04145,19.2594,1.12349,2.24089,1.10005,0.434059,1.12349,0.0142059,1.13218,800000009,800010009,800000009,800000009,800000009,800000009,800000019,800000019,80000,80000,80,80,0,0,0,0,0,0,0,1.68623,0.930046,0.32628,0.0250887,3.7768,0.0417712,5.8742e-05,-0.0381628,0.053939,0.0104479,0.000341939,15.7419,493.38
A20152020500.slt,2015-07-21,05:30,202.229,1,36000,36000,-0.427599,1,-52.2407,1,23.4672,1,2.30763,1,0.528878,1,0.0152521,1,-0.08819,-0.144632,-0.0335203,-0.00325956,0.000114548,1.47976e-10,4.69583e-12,7.22233e-13,16.2006,389.93,394.816,4.45,0,514.106,12.374,12.529,4.5,0,0.0790711,1.90316,1.927,4.05,0,290.132,289.09,99858.7,1.19777,1012.21,0.024069,0.0342713,0.00926419,1235.98,1805.79,0.00773453,68.4456,569.806,283.257,-3.80471,4.2785,0.273703,5.73204,-3.3428e-14,9.13397e-15,5.73204,10.7436,318.282,131.645,2.73689,-9999,0.597491,1.54969,355.946,0.0125237,-2.22611,-0.0721165,0,66.3043,-10.0619,22.7601,56.676,86.4344,121.225,181.618,-0.42031,1.01734,-49.0865,1.04149,20.8222,1.12703,2.09112,1.10354,0.469267,1.12703,0.0134297,1.1357,800000009,800010009,800000009,800000009,800000009,800000009,800000019,800000019,80000,80000,80,80,0,0,1,0,0,0,0,1.8324,0.920673,0.346305,0.0245734,3.73688,0.0426749,5.93026e-05,-0.0404875,0.0503311,0.0112948,0.000323238,15.7322,492.222
A20152020530.slt,2015-07-21,06:00,202.25,1,36000,36000,-0.345453,1,-41.5904,1,20.762,1,1.03132,1,0.467868,1,0.0157454,1,-0.308766,0.170334,-0.0235779,0.00383846,8.17727e-05,-1.65003e-12,-5.25333e-14,-8.06078e-15,16.1971,389.722,394.619,10.5,0,515.679,12.4079,12.5637,4.45,0,0.0791266,1.90388,1.9278,4.05,0,290.056,288.997,99858.7,1.19814,1012.22,0.0240612,0.0303178,0.00929254,1239.36,1795.05,0.00775579,69.0436,555.682,283.298,-3.64975,4.36548,0.256357,5.69595,-1.18049e-13,-1.01872e-16,5.69595,11.8428,320.131,129.897,2.57958,-9999,0.536958,1.45065,324.509,0.0137369,-2.0032,-0.0638661,0,62.7142,-9.51712,21.5278,53.6071,81.7543,114.662,171.784,-0.339563,1.01735,-38.965,1.04146,18.4842,1.12323,0.937444,1.10014,0.416538,1.12323,0.013905,1.13235,800000009,800010009,800000009,800000009,800000009,800000009,800000019,800000019,80000,80000,80,80,0,0,0,0,0,0,0,1.61852,0.961337,0.321452,0.0192746,3.79564,0.042073,6.6285e-05,-0.0321286,0.022556,0.0100224,0.00033457,15.7248,494.11
A20152020600.slt,2015-07-21,06:30,202.271,1,36000,36000,-0.407479,1,-40.4052,1,24.3841,1,0.899093,1,0.549509,1,0.0133945,1,0.0882104,-0.0997791,-0.0971184,-0.00224857,-0.000753727,1.32681e-12,4.2268e-14,6.47337e-15,16.16,388.866,393.743,7.55,0,514.807,12.388,12.5434,4.75,0,0.078843,1.89723,1.92103,4.7,0,290.05,289.023,99858.7,1.19804,1012.21,0.0240634,0.0356082,0.00927683,1237.38,1798.11,0.00774334,68.8158,560.727,283.274,-3.0384,4.87289,0.215663,5.7466,2.07932e-14,8.21045e-17,5.7466,11.6916,328.104,121.945,2.15075,-9999,0.5832,1.64359,427.97,0.010416,-1.65703,-0.0571317,0,64.107,-9.72848,22.0059,54.7977,83.5699,117.208,175.599,-0.400601,1.01717,-37.612,1.04118,22.0998,1.10336,0.831692,1.08104,0.498028,1.10336,0.0120458,1.11197,800000009,800010009,800000009,800000009,800000009,800000009,800000019,800010019,80000,80000,80,80,0,0,0,0,0,0,0,1.84688,1.08129,0.359001,0.0157194,3.77024,0.041376,5.97733e-05,-0.0310159,0.0200133,0.0119843,0.000289863,15.6913,493.268
A20152020630.slt,2015-07-21,07:00,202.292,1,36000,36000,-0.462775,1,-39.1115,1,27.9059,1,-0.826546,2,0.628911,1,0.0137498,2,0.209457,0.252604,-0.0748477,0.00569289,-0.000202428,5.56838e-11,1.78413e-12,2.71881e-13,16.1291,388.205,393.095,4.15,0,516.783,12.4383,12.5949,4.8,0,0.0787518,1.89545,1.91932,3.4,0,290.121,289.087,99859.0,1.19776,1012.24,0.0240686,0.0407535,0.00931243,1242.4,1805.4,0.00777488,68.8159,563.0,283.334,-2.98998,5.27174,0.207048,6.06416,9.90666e-14,3.45238e-15,6.06416,11.7397,330.514,119.561,1.95663,-9999,0.621585,1.94652,535.303,0.00832753,-1.40155,-0.0518981,0,65.1065,-9.88016,22.3489,55.652,84.8729,119.035,178.337,-0.454638,1.0179,-36.0967,1.04298,25.4203,1.09778,-0.768993,1.07484,0.572894,1.09778,0.0124251,1.10662,800000009,800010009,800000009,800000009,800000009,800000009,800010019,800010019,80000,80000,80,80,0,0,1,0,0,0,0,2.18803,1.31295,0.392061,0.0165802,3.73398,0.0429907,6.33372e-05,-0.0297725,-0.0185086,0.0137888,0.000299055,15.663,494.883
A20152020700.slt,2015-07-21,07:30,202.312,1,36000,36000,-0.455044,1,-30.7412,1,29.0467,1,-1.19218,1,0.654669,1,0.0112703,1,0.264512,0.155162,-0.0734238,0.00349713,-0.000166834,7.90676e-11,2.54389e-12,3.864e-13,16.0981,387.557,392.451,4.05,0,517.934,12.4691,12.6266,4.75,0,0.0786707,1.89397,1.91789,3.6,0,290.175,289.167,99861.3,1.19744,1012.26,0.0240747,0.0424226,0.00933318,1245.52,1814.66,0.00779427,68.6365,569.139,283.372,-2.81098,5.19326,0.197471,5.90852,-5.26668e-14,4.91161e-15,5.90852,11.2857,331.716,118.426,1.91526,-9999,0.616452,1.77616,664.34,0.00671004,-1.05834,-0.0411411,0,66.4885,-10.0899,22.8233,56.8333,86.6744,121.562,182.122,-0.44732,1.01727,-28.0095,1.04157,26.5639,1.09346,-1.1127,1.07143,0.598711,1.09346,0.0102292,1.10178,800000009,800010009,800000009,800000009,800000009,800000009,800000019,800010019,80000,80000,80,80,0,0,0,0,0,0,0,1.96485,1.22136,0.366113,0.0120591,3.82144,0.042758,5.93459e-05,-0.0231079,-0.026788,0.0144138,0.000246265,15.6339,495.875
A20152020730.slt,2015-07-21,08:00,202.333,1,36000,36000,-0.539442,1,-31.2715,1,35.1021,1,-1.55595,1,0.79124,1,0.0132408,1,0.385617,0.363648,-0.107421,0.00819703,2.32917e-05,-1.52359e-10,-4.9425e-12,-7.46481e-13,16.0531,386.609,391.519,5.3,0,520.758,12.5415,12.7008,4.65,1,0.0786517,1.89418,1.91824,4.3,0,290.27,289.283,99866.7,1.19699,1012.3,0.0240831,0.0512723,0.00938406,1252.81,1828.22,0.00783972,68.5263,575.408,283.459,-3.14388,5.5566,0.206344,6.38767,4.53904e-14,-9.49097e-15,6.38767,12.3469,330.584,119.501,1.85118,-9999,0.671317,1.93777,843.468,0.00528503,-0.890873,-0.0384435,0,68.0861,-10.3323,23.3718,58.199,88.7571,124.483,186.498,-0.529636,1.01852,-28.1021,1.04458,31.9882,1.09735,-1.44909,1.07374,0.721049,1.09735,0.0119703,1.10614,800000009,800010009,800000009,800000009,800000009,800000009,800000019,800010019,80000,80000,80,80,0,0,0,0,0,0,0,2.4302,1.03671,0.408657,0.010934,3.77284,0.0542238,6.38468e-05,-0.023192,-0.0348986,0.0173651,0.000288282,15.5927,498.085
A20152020800.slt,2015-07-21,08:30,202.354,1,36000,36000,-0.483142,1,-2.7178,9,47.7318,1,-3.81713,1,1.0762,1,0.0127046,1,0.880746,1.04015,-0.174452,0.0234522,0.000207133,3.17464e-11,1.05105e-12,1.56314e-13,15.9764,385.067,390.04,3.6,0,528.942,12.7487,12.9133,4.55,0,0.0786652,1.89601,1.92049,3.85,0,290.556,289.55,99879.3,1.19594,1012.43,0.0241023,0.0697379,0.00953154,1273.67,1859.56,0.00796988,68.4932,585.889,283.707,-2.87483,5.08897,0.244592,5.84996,8.42606e-14,1.98708e-15,5.84996,12.9149,330.655,119.463,2.39629,-9999,0.635597,1.83331,8238.0,0.000541121,-0.056939,-0.00353153,0,66.6249,-10.1106,22.8702,56.9499,86.8522,121.812,182.496,-0.476104,1.01478,0.0503538,1.03702,43.8184,1.08931,-3.56271,1.07141,0.987968,1.08931,0.0115924,1.09594,800000009,800010009,800000009,800000009,800000009,800010009,800000019,800010019,80000,80000,80,80,0,0,0,0,0,0,0,2.16043,1.11803,0.388166,0.0614673,4.51197,0.055963,5.86474e-05,4.15871e-05,-0.0858695,0.0238123,0.000279402,15.5173,505.122
A20152020830.slt,2015-07-21,09:00,202.375,1,36000,36000,-0.485805,1,-0.572268,1,54.2756,1,-5.03242,1,1.2243,1,0.0130813,1,1.56079,0.374259,-0.176279,0.00844223,-0.00032139,-1.17022e-10,-3.9129e-12,-5.77676e-13,15.8855,383.507,388.489,4.2,0,531.168,12.8234,12.99,4.8,0,0.0784182,1.89316,1.91776,4.2,0,290.849,290.023,99878.3,1.19395,1012.47,0.0241419,0.079335,0.00957166,1281.13,1916.36,0.00801682,66.8522,635.231,283.794,-3.04007,5.11914,0.191837,5.95688,-4.26916e-14,-7.3666e-15,5.95688,11.5261,329.3,120.705,1.84549,-9999,0.63788,1.87752,39547.4,0.000112719,-0.0105437,-0.00074215,0,67.7792,-10.2858,23.2664,57.9367,88.3571,123.922,185.658,-0.478587,1.01508,2.48851,1.0377,49.6313,1.09358,-4.68439,1.07429,1.11954,1.09358,0.0118993,1.09934,800000009,800010009,800000009,800000009,800000009,800000009,800010019,800010019,80000,80000,80,80,0,0,1,1,0,0,0,2.26415,1.11647,0.374414,0.00641101,4.05994,0.0577749,5.80396e-05,0.00205859,-0.11309,0.0270279,0.000287273,15.4444,505.912
A20152020900.slt,2015-07-21,09:30,202.396,1,36000,36000,-0.356683,1,-8.48558,1,46.6457,1,-4.36369,1,1.05237,1,0.0146066,1,0.571176,1.05574,-0.182902,0.0238185,-0.000164163,3.91246e-11,1.33538e-12,1.93807e-13,15.8073,381.887,386.931,4.1,0,539.525,13.0344,13.2065,4.4,0,0.0783025,1.89171,1.91669,3.9,0,291.118,290.197,99867.3,1.19301,1012.59,0.024159,0.0681937,0.00972223,1302.06,1937.53,0.00814935,67.2019,635.474,284.038,-2.47464,4.7762,0.19054,5.38259,4.59665e-14,2.4751e-15,5.38259,10.141,332.556,117.39,2.02865,-9999,0.546789,1.40088,1679.81,0.00265373,-0.181916,-0.0128465,0,64.2363,-9.74811,22.0502,54.9082,83.7385,117.444,175.953,-0.351305,1.01531,-5.58419,1.03712,42.8812,1.08779,-4.0866,1.06781,0.967441,1.08779,0.0133507,1.09407,800000009,800010009,800000009,800000009,800000009,800000009,800000019,800010019,80000,80000,80,80,0,0,0,0,0,0,0,1.46548,1.02172,0.314563,0.0170754,4.0562,0.0533573,5.88976e-05,-0.00462254,-0.0987283,0.0233724,0.00032254,15.3665,513.345
A20152020930.slt,2015-07-21,10:00,202.417,1,36000,36000,-0.298574,1,-10.3937,4,46.6003,1,-3.36212,1,1.05168,1,0.0164791,1,1.08626,1.61273,-0.202013,0.0363962,-9.36888e-06,-1.60935e-11,-5.65549e-13,-8.00929e-14,15.7151,380.096,385.242,4.2,0,552.251,13.3571,13.5379,4.65,1,0.0782096,1.89163,1.91724,4.25,1,291.43,290.527,99866.7,1.1915,1012.78,0.0241866,0.0681489,0.00995156,1334.29,1978.41,0.00835215,67.4422,644.127,284.406,-1.6261,4.03995,0.160782,4.35789,2.89619e-14,-1.02408e-15,4.35789,8.23788,338.153,111.925,2.11437,-9999,0.500588,1.02582,1052.4,0.00423581,-0.223039,-0.017206,0,68.2314,-10.3544,23.4216,58.3232,88.9465,124.749,186.896,-0.294868,1.01257,-7.45355,1.03053,43.5177,1.07083,-3.18761,1.05475,0.982112,1.07083,0.0153143,1.07606,800000009,800010009,800000009,800000009,800000009,800000009,800010019,800010019,80000,80000,80,80,0,0,0,0,0,0,0,1.2538,0.570486,0.227349,0.0112532,4.02717,0.0590757,5.7987e-05,-0.00617666,-0.0770977,0.023754,0.000370401,15.2791,524.729
A20152021000.slt,2015-07-21,10:30,202.437,1,36000,36000,-0.25214,1,-3.32587,8,48.939,1,-4.72709,1,1.10481,1,0.0133696,1,1.08516,1.16008,-0.135115,0.0261892,-0.000172099,-8.87593e-11,-3.18346e-12,-4.4277e-13,15.649,378.897,384.117,4.25,1,561.27,13.5896,13.7768,4.5,0,0.078064,1.8901,1.91614,4.25,1,291.743,290.857,99874.7,1.19014,1012.91,0.0242122,0.0715918,0.0101141,1357.62,2020.05,0.00849826,67.2071,662.433,284.668,-1.09334,3.85391,0.121091,4.00783,-1.37631e-13,-5.67188e-15,4.00783,8.18844,344.164,105.838,1.73137,-9999,0.460282,0.946901,2556.92,0.0017434,-0.0679596,-0.00599393,0,67.411,-10.2299,23.14,57.6219,87.877,123.249,184.649,-0.249298,1.0114,-0.390351,1.02782,46.4393,1.05383,-4.54708,1.03959,1.04838,1.05383,0.012633,1.05831,800000009,800010009,800000009,800000009,800000009,800000009,800010019,800010019,80000,80000,80,80,0,0,0,0,0,0,0,1.08172,0.613744,0.198342,0.0123325,4.09067,0.0699105,5.8165e-05,-0.000323805,-0.110095,0.0253836,0.000305872,15.2175,532.422
A20152021030.slt,2015-07-21,11:00,202.458,1,36000,36000,-0.246927,1,-9.68093,1,58.1065,1,-4.88736,1,1.31223,1,0.0171546,1,1.19314,0.386534,-0.0402441,0.00872919,0.000100614,7.62305e-11,2.75229e-12,3.80809e-13,15.6126,378.539,383.784,4.1,0,563.691,13.6671,13.8565,4.4,0,0.0779926,1.89099,1.9172,3.9,0,292.085,291.22,99860.7,1.18845,1012.97,0.0242458,0.0850325,0.0101577,1365.18,2066.78,0.00854703,66.0534,701.601,284.752,-0.659373,3.74605,0.0792439,3.80446,1.78551e-13,4.88263e-15,3.80446,9.06841,350.316,99.9829,1.19351,-9999,0.45582,0.914798,853.071,0.00522553,-0.166607,-0.0176418,0,67.6592,-10.2675,23.2252,57.834,88.2005,123.703,185.329,-0.244222,1.01108,-6.02024,1.02694,55.9052,1.03938,-4.76796,1.02504,1.26252,1.03938,0.0164447,1.04317,800000009,800010009,800000009,800000009,800000009,800000009,800010019,800010019,80000,80000,80,80,0,0,0,0,0,0,0,1.06647,0.570323,0.192799,0.0102327,4.20693,0.0757262,6.64518e-05,-0.00500076,-0.115603,0.0306108,0.000398714,15.1885,533.208
A20152021100.slt,2015-07-21,11:30,202.479,1,36000,36000,-0.214609,1,-9.59214,1,62.6909,1,-5.42812,1,1.41615,1,0.0199436,1,0.918587,-0.25615,0.0214902,-0.00578624,0.000270061,4.43367e-11,1.59394e-12,2.21654e-13,15.6052,378.73,383.958,4.2,0,561.021,13.6157,13.8036,4.4,0,0.0780156,1.8934,1.91953,4.2,0,292.331,291.5,99859.3,1.18731,1012.95,0.0242694,0.0917663,0.0101096,1360.02,2103.43,0.00851467,64.657,743.415,284.694,-0.382117,3.81263,0.0486222,3.83204,1.2783e-14,2.84115e-15,3.83204,7.24229,354.385,95.7233,0.727007,-9999,0.425149,0.862297,698.589,0.00638108,-0.153007,-0.0187595,0,64.3704,-9.76845,22.0963,55.0228,83.9133,117.69,176.32,-0.212235,1.01118,-5.62166,1.02719,60.8552,1.03016,-5.34748,1.01508,1.37468,1.03016,0.0193016,1.03326,800000009,800010009,800000009,800000009,800000009,800000009,800010019,800010019,80000,80000,80,80,0,0,0,0,0,0,0,0.991482,0.543157,0.189957,0.00491073,4.41718,0.0905757,6.88834e-05,-0.00467424,-0.12978,0.0333627,0.000468438,15.1836,529.528
A20152021130.slt,2015-07-21,12:00,202.5,1,36000,36000,-0.13617,5,-4.50138,7,47.5306,5,-4.09506,5,1.07393,5,0.016682,5,0.786752,2.36038,-0.217114,0.0533318,0.000618784,-1.40234e-10,-5.24416e-12,-7.06727e-13,15.5122,376.797,382.182,4.5,0,580.09,14.0906,14.292,4.65,1,0.0781755,1.89891,1.92605,4.1,0,292.58,291.74,99855.7,1.18608,1013.22,0.0242903,0.0695907,0.0104532,1407.4,2135.3,0.00881325,65.9111,727.899,285.213,-0.377642,3.00701,0.0712881,3.03147,-2.32026e-15,-9.04026e-15,3.03147,6.81864,352.707,97.1581,1.34749,-9999,0.33883,0.520877,753.601,0.00591527,-0.0947049,-0.0110547,0,65.8098,-9.98689,22.5904,56.2532,85.7897,120.321,180.263,-0.13496,1.00896,-1.57154,1.02189,46.1442,1.03004,-4.01955,1.01878,1.04261,1.03004,0.0161497,1.03296,800000009,800010009,800000009,800000009,800000009,800000009,800010019,800010019,80000,80000,80,80,0,0,0,0,0,0,0,0.640456,0.286883,0.114414,0.0103474,4.34097,0.105053,7.33298e-05,-0.0013077,-0.0976362,0.0253253,0.000392281,15.0933,547.57
A20152021200.slt,2015-07-21,12:30,202.521,1,36000,36000,-0.205036,1,8.86595,4,76.2776,2,-6.88165,1,1.72454,2,0.018708,2,2.12571,0.731418,-0.0606385,0.0165364,0.000477934,-5.8689e-11,-2.2209e-12,-2.96861e-13,15.4524,376.256,381.69,4.0,0,584.747,14.2382,14.4438,4.35,0,0.0781613,1.90317,1.93066,3.95,0,293.112,292.39,99835.7,1.18314,1013.32,0.0243493,0.11175,0.0105371,1421.86,2223.75,0.00890607,63.9398,801.887,285.369,0.0925078,3.62179,0.0570075,3.62342,-1.48122e-13,-3.79805e-15,3.62342,10.0098,0.572129,88.5369,0.901476,-9999,0.416291,1.17667,-709.517,-0.00628279,0.116233,0.0177642,0,65.7589,-9.97916,22.5729,56.2097,85.7233,120.228,180.124,-0.203255,1.00876,13.3672,1.02305,75.1908,1.01445,-6.86557,1.00234,1.69997,1.01445,0.018403,1.01657,800000009,800010009,800000009,800000009,800000009,800000009,800010019,800010019,80000,80000,80,81,0,0,0,0,0,0,0,1.48991,0.690357,0.173076,0.0388086,5.19867,0.163606,7.73547e-05,0.0111496,-0.167172,0.041393,0.000448101,15.0448,548.579
A20152021230.slt,2015-07-21,13:00,202.542,1,36000,36000,-0.332438,1,52.5575,1,97.9324,1,-7.11763,1,2.21579,1,0.0147152,1,2.54344,-2.47768,0.139766,-0.0560595,-0.00107687,-2.4392e-10,-8.87552e-12,-1.22348e-12,15.4598,377.507,382.765,4.4,0,562.536,13.7363,13.9277,4.4,0,0.0775447,1.89353,1.91991,4.05,0,293.691,293.17,99818.0,1.18001,1013.05,0.0244186,0.143583,0.0101369,1371.5,2334.1,0.00859053,58.7593,962.601,284.822,0.395752,5.07095,0.0340906,5.08649,-4.84605e-15,-1.57777e-14,5.08649,10.1214,4.66649,85.5375,0.384009,-9999,0.530778,1.53115,-248.036,-0.0179722,0.536671,0.0828332,0,65.7165,-9.97273,22.5583,56.1735,85.6681,120.151,180.008,-0.328282,1.01266,57.0356,1.0322,94.8515,1.03248,-7.03551,1.01167,2.14609,1.03248,0.0142614,1.03182,800000009,800000009,800000009,800000009,800000009,800000009,800000019,800000019,80000,80000,80,80,0,0,0,0,0,0,0,1.70514,1.07641,0.280734,0.0751177,4.66387,0.123202,5.97721e-05,0.047712,-0.171797,0.0524044,0.000348243,15.0699,523.565
A20152021300.slt,2015-07-21,13:30,202.562,1,36000,36000,-0.258303,1,35.5872,2,77.7372,1,-7.85196,1,1.75856,1,0.00812096,7,-0.587316,3.77202,-0.188387,0.08533,0.00172131,9.68983e-11,3.7385e-12,4.92182e-13,15.3985,375.821,381.351,4.05,0,594.1,14.4998,14.7132,4.45,0,0.0782146,1.90893,1.93702,4.3,0,293.319,292.99,99806.7,1.18026,1013.47,0.0244064,0.113955,0.0107057,1447.57,2308.22,0.00907063,62.7136,860.653,285.641,2.08675,3.13643,0.0342119,3.76735,1.24661e-12,6.29271e-15,3.76735,9.35963,28.893,56.3632,0.52032,-9999,0.467817,4.04286,-250.821,-0.0177727,0.457789,0.0635958,0,65.566,-9.9499,22.5067,56.0449,85.4719,119.876,179.596,-0.255965,1.00913,39.3971,1.02394,72.1606,1.07728,-7.38438,1.06332,1.6324,1.07728,0.00752627,1.07902,800010009,800010009,800000009,800000009,800000009,800010009,800010019,801010019,80000,80000,80,81,0,0,0,597,0,0,0,1.68073,6.18487,0.220102,0.368092,5.64072,0.596872,0.000373637,0.0329363,-0.180226,0.0398411,0.000183689,15.017,557.041
A20152021330.slt,2015-07-21,14:00,202.583,1,36000,36000,-0.270556,1,40.7515,1,58.593,2,-5.60013,1,1.32232,2,0.0178128,1,-8.14345,7.78517,0.0366172,0.175695,0.00158579,-2.23841e-10,-9.55594e-12,-1.14436e-12,15.5484,376.146,382.285,4.3,0,663.773,16.058,16.3201,4.5,0,0.079489,1.923,1.95438,3.75,0,291.298,290.517,99841.0,1.19001,1014.3,0.024192,0.0856862,0.0119612,1603.68,1977.16,0.0100513,81.1101,373.485,287.211,4.78829,0.495591,0.0440483,4.81407,3.82804e-14,-1.43964e-14,4.81407,9.32279,83.8402,5.90911,0.524259,-9999,0.476819,1.12682,-232.034,-0.0192116,0.695502,0.0708063,0,67.2273,-10.202,23.077,57.4649,87.6376,122.913,184.146,-0.267371,1.01191,42.9036,1.03049,51.2039,1.14431,-4.94162,1.13326,1.15556,1.14431,0.0154274,1.15462,800000009,800000009,800000009,800000009,800000009,800000009,800000019,800000019,80000,80000,80,80,0,0,0,0,0,0,0,1.30414,0.735301,0.214199,0.100221,4.90915,0.102163,0.000133282,0.0355449,-0.119548,0.0279554,0.000373221,15.1282,635.266
A20152021400.slt,2015-07-21,14:30,202.604,1,36000,36000,-0.187806,5,34.7898,5,48.2703,5,-6.53809,5,1.08857,5,0.0206351,5,-2.48685,0.339487,0.34207,0.00765594,-0.00166814,1.43186e-11,6.08953e-13,7.20606e-14,15.7145,379.172,385.387,4.25,1,668.321,16.1257,16.39,4.6,0,0.0790859,1.90824,1.93952,4.15,0,290.699,289.763,99843.3,1.1931,1014.32,0.0241287,0.0705393,0.0120431,1610.48,1884.97,0.010094,85.4377,274.495,287.276,3.92357,0.824959,0.0425672,4.00958,2.10106e-13,9.11169e-16,4.00958,7.84361,77.5443,11.8739,0.608285,-9999,0.396749,0.919055,-156.579,-0.0284696,0.720729,0.0724574,0,67.779,-10.2857,23.2663,57.9364,88.3567,123.922,185.657,-0.18599,1.00976,36.7216,1.02544,42.6436,1.13195,-5.8189,1.1236,0.961678,1.13195,0.0180812,1.14124,800000009,800010009,800000009,800000009,800000009,800000009,800010019,800010019,80000,80000,80,81,0,0,0,0,0,0,0,0.976915,0.715584,0.14561,0.0828876,5.26202,0.0785636,7.7499e-05,0.0303436,-0.140403,0.0232041,0.000436276,15.2747,642.887
A20152021430.slt,2015-07-21,15:00,202.625,1,36000,36000,-0.103772,5,-0.706972,5,45.296,5,-4.2168,5,1.02076,5,0.0381753,5,-2.47118,1.79175,-0.00571211,0.0403776,0.00283156,-3.87893e-11,-1.68634e-12,-1.97796e-13,15.752,379.121,385.475,4.35,0,684.808,16.482,16.7582,4.95,0,0.0803233,1.93323,1.96562,4.15,0,290.222,289.017,99837.0,1.19594,1014.52,0.0240681,0.0661453,0.0123402,1645.96,1797.34,0.0103184,91.5771,151.388,287.613,2.55836,1.11466,0.0631697,2.79135,-5.5418e-14,-2.4625e-15,2.79135,6.07429,65.4179,23.5424,1.29674,-9999,0.294567,0.530927,3153.49,0.00141359,-0.0156078,-0.00197811,0,70.632,-10.7187,24.2457,60.3751,92.0759,129.138,193.472,-0.103081,1.0067,1.74399,1.01801,39.8382,1.137,-3.7261,1.13169,0.897767,1.137,0.0333678,1.14408,800000009,800010009,800000009,800000009,800000009,800000009,800010019,800010019,80000,80000,80,81,0,0,0,1,0,0,0,0.754968,0.234262,0.0726243,0.00571113,4.72793,0.12321,0.000206764,0.0014374,-0.0896801,0.0216075,0.000803099,16.0372,565.104
A20152021500.slt,2015-07-21,15:30,202.646,1,36000,36000,-0.0551699,5,-2.9311,5,34.7849,5,-2.97258,5,0.783813,5,0.0189137,5,-0.331115,2.41845,-0.143442,0.0544952,-0.000235498,-7.68211e-11,-3.44865e-12,-3.92618e-13,15.7054,377.856,384.376,4.3,0,705.046,16.9627,17.2553,5.95,0,0.0802674,1.93115,1.96447,4.15,0,290.184,288.917,99840.3,1.19618,1014.78,0.0240589,0.0507911,0.0127049,1694.01,1785.88,0.0106212,94.8557,91.8716,288.059,1.03558,1.77893,0.0871286,2.06025,3.04625e-13,-4.89138e-15,2.06025,3.84439,30.1549,59.7948,2.42378,-9999,0.214759,0.310856,294.79,0.0151218,-0.0842634,-0.0112437,0,64.0419,-9.7186,21.9835,54.742,83.485,117.089,175.421,-0.0548035,1.00669,-0.921517,1.01632,32.2645,1.07812,-2.76825,1.07381,0.72702,1.07812,0.0174437,1.08427,800000009,800010009,800000009,800000009,800000009,800000009,800010019,800010019,80000,80000,80,81,0,0,0,0,0,0,0,0.236107,0.336292,0.0493138,0.00753617,4.12122,0.0985238,0.000248006,-0.000759161,-0.0666011,0.0174913,0.000419676,16.0013,584.381
A20152021530.slt,2015-07-21,16:00,202.667,1,36000,36000,-0.0928677,1,-10.1645,1,41.1647,1,-3.18064,1,0.92773,1,0.0218531,1,0.595615,-1.07016,0.0913246,-0.0241183,-0.00169119,8.72479e-11,3.85935e-12,4.4152e-13,15.7291,378.662,385.113,4.45,0,695.765,16.7498,17.0351,5.5,0,0.0795975,1.91622,1.94887,4.1,0,290.422,289.097,99840.3,1.19553,1014.66,0.0240739,0.0601169,0.0125377,1672.75,1806.56,0.0104871,92.5934,133.804,287.863,0.370992,2.38992,0.12332,2.42169,-1.72473e-13,5.54691e-15,2.42169,5.37786,8.0951,81.1763,2.91894,-9999,0.27871,0.379781,185.798,0.0239924,-0.246923,-0.0300644,0,62.7396,-9.52098,21.5365,53.6289,81.7874,114.708,171.854,-0.0921143,1.00818,-7.56438,1.01966,40.0533,1.02775,-3.11184,1.02211,0.902683,1.02775,0.021105,1.03545,800000009,800010009,800000009,800000009,800000009,800000009,800010019,800010019,80000,80000,80,81,0,0,0,0,0,0,0,0.39572,0.276539,0.0873031,0.0243248,4.05724,0.136904,9.08138e-05,-0.00623576,-0.0749142,0.0217311,0.000508081,15.2872,712.147
A20152021600.slt,2015-07-21,16:30,202.687,1,36000,36000,-0.1309,1,-25.8525,2,48.5938,4,-2.50613,1,1.0953,4,0.0177499,1,0.429945,-1.88554,0.0671662,-0.0424998,-0.000663735,1.83759e-10,7.9339e-12,9.25622e-13,15.7467,379.255,385.569,4.7,0,679.872,16.3745,16.6471,5.35,0,0.0793184,1.91036,1.94217,4.25,1,290.449,289.227,99840.3,1.19517,1014.45,0.0240848,0.0709754,0.0122513,1635.28,1821.62,0.0102507,89.7705,186.342,287.512,0.273873,3.11819,0.0888275,3.13145,-4.25971e-13,1.16697e-14,3.13145,6.00322,4.49167,84.9805,1.62548,-9999,0.330945,0.591625,122.295,0.0364509,-0.532013,-0.0644299,0,63.6837,-9.66425,21.8606,54.4359,83.0182,116.434,174.44,-0.129484,1.01093,-22.4161,1.02588,47.5354,1.02227,-2.47206,1.01378,1.07144,1.02227,0.0171815,1.03308,800000009,800010009,800000009,800000009,800000009,800000009,800010019,800010019,80000,80000,80,81,0,0,0,0,0,0,0,0.563378,0.501612,0.118259,0.03367,3.87787,0.135936,7.03022e-05,-0.0184884,-0.059539,0.0258054,0.000413812,15.6195,664.361
A20152021630.slt,2015-07-21,17:00,202.708,1,36000,36000,-0.128661,5,-27.0861,5,59.2995,5,-2.82531,5,1.33596,5,0.0163921,5,-1.65675,2.57692,0.0302394,0.0580555,-0.000103504,-3.81158e-10,-1.6959e-11,-1.91768e-12,15.7862,379.522,386.041,4.95,0,702.38,16.8862,17.1763,6.4,0,0.0794233,1.90945,1.94225,4.45,0,290.109,288.727,99847.3,1.19709,1014.74,0.0240414,0.0865701,0.0126569,1686.5,1764.28,0.0105731,95.591,77.7877,287.99,-0.339139,2.85414,0.121366,2.87678,-7.29303e-14,-2.4145e-14,2.87678,5.87044,352.501,96.7763,2.41793,-9999,0.327839,0.514257,113.486,0.0392803,-0.456768,-0.0680151,0,68.3344,-10.37,23.457,58.4112,89.0808,124.937,187.179,-0.127355,1.01026,-23.0583,1.02427,57.5944,1.0296,-2.76397,1.02219,1.29755,1.0296,0.0157566,1.04033,800000009,800010009,800000009,800000009,800000009,800000009,800010019,800010019,80000,80000,80,81,0,0,1,0,0,0,0,0.548866,0.382281,0.0973665,0.017738,4.03512,0.17149,7.06803e-05,-0.0189823,-0.0664497,0.0311949,0.000378812,15.994,610.348
A20152021700.slt,2015-07-21,17:30,202.729,1,36000,36000,-0.134023,5,-28.7087,5,69.3395,5,-3.21845,5,1.56252,5,0.0246263,5,0.805458,-3.91755,0.051376,-0.0882791,2.05066e-05,-5.50908e-11,-2.33535e-12,-2.76869e-13,15.7909,379.975,386.196,4.25,1,669.39,16.1075,16.3712,5.95,0,0.07936,1.90963,1.9409,4.3,0,290.203,288.97,99842.3,1.19637,1014.3,0.0240629,0.101251,0.0120624,1608.64,1791.99,0.0100825,89.7685,183.348,287.259,-0.22998,2.94078,0.102229,2.95153,-2.36642e-13,-3.48877e-15,2.95153,6.05536,353.906,94.4716,1.98489,-9999,0.3347,0.768965,113.915,0.0391323,-0.414031,-0.0706848,0,68.8236,-10.4442,23.6249,58.8294,89.7185,125.832,188.519,-0.132637,1.01045,-24.0212,1.02472,67.5599,1.02634,-3.1608,1.01824,1.52241,1.02634,0.0237551,1.03667,800000009,800010009,800000009,800000009,800000009,800000009,800010019,800010019,80000,80000,80,81,0,0,0,0,0,0,0,0.591793,0.846466,0.0996715,0.0283869,4.2746,0.321359,0.000118921,-0.0197953,-0.0760581,0.0366337,0.000571617,15.411,636.816
A20152021730.slt,2015-07-21,18:00,202.75,1,36000,36000,-0.1344,5,-10.5906,7,52.7794,5,-2.78423,5,1.18927,5,0.0216805,5,-0.220741,4.19677,-0.10503,0.0945652,0.00137383,4.65493e-11,2.08052e-12,2.36002e-13,15.7549,379.049,385.581,4.4,0,704.165,16.9415,17.2335,5.45,0,0.0798764,1.92175,1.95487,4.35,0,290.193,288.903,99835.3,1.19618,1014.77,0.024059,0.0770647,0.0126891,1691.82,1784.36,0.0106079,94.8137,92.5414,288.039,-1.60863,2.77002,0.164755,3.20747,-3.47739e-15,2.95459e-15,3.20747,6.40298,328.946,120.145,2.94435,-9999,0.335199,0.583471,310.21,0.0143701,-0.200658,-0.0260287,0,65.9516,-10.0084,22.639,56.3744,85.9745,120.581,180.652,-0.133083,1.0099,-7.41773,1.02393,48.63,1.08533,-2.58228,1.07821,1.09577,1.08533,0.0197908,1.09548,800000009,800010009,800000009,800000009,800000009,800000009,800010019,800010019,80000,80000,80,80,0,0,0,0,0,0,0,0.48675,0.568919,0.111271,0.0505688,3.86445,0.189929,0.000113452,-0.0061109,-0.0621271,0.0263633,0.000476147,15.3327,674.359
A20152021800.slt,2015-07-21,18:30,202.771,1,36000,36000,-0.171025,5,2.07119,5,28.0289,5,-2.10882,5,0.631553,5,0.0126574,5,-0.0993323,0.842428,0.0270561,0.0189818,-0.000264376,1.05656e-11,4.76594e-13,5.34679e-14,15.7642,379.287,385.89,4.25,1,711.094,17.109,17.4068,5.7,0,0.079776,1.91942,1.95283,3.85,0,290.094,288.873,99820.7,1.19606,1014.87,0.0240601,0.0409246,0.0128139,1708.29,1780.94,0.0107135,95.9207,72.6498,288.189,-1.88591,3.09118,0.188582,3.62596,4.19051e-15,6.70226e-16,3.62596,6.57816,328.677,121.387,2.98123,-9999,0.378141,0.605572,-2277.09,-0.00195765,0.073895,0.00451238,0,66.6759,-10.1183,22.8877,56.9935,86.9187,121.905,182.636,-0.169538,1.00877,3.62629,1.02307,25.9493,1.08014,-1.96366,1.07392,0.584696,1.08014,0.011621,1.08918,800000009,800010009,800000009,800000009,800000009,800000009,800010119,800010119,80000,80000,80,80,0,0,0,0,0,0,0,0.652875,0.420321,0.137947,0.0130901,4.20435,0.0692142,6.61527e-05,0.00298746,-0.0472458,0.0140678,0.000279601,15.3593,676.747
A20152021830.slt,2015-07-21,19:00,202.792,1,36000,36000,-0.182303,5,-4.1041,5,26.5175,5,-2.05043,5,0.597392,5,0.0182832,5,-0.618458,-0.805069,0.00637255,-0.0181367,-0.000704285,1.68607e-11,7.53337e-13,8.50365e-14,15.777,379.344,385.884,4.05,0,704.916,16.9491,17.2413,4.95,0,0.0795708,1.91321,1.9462,4.4,0,289.963,288.687,99822.3,1.19692,1014.77,0.0240441,0.038711,0.0127026,1692.35,1759.77,0.0106127,96.1692,67.4139,288.044,-1.47725,3.09985,0.176561,3.43839,3.05818e-14,1.06869e-15,3.43839,6.76413,334.406,115.48,2.94343,-9999,0.390268,0.612916,1263.28,0.00352872,-0.154769,-0.00865809,0,69.8231,-10.5959,23.968,59.6838,91.0215,127.659,191.256,-0.180493,1.01003,-2.50969,1.02445,24.7873,1.0698,-1.92895,1.06298,0.558411,1.0698,0.0169325,1.07977,800000009,800010009,800000009,800000009,800000009,800000009,800010019,800010019,80000,80000,80,80,0,0,0,0,0,0,0,0.764238,0.330823,0.130771,0.00311261,3.8277,0.0557782,6.73668e-05,-0.00206626,-0.0463798,0.0134265,0.000407127,15.3022,681.901
A20152021900.slt,2015-07-21,19:30,202.812,1,36000,36000,-0.184855,5,-0.139321,5,17.0641,5,-1.52903,5,0.384427,5,0.00923538,5,0.033132,-0.935409,0.0975214,-0.0210732,-0.000788119,-5.59206e-10,-2.46557e-11,-2.80375e-12,15.8134,380.203,386.685,4.4,0,697.221,16.7634,17.0492,5.55,0,0.0792852,1.90626,1.93876,4.15,0,289.957,288.697,99830.0,1.19706,1014.66,0.0240431,0.0249109,0.0125639,1673.93,1760.89,0.0104957,95.0616,86.9601,287.874,-1.51151,3.32316,0.162253,3.65437,-1.76867e-14,-3.53628e-14,3.65437,6.58983,335.269,114.458,2.54476,-9999,0.392969,0.607342,37992.2,0.000117333,-0.00816456,-0.000291892,0,67.2977,-10.2127,23.1011,57.5251,87.7294,123.042,184.339,-0.183235,1.00884,0.843158,1.02324,16.0032,1.0663,-1.44241,1.06005,0.360527,1.0663,0.00858919,1.07523,800000009,800010009,800000009,800000009,800000009,800000009,800010019,800010019,80000,80000,80,80,0,0,0,0,0,0,0,0.638847,0.430289,0.145549,0.00191944,3.75271,0.0563051,6.49243e-05,0.000694178,-0.03468,0.00866819,0.000206511,15.338,674.229
A20152021930.slt,2015-07-21,20:00,202.833,1,36000,36000,-0.167756,5,-6.00405,5,28.8311,5,-1.07709,5,0.649533,5,0.0150759,5,0.0773015,-1.02893,0.0556962,-0.0231806,-0.000418402,3.12173e-10,1.35786e-11,1.56013e-12,15.8331,380.694,387.104,4.8,0,688.69,16.559,16.8378,5.8,0,0.079128,1.90257,1.93461,4.1,0,289.958,288.72,99833.3,1.19709,1014.55,0.0240443,0.0420898,0.0124102,1653.59,1763.53,0.0103669,93.7657,109.944,287.684,-1.58762,3.019,0.165494,3.41501,-6.70524e-14,1.97165e-14,3.41501,7.2381,332.43,117.739,2.77769,-9999,0.374348,0.553794,762.103,0.00584928,-0.208249,-0.0132059,0,67.7778,-10.2855,23.2659,57.9355,88.3552,123.919,185.654,-0.16608,1.01009,-4.2496,1.02455,26.8118,1.07531,-1.00835,1.06818,0.60404,1.07531,0.013891,1.0853,800000009,800010009,800000009,800000009,800000009,800000009,800010019,800010019,80000,80000,80,80,0,0,0,0,0,0,0,0.633533,0.34446,0.129595,0.00288755,3.82492,0.0582242,6.01332e-05,-0.00349902,-0.0242451,0.0145237,0.000333998,15.3606,666.217
A20152022000.slt,2015-07-21,20:30,202.854,1,36000,36000,-0.148279,5,-9.76263,5,14.7796,5,-0.890443,5,0.332931,5,0.0141031,5,-0.375639,-0.65746,0.0725486,-0.0148102,-3.81586e-05,-1.37469e-11,-5.92241e-13,-6.85748e-14,15.8674,381.333,387.703,7.1,0,683.597,16.4285,16.703,4.75,0,0.0791528,1.90224,1.93401,4.1,0,289.856,288.607,99843.0,1.19774,1014.48,0.0240325,0.021574,0.0123184,1640.72,1750.76,0.0102847,93.7144,110.046,287.563,-1.48853,3.0635,0.156416,3.40958,-2.12785e-14,-8.6636e-16,3.40958,7.02391,334.018,115.915,2.62939,-9999,0.35185,0.477764,389.189,0.0114539,-0.660549,-0.0228352,0,65.989,-10.0141,22.6519,56.4064,86.0233,120.649,180.754,-0.146744,1.01046,-8.73001,1.02527,13.7619,1.07395,-0.835031,1.06636,0.310005,1.07395,0.0130036,1.08456,800000009,800010009,800000009,800000009,800000009,800000009,800010019,800010019,80000,80000,80,80,0,0,0,0,0,0,0,0.517548,0.315621,0.122359,0.00356945,3.68575,0.0495459,6.25385e-05,-0.00718474,-0.0200679,0.0074502,0.00031251,15.3904,661.68
A20152022030.slt,2015-07-21,21:00,202.875,1,36000,36000,-0.139921,5,-14.0329,5,11.4687,5,-0.692243,5,0.258344,5,0.0150848,5,-0.055253,0.358817,-0.023438,0.00808273,0.000223367,-1.27078e-10,-5.50146e-12,-6.34915e-13,15.8621,381.127,387.521,6.15,0,686.7,16.4997,16.7766,4.8,0,0.0792509,1.90421,1.93615,4.55,0,289.843,288.59,99857.7,1.19795,1014.52,0.0240276,0.0167407,0.0123743,1648.07,1748.89,0.0103296,94.235,100.823,287.633,-1.3254,2.93447,0.15834,3.2238,3.17342e-14,-8.01145e-15,3.2238,6.24697,335.672,114.307,2.81528,-9999,0.341761,0.462552,248.154,0.0179636,-1.22359,-0.0337854,0,65.7577,-9.97898,22.5725,56.2087,85.7218,120.226,180.121,-0.138489,1.01034,-13.1107,1.02482,10.7008,1.07176,-0.650501,1.06417,0.241047,1.07176,0.0139355,1.08247,800000009,800010009,800000009,800000009,800000009,800000009,800010019,800010019,80000,80000,80,80,0,0,0,0,0,0,0,0.555339,0.253291,0.116473,0.00783128,3.72054,0.0471728,6.29396e-05,-0.0107877,-0.01563,0.00579178,0.000334836,15.3827,665.09
A20152022100.slt,2015-07-21,21:30,202.896,1,36000,36000,-0.125792,5,-13.8088,5,8.2152,5,0.60945,5,0.185049,5,0.0144283,5,-0.132638,0.748807,0.0222398,0.016867,0.000106507,-7.11947e-12,-3.10832e-13,-3.557e-14,15.8735,381.323,387.778,3.05,0,693.027,16.6483,16.9301,5.25,0,0.0793065,1.90514,1.9374,4.35,0,289.881,288.55,99864.7,1.19813,1014.61,0.0240226,0.0119912,0.0124883,1663.02,1744.41,0.0104232,95.3345,81.386,287.772,-1.33824,2.87187,0.153408,3.17207,-7.53894e-14,-4.48513e-16,3.17207,5.88248,335.006,114.985,2.77202,-9999,0.324022,0.417492,214.934,0.0207401,-1.68089,-0.0350575,0,65.3798,-9.92164,22.4428,55.8857,85.2292,119.535,179.086,-0.124502,1.01036,-13.0785,1.02481,7.64736,1.07425,0.571365,1.06666,0.172258,1.07425,0.0132956,1.0852,800000009,800010009,800000009,800000009,800000009,800000009,800010019,800010019,80000,80000,80,80,0,0,0,0,0,0,0,0.467905,0.260866,0.106213,0.00788501,3.74666,0.0517986,6.48194e-05,-0.0107587,0.0137257,0.00413809,0.000319395,15.3906,671.182
A20152022130.slt,2015-07-21,22:00,202.917,1,36000,36000,-0.139783,5,-14.5739,5,6.95424,5,1.31741,5,0.156632,5,0.0188113,5,-0.298589,-0.436086,0.149106,-0.00982207,-0.000433456,1.55568e-10,6.73352e-12,7.7302e-13,15.9366,382.635,389.079,3.75,0,689.793,16.5618,16.8407,5.2,0,0.0791895,1.90133,1.93335,4.25,1,289.767,288.46,99886.3,1.19881,1014.55,0.0240099,0.0101497,0.0124301,1654.74,1734.36,0.0103687,95.4097,79.613,287.695,-0.397218,2.92361,0.129861,2.95333,-5.1038e-14,9.76165e-15,2.95333,6.38231,355.542,97.7371,2.52016,-9999,0.34147,1.14658,238.385,0.0186998,-2.09569,-0.0350914,0,66.35,-10.0689,22.7758,56.715,86.494,121.309,181.743,-0.138448,1.00964,-13.9028,1.02313,6.82201,1.01938,1.30078,1.01278,0.153654,1.01938,0.0182829,1.0289,800000009,800010009,800000009,800000009,800000009,800000009,800010019,800010019,80000,80000,80,81,0,0,0,0,0,0,0,0.944487,1.2349,0.113777,0.0112532,3.87554,0.0490711,0.000119246,-0.0114309,0.0312316,0.00368921,0.00043897,15.4507,668.231
A20152022200.slt,2015-07-21,22:30,202.937,1,36000,36000,-0.0733988,1,-12.2672,1,15.2584,6,2.50354,1,0.343628,6,0.0424479,4,-0.40948,1.34313,0.193489,0.030248,0.00530922,5.73421e-11,2.51068e-12,2.90641e-13,16.0186,384.337,390.915,4.2,0,701.361,16.8279,17.1159,51.3,0,0.0811909,1.94803,1.98137,4.3,0,289.698,288.337,99913.0,1.19952,1014.7,0.0239932,0.0222671,0.0126385,1681.78,1720.67,0.0105363,97.7397,38.8916,287.946,1.48511,1.81673,0.0739986,2.34767,2.25594e-13,3.57972e-15,2.34767,5.53231,38.7721,50.7351,1.80627,-9999,0.247367,1.02744,107.691,0.0413941,-0.803963,-0.0407437,0,62.649,-9.50723,21.5054,53.5515,81.6694,114.542,171.605,-0.0727524,1.00889,-11.2422,1.02098,13.697,1.114,2.26086,1.10734,0.308464,1.114,0.0377669,1.12394,800000009,800010009,800000009,800000009,800000009,800000009,800010019,800110019,80000,80000,80,81,0,0,1,0,0,0,0,0.525103,1.46081,0.0689719,0.02353,4.56057,0.176334,0.00170814,-0.00923655,0.0542452,0.00740104,0.000906149,15.5237,679.636
A20152022230.slt,2015-07-21,23:00,202.958,1,36000,36000,-0.0960559,5,-10.9235,5,3.37694,5,3.47983,5,0.0760001,5,0.0303789,5,-2.29655,0.170596,0.309968,0.00383938,0.00589609,-4.03179e-11,-1.7564e-12,-2.08306e-13,16.172,387.057,393.695,4.2,0,704.512,16.8616,17.1508,18.75,0,0.0835542,1.99976,2.03406,4.3,0,288.984,287.647,99921.7,1.20249,1014.69,0.0239337,0.00492481,0.0126953,1685.29,1645.81,0.0105576,100.0,0.0,287.979,2.41228,0.984473,0.0821056,2.60673,6.72584e-14,-2.49307e-15,2.60673,6.14103,67.1043,22.2008,1.80497,-9999,0.282632,0.438875,180.394,0.0247111,-3.23475,-0.0316756,0,71.086,-10.7876,24.4015,60.7632,92.6678,129.968,194.716,-0.0952011,1.00898,-10.5744,1.02144,2.91443,1.1587,3.02082,1.15195,0.065591,1.1587,0.0259861,1.16905,800000009,800010009,800000009,800000009,800000009,800000009,800010019,800010019,80000,80000,80,81,0,0,0,0,0,0,0,0.527393,0.284711,0.0656477,0.0225549,4.16695,0.0544504,0.000198511,-0.00866642,0.0722993,0.00156984,0.000621943,15.6661,684.503
A20152022300.slt,2015-07-21,23:30,202.979,0,36000,36000,-0.0605218,5,-6.73941,5,-7.2392,5,2.54657,5,-0.162832,5,0.0216057,5,-1.93471,0.471265,0.211409,0.0106002,0.00282042,-1.66052e-10,-7.239e-12,-8.64378e-13,16.2855,388.907,395.615,4.5,0,709.963,16.9544,17.2468,33.5,0,0.0847737,2.02445,2.05937,4.15,0,288.524,287.067,99941.7,1.20511,1014.74,0.0238807,-0.0105515,0.0127935,1694.9,1585.12,0.010616,100.0,0.0,288.067,2.02974,1.24778,0.0750972,2.38378,-9.45605e-14,-1.01963e-14,2.38378,4.53798,58.3745,31.5811,1.80531,-9999,0.2241,0.227489,145.777,0.0305792,0.930961,-0.0245923,0,64.2525,-9.75057,22.0558,54.9221,83.7597,117.474,175.998,-0.0599988,1.00872,-7.02146,1.02069,-6.28897,1.1511,2.22497,1.14454,-0.141459,1.1511,0.0186072,1.16115,800000009,800010009,800000009,800000009,800000009,800000009,800010019,800010019,80000,80000,80,80,0,0,0,0,0,0,0,0.26911,0.132719,0.0531505,0.0214494,4.32761,0.0664665,0.000135413,-0.0057418,0.0531338,-0.00337812,0.000444352,16.1228,610.011
A20152022330.slt,2015-07-22,00:00,203.0,0,36000,36000,-0.0874142,5,-8.07475,5,-7.98735,5,3.25522,5,-0.179584,5,-0.0161971,7,-1.48117,0.590783,0.00530448,0.0132829,-0.00150109,-5.3776e-10,-2.36013e-11,-2.78083e-12,16.313,388.954,395.709,4.35,0,715.949,17.0705,17.3669,19.45,0,0.0843568,2.01133,2.04626,13.0,0,288.265,286.623,99944.3,1.20696,1014.78,0.0238431,-0.011637,0.0129014,1706.56,1540.07,0.0106892,100.0,0.0,288.173,1.19475,1.49057,0.0819175,1.91205,-5.61211e-13,-3.29651e-14,1.91205,4.64942,33.7288,51.2866,2.45546,-9999,0.269119,0.467326,210.717,0.0211552,1.01094,-0.0244973,0,82.5443,-12.5264,28.3348,70.5576,107.605,150.917,226.102,-0.086805,1.00702,-8.4288,1.01682,-7.30758,1.09302,2.99076,1.08842,-0.1643,1.09302,-0.0147236,1.10008,800000009,800010009,800000009,800000009,800000009,800000009,800010019,800110019,80000,80000,80,81,0,0,0,0,0,0,0,0.435361,0.458246,0.0410443,0.00532901,4.31368,0.0509012,0.000230946,-0.00688179,0.0713092,-0.00391743,-0.000351057,17.201,391.363
